Handle,Title,Option1 Name,Option1 Value,Variant SKU
ampolleta-alfaparfx13ml-azul-essential-oil-semillas-de-lino,AMPOLLETA ALFAPARFx13ml AZUL ESSENTIAL OIL SEMILLAS DE LINO,Title,Default Title,0000137
labial-pupax3-5ml-volume-600-natural-cor,LABIAL PUPAx3.5ml VOLUME 600 NATURAL COR,Title,Default Title,0000237
labial-pupax3-5ml-volume-305-pop-fuchsia,LABIAL PUPAx3.5ml VOLUME 305 POP FUCHSIA,Title,Default Title,0000241
decolorante-wellax400g-blondor,DECOLORANTE WELLAx400g BLONDOR,Title,Default Title,0000197
labial-pupax3-5ml-volume-402-rouge-noir,LABIAL PUPAx3.5ml VOLUME 402 ROUGE NOIR,Title,Default Title,0000244
labial-pupax3-5ml-volume-401-red-passion,LABIAL PUPAx3.5ml VOLUME 401 RED PASSION,Title,Default Title,0000243
labial-pupax3-5ml-volume-304-rasberry,LABIAL PUPAx3.5ml VOLUME 304 RASBERRY,Title,Default Title,0000245
labial-pupax3-5ml-volume-403-euphoria-re,LABIAL PUPAx3.5ml VOLUME 403 EUPHORIA RE,Title,Default Title,0000247
labial-pupax3-5g-im-303-flamboyant-orang,LABIAL PUPAx3.5g IM 303 FLAMBOYANT ORANG,Title,Default Title,0000248
labial-pupax3-5ml-volume-601-coral-blush,LABIAL PUPAx3.5ml VOLUME 601 CORAL BLUSH,Title,Default Title,0000246
labial-pupax3-5g-im-306-red-pop,LABIAL PUPAx3.5g IM 306 RED POP,Title,Default Title,0000249
labial-pupax3-5g-im-208-sunny-coral,LABIAL PUPAx3.5g IM 208 SUNNY CORAL,Title,Default Title,0000251
labial-pupax3-5g-im-209-hipnotic-coral,LABIAL PUPAx3.5g IM 209 HIPNOTIC CORAL,Title,Default Title,0000250
labial-pupax3-5g-im-302-sizzling-orange,LABIAL PUPAx3.5g IM 302 SIZZLING ORANGE,Title,Default Title,0000253
sombra-pupax4g-palette-001-smoky-black,SOMBRA PUPAx4g PALETTE 001 SMOKY BLACK,Title,Default Title,0000258
sombra-pupax8g-9-tonos-004-paleta,SOMBRA PUPAx8g 9 TONOS 004 PALETA,Title,Default Title,0000259
labial-liq-pupax4ml-im-matt-033-pop-cora,LABIAL LIQ PUPAx4ml IM MATT 033 POP CORA,Title,Default Title,0000262
labial-liq-pupax4ml-im-matt-051-divas-re,LABIAL LIQ PUPAx4ml IM MATT 051 DIVAS RE,Title,Default Title,0000261
labial-liq-pupax4ml-im-matt-073-vintage,LABIAL LIQ PUPAx4ml IM MATT 073 VINTAGE,Title,Default Title,0000260
labial-liq-pupax4ml-im-matt-050-fire-red,LABIAL LIQ PUPAx4ml IM MATT 050 FIRE RED,Title,Default Title,0000263
labial-liq-pupax5ml-miss-gloss-204,LABIAL LIQ PUPAx5ml MISS GLOSS 204,Title,Default Title,0000270
labial-liq-pupax5ml-miss-gloss-303,LABIAL LIQ PUPAx5ml MISS GLOSS 303,Title,Default Title,0000267
labial-liq-pupax5ml-miss-gloss-205,LABIAL LIQ PUPAx5ml MISS GLOSS 205,Title,Default Title,0000271
delineador-pupax2-5ml-vamp-200-brown,DELINEADOR PUPAx2.5ml VAMP 200 BROWN,Title,Default Title,0000277
delineador-pupax2-5ml-vamp-300-deep-blue,DELINEADOR PUPAx2.5ml VAMP 300 DEEP BLUE,Title,Default Title,0000278
rubor-pupax3-5g-104-luminoso,RUBOR PUPAx3.5g 104 LUMINOSO,Title,Default Title,0000282
pestanina-pupax9ml-vamp-200-chocolate,PESTANINA PUPAx9ml VAMP 200 CHOCOLATE,Title,Default Title,0000280
pestanina-pupax9ml-vamp-100-extrablack,PESTANINA PUPAx9ml VAMP 100 EXTRABLACK,Title,Default Title,0000281
base-pupax30ml-made-to-lask-020,BASE PUPAx30ml MADE TO LASK 020,Title,Default Title,0000290
lapiz-ojos-pupax1-4g-true-02-brown,LAPIZ OJOS PUPAx1.4g TRUE 02 BROWN,Title,Default Title,0000292
lapiz-ojos-pupax1-4g-true-03-blue,LAPIZ OJOS PUPAx1.4g TRUE 03 BLUE,Title,Default Title,0000293
lapiz-ojos-pupax1-2g-mult-61-platinum,LAPIZ OJOS PUPAx1.2g MULT 61 PLATINUM,Title,Default Title,0000295
lapiz-ojos-pupax1-2g-mult-57-petrol-blue,LAPIZ OJOS PUPAx1.2g MULT 57 PETROL BLUE,Title,Default Title,0000297
lapiz-ojos-pupax1-2g-mult-60-acinth-viol,LAPIZ OJOS PUPAx1.2g MULT 60 ACINTH VIOL,Title,Default Title,0000301
lapiz-ojos-pupax1-2g-mult-55-electric-bl,LAPIZ OJOS PUPAx1.2g MULT 55 ELECTRIC BL,Title,Default Title,0000303
lapiz-ojos-pupax1-2g-mult-09-deep-black,LAPIZ OJOS PUPAx1.2g MULT 09 DEEP BLACK,Title,Default Title,0000304
lapiz-ojos-pupax1-2g-mult-54-indigo-blue,LAPIZ OJOS PUPAx1.2g MULT 54 INDIGO BLUE,Title,Default Title,0000307
lapiz-ojos-pupax1-2g-mult-01-icy-white,LAPIZ OJOS PUPAx1.2g MULT 01 ICY WHITE,Title,Default Title,0000312
lapiz-ojos-pupax1-2g-mult-05-full-violet,LAPIZ OJOS PUPAx1.2g MULT 05 FULL VIOLET,Title,Default Title,0000308
lapiz-ojos-pupax1-2g-mult-53-midnight-bl,LAPIZ OJOS PUPAx1.2g MULT 53 MIDNIGHT BL,Title,Default Title,0000311
lapiz-ojos-pupax1-2g-mult-52-pencilbutte,LAPIZ OJOS PUPAx1.2g MULT 52 PENCILBUTTE,Title,Default Title,0000313
lapiz-lab-pupax1-2g-true-30-apricot,LAPIZ LAB PUPAx1.2g TRUE 30 APRICOT,Title,Default Title,0000319
lapiz-lab-pupax1-2g-true-32-strawberr,LAPIZ LAB PUPAx1.2g TRUE 32 STRAWBERR,Title,Default Title,0000317
delineador-pupax0-35g-400-blue-nigth,DELINEADOR PUPAx0.35g 400 BLUE NIGTH,Title,Default Title,0000321
delineador-pupax0-35g-401-electric-blue,DELINEADOR PUPAx0.35g 401 ELECTRIC BLUE,Title,Default Title,0000323
lapiz-lab-pupax1-2g-true-02-tea-rose,LAPIZ LAB PUPAx1.2g TRUE 02 TEA ROSE,Title,Default Title,0000320
delineador-pupax0-35g-300-deep-purple,DELINEADOR PUPAx0.35g 300 DEEP PURPLE,Title,Default Title,0000325
delineador-pupax0-35g-503-malaquite,DELINEADOR PUPAx0.35g 503 MALAQUITE,Title,Default Title,0000324
delineador-pupax0-35g-labios-200-glam,DELINEADOR PUPAx0.35g LABIOS 200 GLAM,Title,Default Title,0000326
delineador-pupax0-35g-labios-201-corals,DELINEADOR PUPAx0.35g LABIOS 201 CORALS,Title,Default Title,0000327
delineador-pupax0-35g-labios-100-nude,DELINEADOR PUPAx0.35g LABIOS 100 NUDE,Title,Default Title,0000330
delineador-pupax0-35g-labios-202-red-cor,DELINEADOR PUPAx0.35g LABIOS 202 RED COR,Title,Default Title,0000329
delineador-pupax0-35g-labios-103-rose,DELINEADOR PUPAx0.35g LABIOS 103 ROSE,Title,Default Title,0000331
delineador-pupax0-35g-labios-102-soft-ro,DELINEADOR PUPAx0.35g LABIOS 102 SOFT RO,Title,Default Title,0000332
delineador-pupax0-35g-labios-101-brown,DELINEADOR PUPAx0.35g LABIOS 101 BROWN,Title,Default Title,0000333
delineador-pupax0-35g-labios-401-shock-f,DELINEADOR PUPAx0.35g LABIOS 401 SHOCK F,Title,Default Title,0000339
delineador-pupax0-35g-labios-301-terra,DELINEADOR PUPAx0.35g LABIOS 301 TERRA,Title,Default Title,0000337
delineador-pupax0-35g-labios-300-red-pas,DELINEADOR PUPAx0.35g LABIOS 300 RED PAS,Title,Default Title,0000338
labial-liq-pupax4ml-im-matt-052-red-pass,LABIAL LIQ PUPAx4ml IM MATT 052 RED PASS,Title,Default Title,0000343
delineador-pupax0-35g-labios-400-fuchsia,DELINEADOR PUPAx0.35g LABIOS 400 FUCHSIA,Title,Default Title,0000341
primer-pupax4ml-occhi-01-nude-fixing,PRIMER PUPAx4ml OCCHI 01 NUDE FIXING,Title,Default Title,0000344
primer-pupax30ml-me-001-skin-types,PRIMER PUPAx30ml ME 001 SKIN TYPES,Title,Default Title,0000346
primer-pupax30ml-me-003-ant-redness,PRIMER PUPAx30ml ME 003 ANT REDNESS,Title,Default Title,0000347
primer-pupax4ml-occhi-001-nude-eye,PRIMER PUPAx4ml OCCHI 001 NUDE EYE,Title,Default Title,0000345
primer-pupax50ml-bbc-002-p-mix-gras,PRIMER PUPAx50ml BBC 002 P MIX/GRAS,Title,Default Title,0000349
primer-pupax30ml-me-004-sallow-skin,PRIMER PUPAx30ml ME 004 SALLOW SKIN,Title,Default Title,0000348
polvo-pupax10g-like-doll-003,POLVO PUPAx10g LIKE/DOLL 003,Title,Default Title,0000355
polvo-pupax10g-like-doll-004,POLVO PUPAx10g LIKE/DOLL 004,Title,Default Title,0000357
polvo-pupax11g-ext-matt-050-sand,POLVO PUPAx11g EXT/MATT 050 SAND,Title,Default Title,0000359
polvo-pupax11g-ext-matt-040-natural-beig,POLVO PUPAx11g EXT/MATT 040 NATURAL BEIG,Title,Default Title,0000358
polvo-pupax11g-ext-matt-060-golden-beige,POLVO PUPAx11g EXT/MATT 060 GOLDEN BEIGE,Title,Default Title,0000362
polvo-pupax11g-ext-matt-030-nude,POLVO PUPAx11g EXT/MATT 030 NUDE,Title,Default Title,0000360
polvo-pupax9g-luminys-06,POLVO PUPAx9g LUMINYS 06,Title,Default Title,0000364
polvo-pupax11g-ext-matt-070-sandy-brown,POLVO PUPAx11g EXT/MATT 070 SANDY BROWN,Title,Default Title,0000372
rubor-pupax9-5g-103-brown-rose,RUBOR PUPAx9.5g 103 BROWN ROSE,Title,Default Title,0000369
base-pupax30ml-no-transfer-02-light-beig,BASE PUPAx30ml NO TRANSFER 02 LIGHT BEIG,Title,Default Title,0000379
base-pupax30ml-no-transfer-03-medium-bei,BASE PUPAx30ml NO TRANSFER 03 MEDIUM BEI,Title,Default Title,0000382
base-pupax30ml-no-transfer-01-nude,BASE PUPAx30ml NO TRANSFER 01 NUDE,Title,Default Title,0000381
primer-guerlainx1-85g-labios-kisskiss,PRIMER GUERLAINx1.85g LABIOS KISSKISS,Title,Default Title,0000397
labial-liq-guerlainx6ml-l107-black-perfe,LABIAL LIQ GUERLAINx6ml L107 BLACK PERFE,Title,Default Title,0000386
labial-guerlainx3-5g-rouge-215,LABIAL GUERLAINx3.5g ROUGE 215,Title,Default Title,0000401
labial-guerlainx3-5g-575-lilac-moon,LABIAL GUERLAINx3.5g 575 LILAC MOON,Title,Default Title,0000413
labial-guerlainx3-5g-matte-m331-chilli-r,LABIAL GUERLAINx3.5g MATTE M331 CHILLI R,Title,Default Title,0000411
labial-guerlainx3-5g-344-sexy-coral,LABIAL GUERLAINx3.5g 344 SEXY CORAL,Title,Default Title,0000415
labial-guerlainx3-5g-328-red-hot,LABIAL GUERLAINx3.5g 328 RED HOT,Title,Default Title,0000417
labial-guerlainx3-5g-c-of-kis-361-excess,LABIAL GUERLAINx3.5g C/OF/KIS 361 EXCESS,Title,Default Title,0000420
base-guerlainx30ml-13-natural-rosy,BASE GUERLAINx30ml 13 NATURAL ROSY,Title,Default Title,0000423
polvo-guerlainx10g-00-clair-bronecador,POLVO GUERLAINx10g 00 CLAIR BRONECADOR,Title,Default Title,0000430
polvo-guerlainx20g-medium-suelto,POLVO GUERLAINx20g MEDIUM SUELTO,Title,Default Title,0000429
base-guerlainx30ml-04c-medium-cool,BASE GUERLAINx30ml 0,Title,Default Title,0000427
contorno-guerlainx10g-sun-trio-natural,CONTORNO GUERLAINx10g SUN TRIO NATURAL,Title,Default Title,0000432
contorno-guerlainx10g-sun-trio-clair,CONTORNO GUERLAINx10g SUN TRIO CLAIR,Title,Default Title,0000431
polvo-guerlainx8-5g-01n-very-light,POLVO GUERLAINx8.5g 01N VERY/LIGHT,Title,Default Title,0000435
labial-guerlainx3-5g-rouge-099-matte,LABIAL GUERLAINx3.5g ROUGE 099 MATTE,Title,Default Title,0000438
polvo-guerlainx20g-suelto-fonce-deep,POLVO GUERLAINx20g SUELTO FONCE DEEP,Title,Default Title,0000442
contorno-guerlainx10g-sun-trio-fonc-de,CONTORNO GUERLAINx10g SUN TRIO FONC/DE,Title,Default Title,0000444
polvo-guerlainx10g-00-light-cool,POLVO GUERLAINx10g 00 LIGHT COOL,Title,Default Title,0000445
labial-guerlainx3-5g-matte-m347-zesty-or,LABIAL GUERLAINx3.5g MATTE M347 ZESTY OR,Title,Default Title,0000446
base-guerlainx30ml-baby-glow-4-golden,BASE GUERLAINx30ml BABY GLOW 4 GOLDEN,Title,Default Title,0000450
sombra-diorx7g-767-inflame,SOMBRA DIORx7g 767 INFLAME,Title,Default Title,0000457
maq-cejas-diorx3-7ml-d-show-011-light,MAQ CEJAS DIORx3.7ml D/SHOW 011 LIGHT,Title,Default Title,0000459
delineador-diorx0-30g-d-show-092-pro-bla,DELINEADOR DIORx0.30g D/SHOW 092 PRO BLA,Title,Default Title,0000460
lapiz-ojos-diorx1-4g-d-show-009-white-kh,LAPIZ OJOS DIORx1.4g D/SHOW 009 WHITE KH,Title,Default Title,0000463
lapiz-cejas-diorx1-2g-093-noir-black,LAPIZ CEJAS DIORx1.2g 093 NOIR BLACK,Title,Default Title,0000461
delineador-diorx0-55ml-d-show-001-m-whit,DELINEADOR DIORx0.55ml D/SHOW 001 M/WHIT,Title,Default Title,0000464
delineador-diorx0-55ml-d-show-851-m-pink,DELINEADOR DIORx0.55ml D/SHOW 851 M/PINK,Title,Default Title,0000466
delineador-diorx0-55ml-d-show-351-pearly,DELINEADOR DIORx0.55ml D/SHOW 351 PEARLY,Title,Default Title,0000465
delineador-diorx0-2g-d-show-076-pearly-s,DELINEADOR DIORx0.2g D/SHOW 076 PEARLY S,Title,Default Title,0000468
pestanina-diorx11-5ml-d-show-258-catwalk,PESTANINA DIORx11.5m,Title,Default Title,0000469
pestanina-diorx10ml-d-show-268-navy-blue,PESTANINA DIORx10ml D/SHOW 268 NAVY BLUE,Title,Default Title,0000470
brocha-diorxund-teint-face-12,BROCHA DIORxund TEINT FACE 12,Title,Default Title,0000474
delineador-diorx1-1ml-labios-999,DELINEADOR DIORx1.1ml LABIOS 999,Title,Default Title,0000472
delineador-diorx1-1ml-labios-851-shock,DELINEADOR DIORx1.1ml LABIOS 851 SHOCK,Title,Default Title,0000471
labial-liq-diorx5-5ml-777-diorly,LABIAL LIQ DIORx5.5ml 777 DIORLY,Title,Default Title,0000481
labial-liq-diorx5-5ml-648-dior-pulse,LABIAL LIQ DIORx5.5ml 648 DIOR PULSE,Title,Default Title,0000479
labial-liq-diorx6ml-rouge-635-ecstase,LABIAL LIQ DIORx6ml ROUGE 635 ECSTASE,Title,Default Title,0000484
labial-liq-diorx6ml-rouge-999-bloom,LABIAL LIQ DIORx6ml ROUGE 999 BLOOM,Title,Default Title,0000487
labial-liq-diorx6ml-rouge-866-romantic,LABIAL LIQ DIORx6ml ROUGE 866 ROMANTIC,Title,Default Title,0000489
cera-capilar-schwarzkopfx100ml-mess-up,CERA CAPILAR SCHWARZKOPFx100ml MESS UP,Title,Default Title,0000490
labial-diorx3-2g-stick-744-party-red,LABIAL DIORx3.2g STICK 744 PARTY RED,Title,Default Title,0000496
labial-liq-diorx6ml-rouge-760-diorette,LABIAL LIQ DIORx6ml ROUGE 760 DIORETTE,Title,Default Title,0000492
labial-liq-diorx6ml-rouge-707-bliss,LABIAL LIQ DIORx6ml ROUGE 707 BLISS,Title,Default Title,0000491
labial-diorx3-2g-stick-877-turn-me-dior,LABIAL DIORx3.2g STICK 877 TURN ME DIOR,Title,Default Title,0000502
labial-diorx3-2g-stick-904-black-coffe,LABIAL DIORx3.2g STICK 904 BLACK COFFE,Title,Default Title,0000498
labial-diorx3-2g-stick-457-palm-beach,LABIAL DIORx3.2g STICK 457 PALM BEACH,Title,Default Title,0000503
base-diorx40ml-undercover-040-honey-beig,BASE DIORx40ml UNDERCOVER 040 HONEY BEIG,Title,Default Title,0000506
base-diorx40ml-undercover-021-linen,BASE DIORx40ml UNDERCOVER 021 LINEN,Title,Default Title,0000507
base-diorx30ml-4c-cool,BASE DIORx30ml 4C COOL,Title,Default Title,0000509
pincel-maq-diorxund-backstage-13-correct,PINCEL MAQ DIORxund BACKSTAGE 13 CORRECT,Title,Default Title,0000511
brocha-diorxund-backstage-16-rubor,BROCHA DIORxund BACKSTAGE 16 RUBOR,Title,Default Title,0000510
pincel-maq-diorxund-backstage-22-sombras,PINCEL MAQ DIORxund BACKSTAGE 22 SOMBRAS,Title,Default Title,0000513
labial-diorx3-2g-ul-rouge-325-ultra-tend,LABIAL DIORx3.2g UL/ROUGE 325 ULTRA TEND,Title,Default Title,0000517
pincel-maq-diorxund-backstage-23-sombras,PINCEL MAQ DIORxund BACKSTAGE 23 SOMBRAS,Title,Default Title,0000515
labial-diorx3-2g-ul-rouge-777-ultra-star,LABIAL DIORx3.2g UL/ROUGE 777 ULTRA STAR,Title,Default Title,0000521
labial-liq-lancomex8ml-matte-378-rose,LABIAL LIQ LANCOMEx8ml MATTE 378 ROSE,Title,Default Title,0000526
labial-liq-lancomex8ml-matte-181-entract,LABIAL LIQ LANCOMEx8ml MATTE 181 ENTRACT,Title,Default Title,0000527
labial-diorx3-2g-ul-rouge-770-ultra-love,LABIAL DIORx3.2g UL/ROUGE 770 ULTRA LOVE,Title,Default Title,0000523
labial-liq-lancomex8ml-matte-144-rouge-a,LABIAL LIQ LANCOMEx8ml MATTE 144 ROUGE A,Title,Default Title,0000529
labial-liq-lancomex8ml-matte-321-avec-st,LABIAL LIQ LANCOMEx8ml MATTE 321 AVEC ST,Title,Default Title,0000528
labial-lancomex3-4g-in-love-156b-madame,LABIAL LANCOMEx3.4g IN LOVE 156B MADAME,Title,Default Title,0000533
labial-lancomex3-4g-in-love-185n-rouge-v,LABIAL LANCOMEx3.4g IN LOVE 185N ROUGE V,Title,Default Title,0000534
labial-lancomex3-4g-rouge-400-framboise,LABIAL LANCOMEx3.4g ROUGE 400 FRAMBOISE,Title,Default Title,0000537
labial-lancomex3-4g-in-love-146b-miss-co,LABIAL LANCOMEx3.4g IN LOVE 146B MISS CO,Title,Default Title,0000536
labial-lancomex3-4g-rouge-401-crunchy-m,LABIAL LANCOMEx3.4g ROUGE 401 CRUNCHY M,Title,Default Title,0000538
labial-lancomex3-4g-rouge-402-rose-acidu,LABIAL LANCOMEx3.4g ROUGE 402 ROSE ACIDU,Title,Default Title,0000540
labial-lancomex3-4g-rouge-403-zeste-mand,LABIAL LANCOMEx3.4g ROUGE 403 ZESTE MAND,Title,Default Title,0000541
sombra-lancomex4g-hypnose-06-reflet-dam,SOMBRA LANCOMEx4g HYPNOSE 06 REFLET DAM,Title,Default Title,0000542
rubor-lancomex5-1g-subtil-03-sorbet-de-c,RUBOR LANCOMEx5.1g SUBTIL 03 SORBET DE C,Title,Default Title,0000547
rubor-lancomex5-1g-subtil-02-rose-sable,RUBOR LANCOMEx5.1g SUBTIL 02 ROSE SABLE,Title,Default Title,0000546
base-lancomex30ml-idole-05-beige-noisett,BASE LANCOMEx30ml IDOLE 05 BEIGE NOISETT,Title,Default Title,0000553
polvo-lancomex19g-d-finish-360-honey-iii,POLVO LANCOMEx19g D/FINISH 360 HONEY III,Title,Default Title,0000556
polvo-lancomex8-8g-b-tint-06-cannelle,POLVO LANCOMEx8.8g B/TINT 06 CANNELLE,Title,Default Title,0000557
polvo-lancomex8-8g-b-tint-02-abricot,POLVO LANCOMEx8.8g B/TINT 02 ABRICOT,Title,Default Title,0000558
polvo-lancomex15g-suelto-deep,POLVO LANCOMEx15g SUELTO DEEP,Title,Default Title,0000559
labial-lancomex3-4g-rou-matte-385-violet,LABIAL LANCOMEx3.4g ROU/MATTE 385 VIOLET,Title,Default Title,0000560
labial-lancomex3-4g-rou-sheer-325-impert,LABIAL LANCOMEx3.4g ROU/SHEER 325 IMPERT,Title,Default Title,0000561
lapiz-lab-lancomex1-2g-369-vermillon,LAPIZ LAB LANCOMEx1.2g 369 VERMILLON,Title,Default Title,0000564
pestanina-lancomex6ml-hypn-01-excessive,PESTANINA LANCOMEx6ml HYPN 01 EXCESSIVE,Title,Default Title,0000568
pestanina-lancomex6ml-hypn-01-noir-water,PESTANINA LANCOMEx6ml HYPN 01 NOIR WATER,Title,Default Title,0000567
pestanina-lancomex5-5ml-cils-booster-xl,PESTANINA LANCOMEx5.5ml CILS BOOSTER XL,Title,Default Title,0000573
pestanina-lancomex6-5ml-hypn-01-so-black,PESTANINA LANCOMEx6.5ml HYPN 01 SO BLACK,Title,Default Title,0000569
pestanina-lancomex8ml-idole-01-glossy-wa,PESTANINA LANCOMEx8ml IDOLE 01 GLOSSY WA,Title,Default Title,0000570
pestanina-lancomex10g-grandiose-01-noir,PESTANINA LANCOMEx10g GRANDIOSE 01 NOIR,Title,Default Title,0000574
labial-liq-clarinsx12ml-perfec-18-garnet,LABIAL LIQ CLARINSx1,Title,Default Title,0000576
labial-liq-clarinsx7ml-intense-01-nude,LABIAL LIQ CLARINSx7ml INTENSE 01 NUDE,Title,Default Title,0000578
labial-liq-clarinsx7ml-intense-05-pink,LABIAL LIQ CLARINSx7ml INTENSE 05 PINK,Title,Default Title,0000581
labial-liq-clarinsx7ml-intense-04-rosewo,LABIAL LIQ CLARINSx7ml INTENSE 04 ROSEWO,Title,Default Title,0000579
labial-liq-clarinsx7ml-intense-02-plum,LABIAL LIQ CLARINSx7ml INTENSE 02 PLUM,Title,Default Title,0000580
labial-liq-clarinsx7ml-shimmer-08-burgun,LABIAL LIQ CLARINSx7ml SHIMMER 08 BURGUN,Title,Default Title,0000582
labial-clarinsx3-5g-j-rouge-761v-spicy-c,LABIAL CLARINSx3.5g J/ROUGE 761V SPICY C,Title,Default Title,0000584
labial-clarinsx3-5g,LABIAL CLARINSx3.5g J/ROUGE 737 SPICY CI,Title,Default Title,0000583
primer-clarinsx30ml-sos-03-coral,PRIMER CLARINSx30ml SOS 03 CORAL,Title,Default Title,0000586
primer-clarinsx30ml-sos-02-peach,PRIMER CLARINSx30ml SOS 02 PEACH,Title,Default Title,0000591
corrector-clarinsx2ml-pinceau-04,CORRECTOR CLARINSx2ml PINCEAU 04,Title,Default Title,0000598
primer-clarinsx30ml-sos-05-lavender,PRIMER CLARINSx30ml SOS 05 LAVENDER,Title,Default Title,0000592
crema-fac-roche-posayx15ml-cont-pigment,CREMA FAC ROCHE/POSAYx15ml CONT PIGMENT,Title,Default Title,0000604
lapiz-ojos-clarinsx1-05g-khol-03-i-blue,LAPIZ OJOS CLARINSx1.05g KHOL 03 I/BLUE,Title,Default Title,0000603
lapiz-ojos-clarinsx1-05g-khol-01-carbon,LAPIZ OJOS CLARINSx1.05g KHOL 01 CARBON,Title,Default Title,0000600
balsamo-lab-roche-posayx7-5ml-cicapla,BALSAMO LAB ROCHE/POSAYx7.5ml CICAPLA,Title,Default Title,0000616
crema-fac-roche-posayx15ml-cont-hyalu-b5,CREMA FAC ROCHE/POSAYx15ml CONT HYALU B5,Title,Default Title,0000605
serum-fac-roche-posayx30ml-effaclar-u-co,SERUM FAC ROCHE/POSAYx30ml EFFACLAR U/CO,Title,Default Title,0000611
crema-fac-vichyx50ml-d-correccion,CREMA FAC VICHYx50ml D/CORRECCION,Title,Default Title,0000643
bloq-quimidermx60g-fac-w-sun-s-color,BLOQ QUIMIDERMx60g FAC W/SUN S/COLOR,Title,Default Title,0000654
gel-fac-quimidermx240ml-limp-espumoso,GEL FAC QUIMIDERMx240ml LIMP ESPUMOSO,Title,Default Title,0000649
despigmentante-quimidermx30g-melanostop,DESPIGMENTANTE QUIMIDERMx30g MELANOSTOP,Title,Default Title,0000653
gel-fac-quimidermx30g-ac-free-gel,GEL FAC QUIMIDERMx30g AC-FREE GEL,Title,Default Title,0000658
crema-fac-quimidermx30g-golden-vita-c,CREMA FAC QUIMIDERMx30g GOLDEN VITA C,Title,Default Title,0000657
gel-fac-quimidermx50g-anti-edad-aquaprot,GEL FAC QUIMIDERMx50g ANTI-EDAD AQUAPROT,Title,Default Title,0000659
exfol-fac-eucerinx102g-dermo-pure,EXFOL FAC EUCERINx102g DERMO PURE,Title,Default Title,0000660
gel-fac-eucerinx200ml-limp-dermo-pure,GEL FAC EUCERINx200ml LIMP DERMO PURE,Title,Default Title,0000661
serum-fac-eucerinx30ml-3d-manchas-arruga,SERUM FAC EUCERINx30ml 3D MANCHAS/ARRUGA,Title,Default Title,0000662
crema-fac-eucerinx50ml-noche-elasticity,CREMA FAC EUCERINx50ml NOCHE +ELASTICITY,Title,Default Title,0000665
gel-fac-eucerinx30g-gel-u-light-hyalu,GEL FAC EUCERINx30g GEL U/LIGHT HYALU,Title,Default Title,0000663
crema-fac-eucerinx50ml-noche-3x-effect,CREMA FAC EUCERINx50ml NOCHE +3X EFFECT,Title,Default Title,0000667
crema-fac-eucerinx15ml-contorno-fps16,CREMA FAC EUCERINx15ml CONTORNO FPS16,Title,Default Title,0000666
crema-fac-eucerinx50ml-dia-fps16,CREMA FAC EUCERINx50ml DIA FPS16,Title,Default Title,0000668
protec-labial-eucerinx4-8g-ph5-fps21,PROTEC LABIAL EUCERINx4.8g PH5 FPS21,Title,Default Title,0000671
serum-fac-eucerinx30ml-anti-pigment,SERUM FAC EUCERINx30ml ANTI-PIGMENT,Title,Default Title,0000669
crema-fac-eucerinx50ml-anti-pigment,CREMA FAC EUCERINx50ml ANTI-PIGMENT,Title,Default Title,0000670
protec-labial-eucerinx10ml-aquaphor-sos,PROTEC LABIAL EUCERINx10ml AQUAPHOR SOS,Title,Default Title,0000672
pomada-corp-eucerinx49g-aquaphor-reparad,POMADA CORP EUCERINx49g AQUAPHOR REPARAD,Title,Default Title,0000675
crema-fac-eucerinx150ml-spray-ac-hialur,CREMA FAC EUCERINx150ml SPRAY AC/HIALUR,Title,Default Title,0000673
emulsion-lorealx1000ml-richesse,EMULSION LOREALx1000ml RICHESSE,Title,Default Title,0000680
jabon-int-eucerinx250ml-p-sensible,JABON INT EUCERINx250ml P/SENSIBLE,Title,Default Title,0000685
gel-corp-curcubidx100g-emulgel-curcuma,GEL CORP CURCUBIDx100g EMULGEL CURCUMA,Title,Default Title,0000690
repelente-zimpikx110ml-toda-familia,REPELENTE ZIMPIKx110ml TODA/FAMILIA,Title,Default Title,0000691
jabon-int-lipiel-femx300ml-extr-bardana,JABON INT LIPIEL FEMx300ml EXTR/BARDANA,Title,Default Title,0000696
jabon-fac-lipielx220ml-syndet-t-crema,JABON FAC LIPIELx220ml SYNDET T/CREMA,Title,Default Title,0000697
shamp-octodirx220ml-plus-anticaspa,SHAMP OCTODIRx220ml PLUS ANTICASPA,Title,Default Title,0000700
tonico-fac-novafreshx160ml-seborregulad,TONICO FAC NOVAFRESHx160ml SEBORREGULAD,Title,Default Title,0000701
crema-fac-novader-kx30g-clarificante,CREMA FAC NOVADER-Kx30g CLARIFICANTE,Title,Default Title,0000702
exfol-fac-lipielx120ml-scrub,EXFOL FAC LIPIELx120ml SCRUB,Title,Default Title,0000705
despigmentante-neomelanx30g-ultra,DESPIGMENTANTE NEOMELANx30g ULTRA,Title,Default Title,0000703
shamp-avemelx200ml-anti-caspa,SHAMP AVEMELx200ml ANTI-CASPA,Title,Default Title,0000709
crema-fac-acuanovax30g-face-emulsion,CREMA FAC ACUANOVAx30g FACE EMULSION,Title,Default Title,0000708
polvo-sunaidx35g-sueltos-piel-clara,POLVO SUNAIDx35g SUELTOS PIEL CLARA,Title,Default Title,0000719
polvo-sunaidx12g-compacto-piel-clara,POLVO SUNAIDx12g COMPACTO PIEL CLARA,Title,Default Title,0000721
polvo-sunaidx35g-sueltos-piel-oscura,POLVO SUNAIDx35g SUELTOS PIEL OSCURA,Title,Default Title,0000720
polvo-sunaidx12g-compacto-piel-oscura,POLVO SUNAIDx12g COMPACTO PIEL OSCURA,Title,Default Title,0000722
serum-fac-neoretinx30ml-despigmentante,SERUM FAC NEORETINx30ml DESPIGMENTANTE,Title,Default Title,0000731
crema-corp-uriagex50ml-eau-manos,CREMA CORP URIAGEx50ml EAU MANOS,Title,Default Title,0000740
exfol-fac-uriagex50ml-gel-p-norm-se,EXFOL FAC URIAGEx50ml GEL P NORM/SE,Title,Default Title,0000741
crema-corp-uriagex500ml-lavante,CREMA CORP URIAGEx500ml LAVANTE,Title,Default Title,0000739
crema-fac-uriagex40ml-eau-water-cream,CREMA FAC URIAGEx40ml EAU WATER CREAM,Title,Default Title,0000745
desod-uriagex50ml-eau-puissance,DESOD URIAGEx50ml EAU PUISSANCE,Title,Default Title,0000744
crema-fac-uriagex40ml-bariederm-cica-cre,CREMA FAC URIAGEx40ml BARIEDERM CICA-CRE,Title,Default Title,0000748
emulsion-wellax1000ml-touch-vol-6-1-9,EMULSION WELLAx1000ml TOUCH VOL 6 1.9%,Title,Default Title,0000750
gel-fac-uriagex40ml-gel-daily,GEL FAC URIAGEx40ml GEL DAILY,Title,Default Title,0000749
crema-fac-genovex30ml-f-base-rederm,CREMA FAC GENOVEx30ml F/BASE REDERM,Title,Default Title,0000751
serum-fac-endocarex30ml-radiance-c-ferul,SERUM FAC ENDOCAREx30ml RADIANCE C FERUL,Title,Default Title,0000767
crema-fac-endocarex15ml-cont-radiance-tt,CREMA FAC ENDOCAREx15ml CONT RADIANCE TT,Title,Default Title,0000768
crema-fac-endocarex15ml-cont-tensage-ttp,CREMA FAC ENDOCAREx15ml CONT TENSAGE TTP,Title,Default Title,0000770
espuma-fac-endocarex125ml-aquafoam-ttp,ESPUMA FAC ENDOCAREx125ml AQUAFOAM TTP,Title,Default Title,0000769
espuma-capilar-schwarzkopfx200ml-grip-osis,ESPUMA CAPILAR SCHWARZKOPFx200ml GRIP OSIS,Title,Default Title,0000789
gel-facial-sandetx250ml-limp-tt-piel,GEL FACIAL SANDETx250ml LIMP TT/PIEL,Title,Default Title,0000776
leche-corp-sesdermax400ml-hidraderm-trx,LECHE CORP SESDERMAx400ml HIDRADERM TRX,Title,Default Title,0000792
gel-fac-sesdermax50ml-sebovals,GEL FAC SESDERMAx50ml SEBOVALS,Title,Default Title,0000803
ampolleta-fac-sesdermax10undx1-5ml-daese,AMPOLLETA FAC SESDERMAx10undx1.5ml DAESE,Title,Default Title,0000822
serum-fac-sesdermax30ml-repaskin-mender,SERUM FAC SESDERMAx30ml REPASKIN MENDER,Title,Default Title,0000834
serum-fac-sesdermax30ml-hidrad-clarifica,SERUM FAC SESDERMAx30ml HIDRAD CLARIFICA,Title,Default Title,0000846
crema-fac-sesdermax50ml-cremarad-hyal-cr,CREMA FAC SESDERMAx50ml CREMARAD/HYAL CR,Title,Default Title,0000860
crema-fac-sesdermax50ml-cremarad-trx-cr,CREMA FAC SESDERMAx50ml CREMARAD/TRX CR/,Title,Default Title,0000864
crema-fac-isdinx15g-contorno-vital-eyes,CREMA FAC ISDINx15g CONTORNO VITAL EYES,Title,Default Title,0000886
crema-fac-isdinx50ml-nutradeica-ds-g-c,CREMA FAC ISDINx50ml NUTRADEICA DS G/C,Title,Default Title,0000890
gel-bano-isdinx400ml-n-topic-ext-suave,GEL BANO ISDINx400ml N/TOPIC EXT SUAVE,Title,Default Title,0000902
shamp-isdinx200ml-nutradeica-anticaspa,SHAMP ISDINx200ml NUTRADEICA ANTICASPA,Title,Default Title,0000905
laca-schwarzkopfx500ml-osis-session,LACA SCHWARZKOPFx500ml OSIS SESSION,Title,Default Title,0000916
brocha-beterxund-32-yachiyo-blush,BROCHA BETERxund 32 YACHIYO BLUSH,Title,Default Title,0000937
brocha-beterxund-45-large-powder,BROCHA BETERxund 45 LARGE POWDER,Title,Default Title,0000938
gel-bano-clarinsx200ml-tonic-b-plantes,GEL BANO CLARINSx200ml TONIC B/PLANTES,Title,Default Title,0001004
pincel-maq-beterxund-11-eyeliner,PINCEL MAQ BETERxund 11 EYELINER,Title,Default Title,0000940
desmaq-clarinsx125ml-gel-marula-oil,DESMAQ CLARINSx125ml GEL MARULA OIL,Title,Default Title,0001008
desmaq-clarinsx200ml-orange-extract,DESMAQ CLARINSx200ml ORANGE EXTRACT,Title,Default Title,0001007
exfol-fac-clarinsx125ml-with-orange,EXFOL FAC CLARINSx125ml WITH ORANGE,Title,Default Title,0001006
tonico-fac-clarinsx200ml-nettoyante-ment,TONICO FAC CLARINSx200ml NETTOYANTE MENT,Title,Default Title,0001012
tonico-fac-clarinsx200ml-purifying-meado,TONICO FAC CLARINSx200ml PURIFYING MEADO,Title,Default Title,0001010
gel-fac-clarinsx30ml-gel-anti-rougeur,GEL FAC CLARINSx30ml GEL ANTI-ROUGEUR,Title,Default Title,0001014
gel-fac-clarinsx50ml,GEL FAC CLARINSx50ml RE-BOOST,Title,Default Title,0001019
masc-fac-clarinsx75ml-sos-hydra,MASC FAC CLARINSx75ml SOS HYDRA,Title,Default Title,0001024
serum-fac-clarinsx30ml-m-perfection-a-ma,SERUM FAC CLARINSx30ml M/PERFECTION A-MA,Title,Default Title,0001037
serum-fac-clarinsx30ml-super-restorative,SERUM FAC CLARINSx30ml SUPER RESTORATIVE,Title,Default Title,0001043
oxigenta-wellax1000ml-vol-30-9,OXIGENTA WELLAx1000ml VOL 30 9%,Title,Default Title,0001045
serum-fac-clarinsx20ml-men-contorno,SERUM FAC CLARINSx20ml MEN CONTORNO,Title,Default Title,0001058
exfol-fac-lancomex100ml-rose-sugar,EXFOL FAC LANCOMEx100ml ROSE SUGAR,Title,Default Title,0001076
masc-fac-lancomex75ml-exfoliating-mas,MASC FAC LANCOMEx75ml EXFOLIATING MAS,Title,Default Title,0001077
serum-fac-lancomex50ml-visionnaire,SERUM FAC LANCOMEx50ml VISIONNAIRE,Title,Default Title,0001075
masc-fac-lancomex75ml-sleeping-mask,MASC FAC LANCOMEx75ml SLEEPING MASK,Title,Default Title,0001079
serum-fac-lancomex30ml-visionnaire-cresc,SERUM FAC LANCOMEx30ml VISIONNAIRE CRESC,Title,Default Title,0001082
crema-fac-guerlainx15ml-cont-orchidee-im,CREMA FAC GUERLAINx15ml CONT ORCHIDEE IM,Title,Default Title,0001084
gel-fac-guerlainx30ml-matif-super-aqua,GEL FAC GUERLAINx30ml MATIF SUPER AQUA,Title,Default Title,0001083
serum-fac-guerlainx30ml-super-aqua-serum,SERUM FAC GUERLAINx30ml SUPER AQUA-SERUM,Title,Default Title,0001086
serum-fac-guerlainx15ml-abeille-royale,SERUM FAC GUERLAINx15ml ABEILLE ROYALE,Title,Default Title,0001085
serum-fac-guerlainx30ml-orchidee-imperia,SERUM FAC GUERLAINx30ml ORCHIDEE IMPERIA,Title,Default Title,0001087
serum-fac-givenchyx30ml-le-soin-noir,SERUM FAC GIVENCHYx30ml LE SOIN NOIR,Title,Default Title,0001091
extracto-ilminx30ml-piete,EXTRACTO ILMINx30ml PIETE,Title,Default Title,0001098
extracto-ilminx30ml-dolce,EXTRACTO ILMINx30ml DOLCE,Title,Default Title,0001095
masc-fac-givenchyx75ml-hydra-sparklin,MASC FAC GIVENCHYx75ml HYDRA SPARKLIN,Title,Default Title,0001092
extracto-ilminx30ml-benjua,EXTRACTO ILMINx30ml BENJUA,Title,Default Title,0001103
extracto-ilminx30ml-rojo,EXTRACTO ILMINx30ml ROJO,Title,Default Title,0001102
extracto-ilminx30ml-orange,EXTRACTO ILMINx30ml ORANGE,Title,Default Title,0001099
extracto-ilminx30ml-sont,EXTRACTO ILMINx30ml,Title,Default Title,0001111
extracto-ilminx30ml-kakuno,EXTRACTO ILMINx30ml,Title,Default Title,0001109
extracto-ilminx30ml-palazzo,EXTRACTO ILMINx30ml PALAZZO,Title,Default Title,0001105
extracto-ilminx30ml-erotique,EXTRACTO ILMINx30ml EROTIQUE,Title,Default Title,0001115
extracto-ilminx30ml-sexuel,EXTRACTO ILMINx30ml SEXUEL,Title,Default Title,0001113
extracto-ilminx30ml-azzurro,EXTRACTO ILMINx30ml AZZURRO,Title,Default Title,0001121
extracto-ilminx30ml-ethernal,EXTRACTO ILMINx30ml ETHERNAL,Title,Default Title,0001123
agua-perfume-guerlainx100ml-robe-sous,AGUA PERFUME GUERLAINx100ml ROBE SOUS,Title,Default Title,0001186
agua-tocador-issey-miyakex100ml-majeure,AGUA TOCADOR ISSEY M,Title,Default Title,0001238
agua-tocador-lacostex100ml-lhomme,AGUA TOCADOR LACOSTEx100ml LHOMME,Title,Default Title,0001435
agua-tocador-tousx100ml-kids-boy,AGUA TOCADOR TOUSx100ml KIDS BOY,Title,Default Title,0001474
agua-tocador-c-hx100ml-212-men-sexy,AGUA TOCADOR C.Hx100ml 212 MEN SEXY,Title,Default Title,0001505
perfume-p-rabannex50ml-1-million,PERFUME P/RABANNEx50ml 1 MILLION,Title,Default Title,0001504
agua-tocador-p-rabannex50ml-black-xs,AGUA TOCADOR P/RABANNEx50ml BLACK XS,Title,Default Title,0001499
agua-tocador-montblancx100ml-legend-spir,AGUA TOCADOR MONTBLANCx100ml LEGEND SPIR,Title,Default Title,0001548
agua-tocador-muglerx100ml-alien-man,AGUA TOCADOR MUGLERx100ml ALIEN MAN,Title,Default Title,0001557
gel-fac-uriagex40ml-gel-water-jelly,GEL FAC URIAGEx40ml GEL WATER JELLY,Title,Default Title,0001559
balsamo-lab-uriagex15ml-bariederm-cic,BALSAMO LAB URIAGEx15ml BARIEDERM-CIC,Title,Default Title,0001561
desmaq-uriagex100ml-waterproof-eye-sensi,DESMAQ URIAGEx100ml WATERPROOF EYE SENSI,Title,Default Title,0001562
gel-bano-uriagex500ml-surgras-dermatolo,GEL BANO URIAGEx500ml SURGRAS DERMATOLO,Title,Default Title,0001564
shamp-uriagex200ml-ds-hair-equilibrant,SHAMP URIAGEx200ml DS HAIR EQUILIBRANT,Title,Default Title,0001565
agua-tocador-adolfo-dx120ml-agua-f-rosas,AGUA TOCADOR ADOLFO/Dx120ml AGUA F ROSAS,Title,Default Title,0001640
masc-cap-phytox150ml-joba,MASC CAP PHYTOx150ml JOBA,Title,Default Title,0001715
masc-cap-phytox200ml-p-millesime,MASC CAP PHYTOx200ml P/MILLESIME,Title,Default Title,0001717
masc-cap-phytox200ml-p-keratine-extr,MASC CAP PHYTOx200ml P/KERATINE EXTR,Title,Default Title,0001718
masc-cap-phytox150ml-volume,MASC CAP PHYTOx150ml VOLUME,Title,Default Title,0001716
tonico-cap-phytox150ml-detox-spray,TONICO CAP PHYTOx150ml DETOX SPRAY,Title,Default Title,0001720
serum-cap-phytox25ml-p-pollein-elixir,SERUM CAP PHYTOx25ml P/POLLEIN ELIXIR,Title,Default Title,0001724
shamp-phytox100ml-pre-p-millesime,SHAMP PHYTOx100ml PRE P/MILLESIME,Title,Default Title,0001726
tinte-phytoxund-kit-3-dark-brown,TINTE PHYTOxund KIT 3 DARK BROWN,Title,Default Title,0001728
tinte-phytoxund-kit-7-3-golden-blonde,TINTE PHYTOxund KIT 7.3 GOLDEN BLONDE,Title,Default Title,0001734
tinte-phytoxund-kit-9-very-light-blonde,TINTE PHYTOxund KIT 9 VERY LIGHT BLONDE,Title,Default Title,0001740
tinte-phytoxund-kit-4-brown,TINTE PHYTOxund KIT 4 BROWN,Title,Default Title,0001729
trata-cap-phytox150ml-spray-p-milles,TRATA CAP PHYTOx150ml SPRAY P/MILLES,Title,Default Title,0001741
espuma-cap-moroccanoilx250ml-mousse-volu,ESPUMA CAP MOROCCANOILx250ml MOUSSE VOLU,Title,Default Title,0001743
laca-moroccanoilx330ml-strong,LACA MOROCCANOILx330ml STRONG,Title,Default Title,0001742
gel-cap-moroccanoilx180ml-strong,GEL CAP MOROCCANOILx180ml STRONG,Title,Default Title,0001745
trata-cap-moroccanoilx160ml-desenredante-color-care-spray,TRATA CAP MOROCCANOILx160ml DESENREDANTE  COLOR CARE SPRAY,Title,Default Title,0001746
laca-moroccanoilx250ml-voluminiza,LACA MOROCCANOILx250ml VOLUMINIZA,Title,Default Title,0001747
serum-cap-moroccanoilx75ml-infusion-repa,SERUM CAP MOROCCANOILx75ml INFUSION REPA,Title,Default Title,0001750
termoprotector-moroccanoilx225ml-p-defen,TERMOPROTECTOR MOROCCANOILx225ml P/DEFEN,Title,Default Title,0001748
masc-cap-moroccanoil,MASC CAP MOROCCANOILx200ml MAT BORDE,Title,Default Title,0001753
masc-cap-moroccanoilx200ml-mat-hibis,MASC CAP MOROCCANOILx200ml MAT HIBIS,Title,Default Title,0001752
shamp-moroccanoilx250ml-volume,SHAMP MOROCCANOILx250ml VOLUME,Title,Default Title,0001761
masc-cap-moroccanoilx75ml-hydration,MASC CAP MOROCCANOILx75ml HYDRATION,Title,Default Title,0001765
masc-cap-moroccanoilx250ml-h-intensi,MASC CAP MOROCCANOILx250ml H/INTENSI,Title,Default Title,0001766
tonico-cap-moroccanoilx100ml-locion-volu,TONICO CAP MOROCCANOILx100ml LOCION VOLU,Title,Default Title,0001769
shamp-moroccanoilx1000ml-smooth,SHAMP MOROCCANOILx1000ml SMOOTH,Title,Default Title,0001778
tinte-wellax60ml-color-perfect-2-0-negro,TINTE WELLAx60ml COLOR PERFECT 2.0 NEGRO,Title,Default Title,0001779
shamp-moroccanoilx1000ml-repair,SHAMP MOROCCANOILx1000ml REPAIR,Title,Default Title,0001780
shamp-moroccanoilx1000ml-matizante-col,SHAMP MOROCCANOILx1000ml MATIZANTE COL,Title,Default Title,0001782
tinte-wellax60ml-color-touch-2-0-negro,TINTE WELLAx60ml COLOR TOUCH 2.0 NEGRO,Title,Default Title,0001781
shamp-moroccanoilx1000ml-hydration,SHAMP MOROCCANOILx1000ml HYDRATION,Title,Default Title,0001786
shamp-moroccanoilx1000ml-clarify,SHAMP MOROCCANOILx1000ml CLARIFY,Title,Default Title,0001784
acond-moroccanoilx1000ml-curl,ACOND MOROCCANOILx1000ml CURL,Title,Default Title,0001790
acond-moroccanoilx1000ml-repair,ACOND MOROCCANOILx1000ml REPAIR,Title,Default Title,0001793
masc-cap-moroccanoilx500ml-repair,MASC CAP MOROCCANOILx500ml REPAIR,Title,Default Title,0001794
masc-cap-moroccanoilx500ml-hydration,MASC CAP MOROCCANOILx500ml HYDRATION,Title,Default Title,0001795
shamp-wellax250ml-invigo-aqua-pure,SHAMP WELLAx250ml INVIGO AQUA PURE,Title,Default Title,0001802
serum-cap-moroccanoilx200ml-light,SERUM CAP MOROCCANOILx200ml LIGHT,Title,Default Title,0001796
serum-cap-moroccanoilx200ml-normal,SERUM CAP MOROCCANOILx200ml NORMAL,Title,Default Title,0001797
shamp-wellax250ml-invigo-refresh-wash,SHAMP WELLAx250ml INVIGO REFRESH WASH,Title,Default Title,0001803
shamp-wellax200ml-sp-luxeoil,SHAMP WELLAx200ml SP LUXEOIL,Title,Default Title,0001806
masc-cap-wellax150ml-sp-luxeoil,MASC CAP WELLAx150ml SP LUXEOIL,Title,Default Title,0001807
shamp-wellax250ml-nutricurls-lightweig,SHAMP WELLAx250ml NUTRICURLS LIGHTWEIG,Title,Default Title,0001808
masc-cap-wellax150ml-nutricurls-inte,MASC CAP WELLAx150ml,Title,Default Title,0001816
shamp-wellax1000ml-invigo-color-brilli,SHAMP WELLAx1000ml INVIGO COLOR BRILLI,Title,Default Title,0001819
shamp-wellax1000ml-invigo-nutri-enrich,SHAMP WELLAx1000ml INVIGO NUTRI ENRICH,Title,Default Title,0001817
shamp-wellax1000ml-fusion-int-repair,SHAMP WELLAx1000ml FUSION INT/REPAIR,Title,Default Title,0001822
shamp-wellax1000ml-oil-reflect-brillo,SHAMP WELLAx1000ml OIL/REFLECT BRILLO,Title,Default Title,0001824
acond-wellax1000ml-invigo-nutri-enrich,ACOND WELLAx1000ml INVIGO NUTRI ENRICH,Title,Default Title,0001825
acond-wellax1000ml-fusion-int-repair,ACOND WELLAx1000ml FUSION INT/REPAIR,Title,Default Title,0001826
acond-wellax1000ml-invigo-color-brillanc,ACOND WELLAx1000ml INVIGO COLOR BRILLANC,Title,Default Title,0001827
masc-cap-wellax500ml-invigo-color-b,MASC CAP WELLAx500ml,Title,Default Title,0001830
masc-cap-wellax500ml-invigo-nutri-e,MASC CAP WELLAx500ml INVIGO NUTRI E,Title,Default Title,0001829
masc-cap-wellax500ml-oil-reflect-bri,MASC CAP WELLAx500ml OIL/REFLECT BRI,Title,Default Title,0001831
masc-cap-wellax500ml-fusion-int-repa,MASC CAP WELLAx500ml FUSION INT/REPA,Title,Default Title,0001832
serum-cap-nioxinx70ml-night-density-resc,SERUM CAP NIOXINx70ml NIGHT DENSITY RESC,Title,Default Title,0001833
trata-cap-nioxinx150ml-3d-intensive,TRATA CAP NIOXINx150ml 3D INTENSIVE,Title,Default Title,0001834
masc-cap-wellax500ml-c-motion,MASC CAP WELLAx500ml C/MOTION,Title,Default Title,0001835
trata-cap-sebastianx500ml-hydre,TRATA CAP SEBASTIANx500ml HYDRE,Title,Default Title,0001844
laca-sebastianx400ml-shaper-fierc,LACA SEBASTIANx400ml SHAPER FIERC,Title,Default Title,0001847
laca-sebastianx400ml-re-shaper,LACA SEBASTIANx400ml RE-SHAPER,Title,Default Title,0001848
laca-wellax300ml-super-set,LACA WELLAx300ml SUPER SET,Title,Default Title,0001849
laca-wellax300ml-shape-control,LACA WELLAx300ml SHAPE CONTROL,Title,Default Title,0001850
kit-cap-nioxinx3und,KIT CAP NIOXINx3und,Title,Default Title,0001853
kit-cap-nioxinx3und-4-sh-acon-tratx700ml,KIT CAP NIOXINx3und 4 SH+ACON+TRATx700ml,Title,Default Title,0001856
serum-cap-kerastasex90ml-nutritive-8h-ma,SERUM CAP KERASTASEx90ml NUTRITIVE 8H MA,Title,Default Title,0001866
serum-cap-kerastasex90ml-b-absolu-cicanu,SERUM CAP KERASTASEx90ml B/ABSOLU CICANU,Title,Default Title,0001860
serum-cap-kerastasex150ml-b-cicaplasme,SERUM CAP KERASTASEx150ml B/CICAPLASME,Title,Default Title,0001867
termoprotector-kerastasex150ml-chronolog,TERMOPROTECTOR KERASTASEx150ml CHRONOLOG,Title,Default Title,0001871
perfume-cap-kerastasex100ml-chronologist,PERFUME CAP KERASTASEx100ml CHRONOLOGIST,Title,Default Title,0001869
shamp-kerastasex250ml-b-absolu-u-viole,SHAMP KERASTASEx250ml B/ABSOLU U-VIOLE,Title,Default Title,0001875
termoprotector-kerastase-150ml-nutr-nect,TERMOPROTECTOR KERASTASE*150ml NUTR NECT,Title,Default Title,0001873
shamp-kerastasex250ml-b-absolu-lumiere,SHAMP KERASTASEx250ml B/ABSOLU LUMIERE,Title,Default Title,0001877
shamp-kerastasex250ml-chronologiste-re,SHAMP KERASTASEx250ml CHRONOLOGISTE RE,Title,Default Title,0001881
shamp-kerastasex250ml-e-ultime-riche,SHAMP KERASTASEx250ml E/ULTIME RICHE,Title,Default Title,0001880
serum-cap-kerastasex30ml-resistance-ther,SERUM CAP KERASTASEx30ml RESISTANCE THER,Title,Default Title,0001886
termoprotector-keras,TERMOPROTECTOR KERASTASEx150ml RESIS CIM,Title,Default Title,0001887
termoprotector-kerastasex150ml-disc-flui,TERMOPROTECTOR KERASTASEx150ml DISC FLUI,Title,Default Title,0001891
termoprotector-kerastasex150ml-resis-ext,TERMOPROTECTOR KERASTASEx150ml RESIS EXT,Title,Default Title,0001890
ampolleta-cap-kerastasex10undx6ml-genesi,AMPOLLETA CAP KERASTASEx10undx6ml GENESI,Title,Default Title,0001896
termoprotector-kerastasex150ml-genes-def,TERMOPROTECTOR KERASTASEx150ml GENES DEF,Title,Default Title,0001892
shamp-kerastasex250ml-resistance-force,SHAMP KERASTASEx250ml RESISTANCE FORCE,Title,Default Title,0001900
shamp-kerastasex250ml-disc-oleo-relax,SHAMP KERASTASEx250ml DISC OLEO RELAX,Title,Default Title,0001907
shamp-kerastasex250ml-resistance-exten,SHAMP KERASTASEx250ml RESISTANCE EXTEN,Title,Default Title,0001901
shamp-kerastasex250ml-resistance-thera,SHAMP KERASTASEx250ml RESISTANCE THERA,Title,Default Title,0001909
masc-cap-kerastasex200ml-b-cicaextre,MASC CAP KERASTASEx2,Title,Default Title,0001912
masc-cap-kerastasex200ml-maskeratine,MASC CAP KERASTASEx200ml MASKERATINE,Title,Default Title,0001911
masc-cap-kerastasex200ml-disc-oleo-r,MASC CAP KERASTASEx2,Title,Default Title,0001910
masc-cap-kerastasex200ml-rehydratant,MASC CAP KERASTASEx200ml REHYDRATANT,Title,Default Title,0001915
shamp-kerastasex250ml-b-abso-cicaextre,SHAMP KERASTASEx250ml B/ABSO CICAEXTRE,Title,Default Title,0001913
masc-cap-kerastasex200ml-b-ultra-vio,MASC CAP KERASTASEx200ml B/ULTRA VIO,Title,Default Title,0001914
masc-cap-kerastasex200ml-hydra-apais,MASC CAP KERASTASEx200ml HYDRA APAIS,Title,Default Title,0001916
masc-cap-kerastasex200ml-chronologis,MASC CAP KERASTASEx200ml CHRONOLOGIS,Title,Default Title,0001917
masc-cap-kerastasex200ml-resist-forc,MASC CAP KERASTASEx200ml RESIST FORC,Title,Default Title,0001918
masc-cap-kerastasex200ml-resist-exte,MASC CAP KERASTASEx200ml RESIST EXTE,Title,Default Title,0001919
masc-cap-kerastasex200ml-resist-ther,MASC CAP KERASTASEx200ml RESIST THER,Title,Default Title,0001920
masc-cap-kerastasex200ml-c-manif-beu,MASC CAP KERASTASEx200ml C/MANIF BEU,Title,Default Title,0001925
trata-cap-kerastasex125ml-specif-sti,TRATA CAP KERASTASEx,Title,Default Title,0001931
masc-cap-kerastasex200ml-genes-recon,MASC CAP KERASTASEx200ml GENES RECON,Title,Default Title,0001926
masc-cap-kerastasex250ml-arcilla-equ,MASC CAP KERASTASEx250ml ARCILLA EQU,Title,Default Title,0001928
serum-cap-kerastasex120ml-jeunesse-densi,SERUM CAP KERASTASEx120ml JEUNESSE DENSI,Title,Default Title,0001940
shamp-kerastasex250ml-densifiq-homme,SHAMP KERASTASEx250ml DENSIFIQ HOMME,Title,Default Title,0001942
shamp-kerastasex250ml-densifiq-densite,SHAMP KERASTASEx250ml DENSIFIQ DENSITE,Title,Default Title,0001941
shamp-kerastasex250ml-c-manif-hydrat,SHAMP KERASTASEx250ml C/MANIF HYDRAT,Title,Default Title,0001943
shamp-kerastasex250ml-specif-riche-der,SHAMP KERASTASEx250m,Title,Default Title,0001946
shamp-kerastasex250ml-specif-vital-der,SHAMP KERASTASEx250m,Title,Default Title,0001944
shamp-kerastasex250ml-specif-preventio,SHAMP KERASTASEx250m,Title,Default Title,0001945
shamp-kerastasex1000ml-genesis-nutri-f,SHAMP KERASTASEx1000,Title,Default Title,0001949
shamp-kerastasex1000ml-specif-divalent,SHAMP KERASTASEx1000,Title,Default Title,0001951
shamp-kerastasex1000,SHAMP KERASTASEx1000,Title,Default Title,0001953
shamp-kerastasex1000ml-resistance-exte,SHAMP KERASTASEx1000ml RESISTANCE EXTE,Title,Default Title,0001963
shamp-kerastasex1000ml-resistance-forc,SHAMP KERASTASEx1000,Title,Default Title,0001964
shamp-kerastasex1000-1,SHAMP KERASTASEx1000,Title,Default Title,0001955
acond-kerastasex1000ml-resistance-soin-p,ACOND KERASTASEx1000,Title,Default Title,0001968
shamp-kerastasex450ml-resistance-thera,SHAMP KERASTASEx450m,Title,Default Title,0001965
acond-kerastasex1000ml-resistance-ciment,ACOND KERASTASEx1000,Title,Default Title,0001967
shamp-kerastasex1000ml-b-absolu-lumier,SHAMP KERASTASEx1000ml B/ABSOLU LUMIER,Title,Default Title,0001969
shamp-kerastasex1000ml-c-absolu-riche,SHAMP KERASTASEx1000ml C/ABSOLU RICHE,Title,Default Title,0001971
shamp-kerastasex1000-2,SHAMP KERASTASEx1000,Title,Default Title,0001970
masc-cap-kerastasex500ml-p-e-soin-2,MASC CAP KERASTASEx500ml P/E SOIN 2,Title,Default Title,0001973
masc-cap-kerastasex500ml-disc-kerati,MASC CAP KERASTASEx5,Title,Default Title,0001974
shamp-kerastasex500ml-b-cicaextr-creme,SHAMP KERASTASEx500m,Title,Default Title,0001972
masc-cap-kerastasex500ml-disc-oleo-r,MASC CAP KERASTASEx500ml DISC OLEO R,Title,Default Title,0001975
masc-cap-kerastasex500ml-densif-hydr,MASC CAP KERASTASEx5,Title,Default Title,0001978
masc-cap-kerastasex500ml-resist-forc,MASC CAP KERASTASEx5,Title,Default Title,0001979
masc-cap-kerastasex500ml-resist-ther,MASC CAP KERASTASEx500ml RESIST THER,Title,Default Title,0001980
masc-cap-kerastasex500ml-b-abso-ultr,MASC CAP KERASTASEx5,Title,Default Title,0001981
masc-cap-kerastasex500ml-b-abso-cica,MASC CAP KERASTASEx500ml B/ABSO CICA,Title,Default Title,0001982
masc-cap-kerastasex500ml-genes-recon,MASC CAP KERASTASEx5,Title,Default Title,0001983
masc-cap-kerastasex500ml-c-abso-chro,MASC CAP KERASTASEx5,Title,Default Title,0001986
ampolleta-cap-kerastasex12ml-f-d-acide-a,AMPOLLETA CAP KERAST,Title,Default Title,0001990
ampolleta-cap-kerastasex12ml-f-d-ultra-v,AMPOLLETA CAP KERAST,Title,Default Title,0001989
ampolleta-cap-kerastasex12ml-f-d-densifi,AMPOLLETA CAP KERAST,Title,Default Title,0001991
potenciador-kerastas,POTENCIADOR KERASTAS,Title,Default Title,0001995
potenciador-kerastasex120ml-f-d-discipli,POTENCIADOR KERASTASEx120ml F/D DISCIPLI,Title,Default Title,0001993
potenciador-kerastasex120ml-f-d-cicafibr,POTENCIADOR KERASTAS,Title,Default Title,0001996
laca-tecni-artx400ml-air-fix,LACA TECNI/ARTx400ml,Title,Default Title,0001999
shampoo-schwarzkopfx250ml-moisture-kick,SHAMP SCHWARZKOPFx25,Title,Default Title,0002008
shamp-lorealx1500ml-blondifier-cool,SHAMP LOREALx1500ml,Title,Default Title,0002011
termoprotector-lorealx150ml-blondifier,TERMOPROTECTOR LOREALx150ml BLONDIFIER,Title,Default Title,0002010
shamp-lorealx1500ml-sensi-balance,SHAMP LOREALx1500ml,Title,Default Title,0002013
laca-lorealx150ml-blonde-bestie,LACA LOREALx150ml BLONDE BESTIE,Title,Default Title,0002017
shamp-gkx1000ml-3-balancing,SHAMP GKx1000ml 3 BALANCING,Title,Default Title,0002022
shamp-gkx280ml-silver-bombs-3,SHAMP GKx280ml SILVE,Title,Default Title,0002024
masc-cap-rejuvenolx236ml-recovery,MASC CAP REJUVENOLx236ml RECOVERY,Title,Default Title,0002033
masc-cap-gkx200g-2-deep-conditioner,MASC CAP GKx200g 2 DEEP CONDITIONER,Title,Default Title,0002030
masc-cap-rejuvenolx236ml-argania,MASC CAP REJUVENOLx236ml ARGANIA,Title,Default Title,0002034
shamp-rejuvenolx948ml-argania,SHAMP REJUVENOLx948m,Title,Default Title,0002040
acond-rejuvenolx948m,ACOND REJUVENOLx948ml AFTER KERATIN,Title,Default Title,0002038
shamp-rejuvenolx295ml-recovery,SHAMP REJUVENOLx295m,Title,Default Title,0002042
shamp-rejuvenolx236ml-argania,SHAMP REJUVENOLx236m,Title,Default Title,0002041
shamp-rejuvenolx295ml-after-keratin,SHAMP REJUVENOLx295ml AFTER KERATIN,Title,Default Title,0002045
shamp-rejuvenolx295ml-rejuveplex,SHAMP REJUVENOLx295ml REJUVEPLEX,Title,Default Title,0002044
shamp-rejuvenolx236ml-complex-volumizi,SHAMP REJUVENOLx236ml COMPLEX VOLUMIZI,Title,Default Title,0002046
shamp-rejuvenolx948ml-clarifying,SHAMP REJUVENOLx948ml CLARIFYING,Title,Default Title,0002047
masc-cap-rejuvenolx236ml-color-care,MASC CAP REJUVENOLx236ml COLOR CARE,Title,Default Title,0002053
trata-cap-rejuvenolx295ml-bond-multi,TRATA CAP REJUVENOLx,Title,Default Title,0002052
shamp-gkx240ml-uv-shield-3-juvexin,SHAMP GKx240ml UV SHIELD 3 JUVEXIN,Title,Default Title,0002054
serum-cap-rejuvenolx118ml-argania,SERUM CAP REJUVENOLx118ml ARGANIA,Title,Default Title,0002056
serum-cap-rejuvenolx60ml-argania,SERUM CAP REJUVENOLx,Title,Default Title,0002058
termoprotector-rejuvenolx236ml-hair-ther,TERMOPROTECTOR REJUVENOLx236ml HAIR THER,Title,Default Title,0002064
leche-corp-rejuvenolx473ml-argania,LECHE CORP REJUVENOLx473ml ARGANIA,Title,Default Title,0002065
termoprotector-rejuvenolx177ml-glycolis,TERMOPROTECTOR REJUVENOLx177ml GLYCOLIS,Title,Default Title,0002063
shamp-olaplexx250ml-4p-blonde-enhancer,SHAMP OLAPLEXx250ml,Title,Default Title,0002068
termoprotector-t-italyx125ml-omni-restor,TERMOPROTECTOR T/ITALYx125ml OMNI RESTOR,Title,Default Title,0002071
serum-cap-t-italyx125ml-lucenza,SERUM CAP T/ITALYx125ml LUCENZA,Title,Default Title,0002072
masc-cap-t-italyx280g-hi-moisturizin,MASC CAP T/ITALYx280g HI MOISTURIZIN,Title,Default Title,0002079
shamp-t-italyx300ml-massimo,SHAMP T/ITALYx300ml MASSIMO,Title,Default Title,0002085
shamp-t-italyx300ml-totale,SHAMP T/ITALYx300ml TOTALE,Title,Default Title,0002086
shamp-t-italyx300ml-hi-moisturizing,SHAMP T/ITALYx300ml,Title,Default Title,0002092
shamp-t-italyx300ml-silk-system-shine,SHAMP T/ITALYx300ml SILK SYSTEM SHINE,Title,Default Title,0002089
shamp-t-italyx300ml-tonico,SHAMP T/ITALYx300ml TONICO,Title,Default Title,0002088
shamp-t-italyx300ml-lumina,SHAMP T/ITALYx300ml LUMINA,Title,Default Title,0002095
shamp-t-italyx300ml-balsami-presto,SHAMP T/ITALYx300ml BALSAMI PRESTO,Title,Default Title,0002097
shamp-t-italyx300ml-omni-restore,SHAMP T/ITALYx300ml OMNI RESTORE,Title,Default Title,0002099
shamp-t-italyx300ml-blonde-plex-system,SHAMP T/ITALYx300ml BLONDE PLEX SYSTEM,Title,Default Title,0002100
serum-cap-t-italyx125ml-olio-vital,SERUM CAP T/ITALYx125ml OLIO VITAL,Title,Default Title,0002107
serum-cap-t-italyx125ml-silk-syst-stylin,SERUM CAP T/ITALYx125ml SILK SYST STYLIN,Title,Default Title,0002106
serum-cap-t-italyx12,SERUM CAP T/ITALYx125ml OLIO VITAL COLOR,Title,Default Title,0002108
ampolleta-cap-t-italyx10ml-anti-squami,AMPOLLETA CAP T/ITALYx10ml ANTI SQUAMI,Title,Default Title,0002112
ampolleta-cap-t-ital,AMPOLLETA CAP T/ITAL,Title,Default Title,0002113
ampolleta-cap-t-italyx10ml-serum-plex,AMPOLLETA CAP T/ITALYx10ml SERUM PLEX,Title,Default Title,0002114
ampolleta-cap-t-italyx10ml-vitalita,AMPOLLETA CAP T/ITALYx10ml VITALITA,Title,Default Title,0002115
termoprotector-authenticx150ml-hydrat-lo,TERMOPROTECTOR AUTHENTICx150ml HYDRAT LO,Title,Default Title,0002116
laca-authenticx300ml-working-hair,LACA AUTHENTICx300ml WORKING HAIR,Title,Default Title,0002120
laca-authenticx300ml,LACA AUTHENTICx300ml,Title,Default Title,0002121
laca-authenticx100ml-strong-hold,LACA AUTHENTICx100ml STRONG HOLD,Title,Default Title,0002122
masc-cap-authenticx200ml-hydrate,MASC CAP AUTHENTICx200ml HYDRATE,Title,Default Title,0002128
masc-cap-authenticx200ml-glow,MASC CAP AUTHENTICx200ml GLOW,Title,Default Title,0002126
shamp-authenticx300ml-hydrate-cleanser,SHAMP AUTHENTICx300ml HYDRATE CLEANSER,Title,Default Title,0002135
masc-cap-authenticx500ml-hydrate,MASC CAP AUTHENTICx500ml HYDRATE,Title,Default Title,0002146
shamp-authenticx1000ml-hydrate-cleanse,SHAMP AUTHENTICx1000ml HYDRATE CLEANSE,Title,Default Title,0002149
masc-cap-authenticx500ml-replenisk,MASC CAP AUTHENTICx500ml REPLENISK,Title,Default Title,0002147
masc-cap-authenticx500ml-glow,MASC CAP AUTHENTICx500ml GLOW,Title,Default Title,0002148
shamp-authenticx1000ml-replenish-clean,SHAMP AUTHENTICx1000ml REPLENISH CLEAN,Title,Default Title,0002151
shamp-schwarzkopfx300ml-f-clinix-forti,SHAMP SCHWARZKOPFx300ml F/CLINIX FORTI,Title,Default Title,0002168
shamp-schwarzkopfx300ml-f-clinix-vibra,SHAMP SCHWARZKOPFx300ml F/CLINIX VIBRA,Title,Default Title,0002171
shamp-schwarzkopfx300ml-f-clinix-volum,SHAMP SCHWARZKOPFx300ml F/CLINIX VOLUM,Title,Default Title,0002170
masc-cap-schwarzkopfx250ml-f-c-forti,MASC CAP SCHWARZKOPF,Title,Default Title,0002180
masc-cap-schwarzkopfx250ml-f-c-vibra,MASC CAP SCHWARZKOPFx250ml F/C VIBRA,Title,Default Title,0002183
crema-peinar-maxy-lookx125ml-to-milk-for,CREMA PEINAR MAXY LOOKx125ml TO MILK FOR,Title,Default Title,0002222
shamp-maxy-lookx250ml-proteins-mineral,SHAMP MAXY LOOKx250ml PROTEINS&MINERAL,Title,Default Title,0002221
serum-cap-maxy-lookx100ml-a-way-instant,SERUM CAP MAXY LOOKx100ml A/WAY INSTANT,Title,Default Title,0002195
termoprotector-maxy-lookx125ml-a-w-prote,TERMOPROTECTOR MAXY LOOKx125ml A/W PROTE,Title,Default Title,0002227
serum-cap-moroccanoilx100ml-normal,SERUM CAP MOROCCANOILx100ml NORMAL,Title,Default Title,0002283
shamp-alfaparfx250ml-energizing-low,SHAMP ALFAPARFx250ml ENERGIZING LOW,Title,Default Title,0002286
acond-moroccanoilx1000ml-hydration,ACOND MOROCCANOILx1000ml HYDRATION,Title,Default Title,0002287
tonico-capilar-alfaparfx125ml-semillas-de-lino-volumen,TONICO CAPILAR ALFAPARFx125ml SEMILLAS DE LINO VOLUMEN,Title,Default Title,0002301
tratatamiento-capilar-alfaparfx125ml-semillas-lino-moisture,TRATATAMIENTO CAPILAR ALFAPARFx125ml SEMILLAS LINO MOISTURE,Title,Default Title,0002305
tratatamiento-capilar-alfaparfx125ml-semillas-lino-reconstruction,TRATATAMIENTO CAPILAR ALFAPARFx125ml SEMILLAS LINO RECONSTRUCTION,Title,Default Title,0002307
shamp-alfaparfx1000ml-s-lino-diamond,SHAMP ALFAPARFx1000ml S/LINO DIAMOND,Title,Default Title,0002308
shamp-alfaparfx1000ml-s-lino-reconstru,SHAMP ALFAPARFx1000ml S/LINO RECONSTRU,Title,Default Title,0002309
acond-alfaparfx1000ml-s-lino-diamond,ACOND ALFAPARFx1000ml S/LINO DIAMOND,Title,Default Title,0002312
shamp-alfaparfx1000ml-s-lino-anti-yell,SHAMP ALFAPARFx1000ml S/LINO ANTI-YELL,Title,Default Title,0002311
shamp-alfaparfx1000ml-s-lino-ant-orang,SHAMP ALFAPARFx1000ml S/LINO ANT-ORANG,Title,Default Title,0002310
acond-alfaparfx1000ml-s-lino-moisture,ACOND ALFAPARFx1000ml S/LINO MOISTURE,Title,Default Title,0002314
matizante-alfaparfx10ml-capsula-violet,MATIZANTE ALFAPARFx10ml CAPSULA VIOLET,Title,Default Title,0002316
shamp-kerastasex1000ml-chronologiste-r,SHAMP KERASTASEx1000ml CHRONOLOGISTE R,Title,Default Title,0002320
shamp-alfaparfx1000ml-s-lino-smoothing,SHAMP ALFAPARFx1000ml S/LINO SMOOTHING,Title,Default Title,0002324
shamp-barba-rojax90ml-barba-cabello,SHAMP BARBA ROJAx90ml BARBA/CABELLO,Title,Default Title,0002327
tonico-cap-barba-rojax30ml-barba-cabello,TONICO CAP BARBA ROJAx30ml BARBA/CABELLO,Title,Default Title,0002330
gel-bano-barba-rojax90ml-extrac-natural,GEL BANO BARBA ROJAx,Title,Default Title,0002333
gel-cap-t-italyx280g-e-humedo-styling,GEL CAP T/ITALYx280g E/HUMEDO STYLING,Title,Default Title,0002338
gel-cap-t-italyx280g-e-normal-styling,GEL CAP T/ITALYx280g E/NORMAL STYLING,Title,Default Title,0002342
gel-cap-t-italyx300ml-scultore-fine,GEL CAP T/ITALYx300ml SCULTORE FINE,Title,Default Title,0002339
laca-stmntx200ml-hair-spray,LACA STMNTx200ml HAIR SPRAY,Title,Default Title,0002347
serum-cap-stmntx50ml-barba-beard-oil,SERUM CAP STMNTx50ml BARBA BEARD OIL,Title,Default Title,0002346
tonico-cap-t-italyx125ml-survive-loccion,TONICO CAP T/ITALYx125ml SURVIVE LOCCION,Title,Default Title,0002343
shamp-kerastasex250ml-c-absolu-riche-c,SHAMP KERASTASEx250ml C/ABSOLU RICHE C,Title,Default Title,0002352
masc-cap-kerastasex200ml-chroma-fill,MASC CAP KERASTASEx200ml CHROMA FILL,Title,Default Title,0002351
shamp-kerastasex1000ml-disc-fuide-gen,SHAMP KERASTASEx1000ml DISC FUIDE/GEN,Title,Default Title,0002356
shamp-kerastasex250ml-c-absolu-respect,SHAMP KERASTASEx250ml C/ABSOLU RESPECT,Title,Default Title,0002353
shamp-kerastasex250ml-disc-fuide-gentl,SHAMP KERASTASEx250ml DISC FUIDE/GENTL,Title,Default Title,0002357
serum-cap-kerastasex90ml-initial-concent,SERUM CAP KERASTASEx90ml INITIAL CONCENT,Title,Default Title,0002358
trata-cap-t-italyx280g-l-forza-matiz,TRATA CAP T/ITALYx280g L/FORZA MATIZ,Title,Default Title,0002359
tinte-wellax62g-c-touch-55-07,TINTE WELLAx62g C/TOUCH 55/07,Title,Default Title,0002365
trata-cap-t-italyx280g-l-forza-cobri,TRATA CAP T/ITALYx280g L/FORZA COBRI,Title,Default Title,0002360
tinte-wellax58g-c-touch-6-37,TINTE WELLAx58g C/TOUCH 6/37,Title,Default Title,0002368
tinte-wellax60g-c-perfect-5-77,TINTE WELLAx60g C/PERFECT 5.77,Title,Default Title,0002376
tinte-wellax58g-c-touch-7-43,TINTE WELLAx58g C/TOUCH 7/43,Title,Default Title,0002374
tinte-wellax58g-illumina-color-6-76,TINTE WELLAx58g ILLUMINA COLOR 6/76,Title,Default Title,0002383
tinte-lorealx50g-dialight-10-01,TINTE LOREALx50g DIALIGHT 10.01,Title,Default Title,0002422
tinte-lorealx50g-dialight-6-23,TINTE LOREALx50g DIALIGHT 6.23,Title,Default Title,0002427
tinte-lorealx50g-richesse-7-40,TINTE LOREALx50g RICHESSE 7.40,Title,Default Title,0002451
tinte-t-italyx86g-p-17-lavender-blush,TINTE T/ITALYx86g P.17 LAVENDER BLUSH,Title,Default Title,0002454
tinte-lorealx50g-richesse-6,TINTE LOREALx50g RICHESSE 6,Title,Default Title,0002449
tinte-t-italyx86g-p-31-ivory,TINTE T/ITALYx86g P.31 IVORY,Title,Default Title,0002460
tinte-t-italyx86g-p-27-seashell,TINTE T/ITALYx86g P.27 SEASHELL,Title,Default Title,0002458
tinte-t-italyx86g-p-01-wheat,TINTE T/ITALYx86g P.01 WHEAT,Title,Default Title,0002456
tinte-t-italyx86g-p-2-floral-white,TINTE T/ITALYx86g P.2 FLORAL WHITE,Title,Default Title,0002463
tinte-t-italyx86g-4-3-castano-dorado,TINTE T/ITALYx86g 4.3 CASTANO DORADO,Title,Default Title,0002464
tinte-t-italyx86g-p-16-misty-rose,TINTE T/ITALYx86g P.16 MISTY ROSE,Title,Default Title,0002462
tinte-t-italyx86g-5-castano-claro,TINTE T/ITALYx86g 5 CASTANO CLARO,Title,Default Title,0002465
tinte-t-italyx86g-7-1-rubio-cenizo,TINTE T/ITALYx86g 7.1 RUBIO CENIZO,Title,Default Title,0002468
tinte-t-italyx86g-5-11-castano-claro-cen,TINTE T/ITALYx86g 5.11 CASTANO CLARO CEN,Title,Default Title,0002466
tinte-t-italyx86g-7-3-rubio-dorado,TINTE T/ITALYx86g 7.3 RUBIO DORADO,Title,Default Title,0002470
tinte-t-italyx86g-6-22-rubio-oscuro-naca,TINTE T/ITALYx86g 6.22 RUBIO OSCURO NACA,Title,Default Title,0002471
tinte-t-italyx86g-6-66-rubio-oscuro-rojo,TINTE T/ITALYx86g 6.66 RUBIO OSCURO ROJO,Title,Default Title,0002473
tinte-t-italyx86g-7-66-rubio-rojizo-inte,TINTE T/ITALYx86g 7.66 RUBIO ROJIZO INTE,Title,Default Title,0002474
tinte-t-italyx86g-7-11-rubio-cenizo-prof,TINTE T/ITALYx86g 7.11 RUBIO CENIZO PROF,Title,Default Title,0002477
tinte-t-italyx86g-7-52-rubio-caoba-nacar,TINTE T/ITALYx86g 7.,Title,Default Title,0002475
tinte-t-italyx86g-7-34-rubio-dorado-cobr,TINTE T/ITALYx86g 7.34 RUBIO DORADO COBR,Title,Default Title,0002479
tinte-t-italyx86g-8-11-rubio-claro-ceniz,TINTE T/ITALYx86g 8.11 RUBIO CLARO CENIZ,Title,Default Title,0002480
tinte-t-italyx86g-7-20-rubio-nacarado-in,TINTE T/ITALYx86g 7.,Title,Default Title,0002478
tinte-t-italyx86g-8-66-rubio-claro-rojo,TINTE T/ITALYx86g 8.66 RUBIO CLARO ROJO,Title,Default Title,0002483
tinte-t-italyx86g-8-44-rubio-claro-cobre,TINTE T/ITALYx86g 8.44 RUBIO CLARO COBRE,Title,Default Title,0002481
tinte-t-italyx86g-8-45-rubio-claro-cobri,TINTE T/ITALYx86g 8.45 RUBIO CLARO COBRI,Title,Default Title,0002482
tinte-t-italyx86g-8-03-rubio-claro-liger,TINTE T/ITALYx86g 8.03 RUBIO CLARO LIGER,Title,Default Title,0002484
tinte-t-italyx86g-8-210-rubio-claro-naca,TINTE T/ITALYx86g 8.210 RUBIO CLARO NACA,Title,Default Title,0002485
tinte-t-italyx86g-8-3-rubio-claro-dorado,TINTE T/ITALYx86g 8.3 RUBIO CLARO DORADO,Title,Default Title,0002486
tinte-t-italyx86g-9-rubio-clarisimo,TINTE T/ITALYx86g 9 RUBIO CLARISIMO,Title,Default Title,0002489
tinte-t-italyx86g-8-1-rubio-claro-cenizo,TINTE T/ITALYx86g 8.1 RUBIO CLARO CENIZO,Title,Default Title,0002487
tinte-t-italyx86g-p-14-tan,TINTE T/ITALYx86g P.14 TAN,Title,Default Title,0002488
tinte-t-italyx86g-9-11-rubio-clarisimo-c,TINTE T/ITALYx86g 9.11 RUBIO CLARISIMO C,Title,Default Title,0002491
tinte-t-italyx86g-9-3-rubio-clarisimo-do,TINTE T/ITALYx86g 9.3 RUBIO CLARISIMO DO,Title,Default Title,0002490
tinte-t-italyx86g-9-20-rubio-clarisimo-n,TINTE T/ITALYx86g 9.20 RUBIO CLARISIMO N,Title,Default Title,0002492
tinte-t-italyx86g-9-22-rubio-clarisimo-n,TINTE T/ITALYx86g 9.,Title,Default Title,0002493
tinte-t-italyx86g-10-rubio-extra-claro,TINTE T/ITALYx86g 10 RUBIO EXTRA CLARO,Title,Default Title,0002495
tinte-t-italyx86g-9-44-rubio-clarisimo-c,TINTE T/ITALYx86g 9.44 RUBIO CLARISIMO C,Title,Default Title,0002494
tinte-t-italyx86g-10-1-rubio-extra-claro,TINTE T/ITALYx86g 10.1 RUBIO EXTRA CLARO,Title,Default Title,0002496
tinte-t-italyx86g-10-11-rubio-extra-clar,TINTE T/ITALYx86g 10.11 RUBIO EXTRA CLAR,Title,Default Title,0002497
tinte-t-italyx86g-10-22-rubio-extra-clar,TINTE T/ITALYx86g 10.22 RUBIO EXTRA CLAR,Title,Default Title,0002498
aplique-organicx6g-glitter42-gold-cosmo,APLIQUE ORGANICx6g GLITTER42 GOLD COSMO,Title,Default Title,0002564
tinte-t-italyx86g-10,TINTE T/ITALYx86g 100 RUBIO ULTRA CLARO,Title,Default Title,0002499
aplique-organicx6g-glitter37-purple,APLIQUE ORGANICx6g GLITTER37 PURPLE,Title,Default Title,0002565
aplique-organicx6g-glitter10-meon-sky,APLIQUE ORGANICx6g GLITTER10 MEON SKY,Title,Default Title,0002566
aplique-organicx6g-glitter47-water-cosmo,APLIQUE ORGANICx6g GLITTER47 WATER COSMO,Title,Default Title,0002567
aplique-organicx6g-glitter05-ice,APLIQUE ORGANICx6g GLITTER05 ICE,Title,Default Title,0002569
aplique-organicx6g-glitter4-jet-cosmo,APLIQUE ORGANICx6g GLITTER4 JET COSMO,Title,Default Title,0002571
aplique-organicx6g-glitter27-concert,APLIQUE ORGANICx6g GLITTER27 CONCERT,Title,Default Title,0002574
aplique-organicx6g-glitter11-crush,APLIQUE ORGANICx6g GLITTER11 CRUSH,Title,Default Title,0002575
aplique-organicx6g-glitter06-funka-delic,APLIQUE ORGANICx6g GLITTER06 FUNKA DELIC,Title,Default Title,0002577
aplique-organicx6g-glitter34-fuchsia,APLIQUE ORGANICx6g G,Title,Default Title,0002578
polvo-acril-organicx14g-bride-rose,POLVO ACRIL ORGANICx14g BRIDE ROSE,Title,Default Title,0002579
polvo-acril-organicx14g-cover-peach,POLVO ACRIL ORGANICx14g COVER PEACH,Title,Default Title,0002582
limp-unas-organicx480ml-synergy-wipe,LIMP UNAS ORGANICx480ml SYNERGY WIPE,Title,Default Title,0002584
limp-unas-organicx120ml-synergy-wipe,LIMP UNAS ORGANICx120ml SYNERGY WIPE,Title,Default Title,0002585
limp-unas-organicx120ml-sani-spray,LIMP UNAS ORGANICx120ml SANI SPRAY,Title,Default Title,0002586
lima-organicxund-wizard-professional,LIMA ORGANICxund WIZARD PROFESSIONAL,Title,Default Title,0002591
esmalte-belierx13ml-lila-azulado,ESMALTE BELIERx13ml LILA AZULADO,Title,Default Title,0002597
esmalte-belierx13ml-rosa-exotic,ESMALTE BELIERx13ml ROSA EXOTIC,Title,Default Title,0002592
esmalte-belierx13ml-lila-visos,ESMALTE BELIERx13ml LILA VISOS,Title,Default Title,0002596
esmalte-belierx13ml-salmon-traslucido,ESMALTE BELIERx13ml SALMON TRASLUCIDO,Title,Default Title,0002602
esmalte-belierx13ml-hawaii,ESMALTE BELIERx13ml HAWAII,Title,Default Title,0002599
esmalte-belierx13ml-blanco-visos,ESMALTE BELIERx13ml BLANCO VISOS,Title,Default Title,0002600
esmalte-belierx13ml-ultra-pink,ESMALTE BELIERx13ml ULTRA PINK,Title,Default Title,0002603
esmalte-belierx13ml-sweet-orange,ESMALTE BELIERx13ml SWEET ORANGE,Title,Default Title,0002604
esmalte-belierx13ml-negro-azabache,ESMALTE BELIERx13ml NEGRO AZABACHE,Title,Default Title,0002605
esmalte-belierx13ml-plata-iberico,ESMALTE BELIERx13ml PLATA IBERICO,Title,Default Title,0002606
esmalte-belierx13ml-verde-menta,ESMALTE BELIERx13ml VERDE MENTA,Title,Default Title,0002608
esmalte-belierx13ml-acqua,ESMALTE BELIERx13ml ACQUA,Title,Default Title,0002607
esmalte-belierx13ml-royal-blue,ESMALTE BELIERx13ml ROYAL BLUE,Title,Default Title,0002610
esmalte-belierx13ml-milky-blue,ESMALTE BELIERx13ml MILKY BLUE,Title,Default Title,0002611
esmalte-belierx13ml-azul-libertad,ESMALTE BELIERx13ml AZUL LIBERTAD,Title,Default Title,0002612
esmalte-belierx13ml-oliva-cosmico,ESMALTE BELIERx13ml OLIVA COSMICO,Title,Default Title,0002613
esmalte-belierx13ml-oliva-militar,ESMALTE BELIERx13ml OLIVA MILITAR,Title,Default Title,0002615
esmalte-belierx13ml-satin-petroleo,ESMALTE BELIERx13ml SATIN PETROLEO,Title,Default Title,0002614
esmalte-belierx13ml-blanco-hielo,ESMALTE BELIERx13ml BLANCO HIELO,Title,Default Title,0002617
esmalte-belierx13ml-diente-leon,ESMALTE BELIERx13ml DIENTE LEON,Title,Default Title,0002618
esmalte-belierx13ml-dorado-real,ESMALTE BELIERx13ml DORADO REAL,Title,Default Title,0002619
esmalte-belierx13ml-cotton-pink,ESMALTE BELIERx13ml COTTON PINK,Title,Default Title,0002620
esmalte-belierx13ml-cake-rose,ESMALTE BELIERx13ml CAKE ROSE,Title,Default Title,0002624
esmalte-belierx13ml-glitter-gold,ESMALTE BELIERx13ml GLITTER GOLD,Title,Default Title,0002622
esmalte-belierx13ml-ultra-violeta,ESMALTE BELIERx13ml ULTRA VIOLETA,Title,Default Title,0002625
esmalte-belierx13ml-lavanda,ESMALTE BELIERx13ml LAVANDA,Title,Default Title,0002635
esmalte-belierx13ml-nude-puro,ESMALTE BELIERx13ml NUDE PURO,Title,Default Title,0002637
esmalte-belierx13ml-brillo-destellos,ESMALTE BELIERx13ml BRILLO DESTELLOS,Title,Default Title,0002638
esmalte-belierx13ml-cobre-avellana,ESMALTE BELIERx13ml COBRE AVELLANA,Title,Default Title,0002639
esmalte-belierx13ml-violeta-amatista,ESMALTE BELIERx13ml VIOLETA AMATISTA,Title,Default Title,0002640
esmalte-belierx13ml-glitter-zafiro,ESMALTE BELIERx13ml GLITTER ZAFIRO,Title,Default Title,0002641
esmalte-belierx13ml-lapis-blue,ESMALTE BELIERx13ml LAPIS BLUE,Title,Default Title,0002643
esmalte-belierx13ml-gris-londres,ESMALTE BELIERx13ml GRIS LONDRES,Title,Default Title,0002644
esmalte-belierx13ml-iris-lila,ESMALTE BELIERx13ml IRIS LILA,Title,Default Title,0002645
esmalte-belierx13ml-verde-neon,ESMALTE BELIERx13ml VERDE NEON,Title,Default Title,0002646
esmalte-belierx13ml-glitter-fiesta,ESMALTE BELIERx13ml GLITTER FIESTA,Title,Default Title,0002647
esmalte-belierx13ml,ESMALTE BELIERx13ml,Title,Default Title,0002648
esmalte-belierx13ml-morado-neon,ESMALTE BELIERx13ml MORADO NEON,Title,Default Title,0002649
esmalte-belierx13ml-rojo-magenta,ESMALTE BELIERx13ml ROJO MAGENTA,Title,Default Title,0002653
esmalte-belierx13ml-negro-diamante,ESMALTE BELIERx13ml NEGRO DIAMANTE,Title,Default Title,0002654
esmalte-belierx13ml-ambrosia,ESMALTE BELIERx13ml AMBROSIA,Title,Default Title,0002655
esmalte-belierx13ml-morado-pandora,ESMALTE BELIERx13ml MORADO PANDORA,Title,Default Title,0002658
esmalte-belierx13ml-rojo-granate,ESMALTE BELIERx13ml ROJO GRANATE,Title,Default Title,0002660
esmalte-belierx13ml-finish-mate,ESMALTE BELIERx13ml FINISH MATE,Title,Default Title,0002659
esmalte-belierx13ml-rojo-fusion,ESMALTE BELIERx13ml,Title,Default Title,0002661
esmalte-belierx13ml-fucsia-neon,ESMALTE BELIERx13ml FUCSIA NEON,Title,Default Title,0002664
esmalte-belierx13ml-tangerine,ESMALTE BELIERx13ml TANGERINE,Title,Default Title,0002662
esmalte-belierx13ml-uva-mauve,ESMALTE BELIERx13ml UVA MAUVE,Title,Default Title,0002666
esmalte-belierx13ml-fucsia-carnaval,ESMALTE BELIERx13ml FUCSIA CARNAVAL,Title,Default Title,0002669
esmalte-belierx13ml-lila-hielo,ESMALTE BELIERx13ml LILA HIELO,Title,Default Title,0002667
esmalte-belierx13ml-amarillo-citrino,ESMALTE BELIERx13ml AMARILLO CITRINO,Title,Default Title,0002678
esmalte-belierx13ml-naranja-atomico,ESMALTE BELIERx13ml NARANJA ATOMICO,Title,Default Title,0002671
esmalte-belierx13ml-rosa-neon,ESMALTE BELIERx13ml ROSA NEON,Title,Default Title,0002675
remov-esmalte-belierx120ml-sin-tolueno,REMOV ESMALTE BELIERx120ml SIN TOLUENO,Title,Default Title,0002681
exfol-corp-belierx120ml-albaricoque,EXFOL CORP BELIERx120ml ALBARICOQUE,Title,Default Title,0002687
acces-sodhanaxund-anillo-s-an13,ACCES SODHANAxund ANILLO S-AN13,Title,Default Title,0002709
acces-sodhanaxund-anillo-s-an09,ACCES SODHANAxund ANILLO S-AN09,Title,Default Title,0002714
acces-sodhanaxund-aretes-s-ar52,ACCES SODHANAxund ARETES S-AR52,Title,Default Title,0002710
acces-sodhanaxund-anillo-s-an10,ACCES SODHANAxund ANILLO S-AN10,Title,Default Title,0002720
acces-sodhanaxund-anillo-s-an04,ACCES SODHANAxund ANILLO S-AN04,Title,Default Title,0002717
acces-sodhanaxund-anillo-s-an08,ACCES SODHANAxund ANILLO S-AN08,Title,Default Title,0002716
acces-sodhanaxund-anillo-s-an24,ACCES SODHANAxund ANILLO S-AN24,Title,Default Title,0002722
acces-sodhanaxund-anillo-s-an15,ACCES SODHANAxund ANILLO S-AN15,Title,Default Title,0002723
acces-sodhanaxund-anillo-s-an34,ACCES SODHANAxund ANILLO S-AN34,Title,Default Title,0002725
decolorante-t-italyx680g-blonde-plex,DECOLORANTE T/ITALYx680g BLONDE PLEX,Title,Default Title,0002738
masc-cap-gkx1000ml-2-deep-condition,MASC CAP GKx1000ml 2 DEEP CONDITION,Title,Default Title,0002741
gafas-pradaxund-opr01ys-09v550-s-54,GAFAS PRADAxund OPR01YS 09V550 S:54,Title,Default Title,0002755
gafas-ray-banxund-orx2447v-5994-s-47,GAFAS RAY BANxund ORX2447V 5994 S:47,Title,Default Title,0002765
gafas-voguexund-ovo5349s-w44-11-s-55,GAFAS VOGUExund OVO5349S W44/11 S:55,Title,Default Title,0002777
gafas-voguexund-ovo4156s-323-7c-s-55,GAFAS VOGUExund OVO4156S 323/7C S:55,Title,Default Title,0002779
gafas-voguexund-ovo5270s-238673-s-57,GAFAS VOGUExund OVO5270S 238673 S:57,Title,Default Title,0002778
gafas-ray-banxund-orb2140-902-s-50,GAFAS RAY BANxund ORB2140 902 S:50,Title,Default Title,0002851
tonico-corp-eucerinx250ml-ph5-syndet-gel,TONICO CORP EUCERINx250ml PH5 SYNDET GEL,Title,Default Title,0003002
shamp-kerastasex250ml-genesis-de-masse,SHAMP KERASTASEx250ml GENESIS DE MASSE,Title,Default Title,0003050
trata-cap-kerastasex150ml-gen-de-force-e,TRATA CAP KERASTASEx150ml GEN DE FORCE E,Title,Default Title,0003053
shamp-kerastasex250ml-genesis-de-force,SHAMP KERASTASEx250ml GENESIS DE FORCE,Title,Default Title,0003052
serum-cap-kerastasex90ml-genesis-homme,SERUM CAP KERASTASEx90ml GENESIS HOMME,Title,Default Title,0003054
crema-peinar-rejuvenolx236ml-argania-sty,CREMA PEINAR REJUVENOLx236ml ARGANIA STY,Title,Default Title,0003173
shamp-rejuvenolx948ml-keratin-treatme,SHAMP REJUVENOLx1000,Title,Default Title,0003545
shamp-kerastasex500ml-resistance-force,SHAMP KERASTASEx500m,Title,Default Title,0003549
shamp-alfaparfx1000ml-s-lino-moisture,SHAMP ALFAPARFx1000m,Title,Default Title,0003546
matizante-alfaparfx10ml-capsula-ash-ultr,MATIZANTE ALFAPARFx10ml CAPSULA ASH ULTR,Title,Default Title,0003561
acond-kerastasex1000ml-nutritive-lait-vi,ACOND KERASTASEx1000,Title,Default Title,0003552
kit-cap-moroccanoilx3und-color-comp-gran,KIT CAP MOROCCANOILx,Title,Default Title,0003582
shamp-gkx300ml-3-bal,SHAMP GKx300ml 3 BAL,Title,Default Title,0003585
shamp-kerastasex250ml-specif-divalent,SHAMP KERASTASEx250m,Title,Default Title,0003584
masc-cap-moroccanoilx75ml-hyd-ul-lig,MASC CAP MOROCCANOILx75ml HYD/UL-LIG,Title,Default Title,0003589
masc-cap-schwarzkopfx250ml-f-c-hydra,MASC CAP SCHWARZKOPFx250ml F/C HYDRA,Title,Default Title,0003591
laca-tecni-artx150ml-force-1-ring,LACA TECNI/ARTx150ml,Title,Default Title,0003597
polvo-cap-stmntx4g-spray-powder,POLVO CAP STMNTx4g S,Title,Default Title,0003601
labial-liq-guerlainx6ml-l140-conqueror,LABIAL LIQ GUERLAINx6ml L140 CONQUEROR,Title,Default Title,0003790
masc-fac-diorx50ml-h-life-glow-better,MASC FAC DIORx50ml H/LIFE GLOW BETTER,Title,Default Title,0003812
acces-sodhanaxund-tobille-s-tb30,ACCES SODHANAxund TO,Title,Default Title,0003798
masc-fac-diorx50ml-h-life-pores-away,MASC FAC DIORx50ml H,Title,Default Title,0003811
acond-alfaparfx1000ml-s-lino-curls,ACOND ALFAPARFx1000m,Title,Default Title,0004155
acond-alfaparfx1000ml-s-lino-smoothing,ACOND ALFAPARFx1000m,Title,Default Title,0004153
serum-fac-clarinsx30ml-blue-orchidee,SERUM FAC CLARINSx30ml BLUE ORCHIDEE,Title,Default Title,0003815
decolorante-wellax800g-blondor,DECOLORANTE WELLAx800g BLONDOR,Title,Default Title,0004158
ampolleta-cap-kerastasex12undx13ml-c-apa,AMPOLLETA CAP KERASTASEx12undx13ml C/APA,Title,Default Title,0004171
tinte-t-italyx86g-8-31,TINTE T/ITALYx86g 8.31,Title,Default Title,0004182
tinte-t-italyx86g-9-1,TINTE T/ITALYx86g 9.1,Title,Default Title,0004181
tinte-t-italyx86g-8-22,TINTE T/ITALYx86g 8.22,Title,Default Title,0004183
tinte-t-italyx86g-8-135,TINTE T/ITALYx86g 8.135,Title,Default Title,0004185
polvo-acril-organicx50g-ultra-white-extr,POLVO ACRIL ORGANICx50g ULTRA WHITE EXTR,Title,Default Title,0004184
tinte-t-italyx86g-8-rubio-claro,TINTE T/ITALYx86g 8 RUBIO CLARO,Title,Default Title,0004186
tinte-t-italyx86g-7-44,TINTE T/ITALYx86g 7.44,Title,Default Title,0004187
tinte-t-italyx86g-7-35,TINTE T/ITALYx86g 7.35,Title,Default Title,0004188
tinte-t-italyx86g-7-22,TINTE T/ITALYx86g 7.22,Title,Default Title,0004189
tinte-t-italyx86g-6-53,TINTE T/ITALYx86g 6.53,Title,Default Title,0004191
tinte-t-italyx86g-7-125,TINTE T/ITALYx86g 7.125,Title,Default Title,0004190
tinte-t-italyx86g-4,TINTE T/ITALYx86g 4,Title,Default Title,0004193
tinte-t-italyx86g-6-34,TINTE T/ITALYx86g 6.34,Title,Default Title,0004192
tinte-t-italyx86g-3,TINTE T/ITALYx86g 3,Title,Default Title,0004194
tinte-t-italyx86g-1,TINTE T/ITALYx86g 1,Title,Default Title,0004195
esmalte-belierx13ml-amarillo-ipanema,ESMALTE BELIERx13ml AMARILLO IPANEMA,Title,Default Title,0004202
esmalte-belierx13ml-amarillo-neon,ESMALTE BELIERx13ml AMARILLO NEON,Title,Default Title,0004203
esmalte-belierx13ml-azul-malaquita,ESMALTE BELIERx13ml AZUL MALAQUITA,Title,Default Title,0004204
esmalte-belierx13ml-beige-traslucido,ESMALTE BELIERx13ml BEIGE TRASLUCIDO,Title,Default Title,0004207
esmalte-belierx13ml-blanco-ejecutivo,ESMALTE BELIERx13ml BLANCO EJECUTIVO,Title,Default Title,0004208
acces-sodhanaxund-anillo-s-an12,ACCES SODHANAxund ANILLO S-AN12,Title,Default Title,0004214
potenciador-lorealx150ml-powermix,POTENCIADOR LOREALx150ml POWERMIX,Title,Default Title,0004217
suplemento-heliocarex60und-capsulas,SUPLEMENTO HELIOCAREx60und CAPSULAS,Title,Default Title,0004221
esmalte-belierx13ml-blanco-tiza,ESMALTE BELIERx13ml BLANCO TIZA,Title,Default Title,0004229
esmalte-belierx13ml-fucsia-intenso,ESMALTE BELIERx13ml FUCSIA INTENSO,Title,Default Title,0004231
esmalte-belierx13ml-chartreus-neon,ESMALTE BELIERx13ml CHARTREUS NEON,Title,Default Title,0004230
esmalte-belierx13ml-lila-boreal,ESMALTE BELIERx13ml LILA BOREAL,Title,Default Title,0004234
esmalte-belierx13ml-lila-marfil,ESMALTE BELIERx13ml LILA MARFIL,Title,Default Title,0004235
esmalte-belierx13ml-kalua-avellana,ESMALTE BELIERx13ml,Title,Default Title,0004233
esmalte-belierx13ml-rosa-traslucido,ESMALTE BELIERx13ml ROSA TRASLUCIDO,Title,Default Title,0004242
esmalte-belierx13ml-purpura-astral,ESMALTE BELIERx13ml PURPURA ASTRAL,Title,Default Title,0004236
esmalte-belierx13ml-rojo-amaranto,ESMALTE BELIERx13ml ROJO AMARANTO,Title,Default Title,0004237
exfol-corp-belierx120ml-uva,EXFOL CORP BELIERx120ml UVA,Title,Default Title,0004252
esmalte-belierx13ml-verde-amazonas,ESMALTE BELIERx13ml VERDE AMAZONAS,Title,Default Title,0004246
remov-cuticula-belierx120ml-crema,REMOV CUTICULA BELIERx120ml CREMA,Title,Default Title,0004269
kit-cap-nioxinx3und-1-sh-acon-tratx700ml,KIT CAP NIOXINx3und 1 SH+ACON+TRATx700ml,Title,Default Title,0004274
kit-cap-nioxinx3und-4-sh-acon-tratx340ml,KIT CAP NIOXINx3und 4 SH+ACON+TRATx340ml,Title,Default Title,0004275
gel-cap-t-italyx56-60g-pasta-della-aragn,GEL CAP T/ITALYx56.6,Title,Default Title,0004272
masc-cap-kerastasex500ml-extensionis,MASC CAP KERASTASEx500ml EXTENSIONIS,Title,Default Title,0004288
masc-cap-rejuvenolx236ml-matiz-color,MASC CAP REJUVENOLx236ml MATIZ COLOR,Title,Default Title,0004295
masc-cap-moroccanoilx500ml-ultralige,MASC CAP MOROCCANOILx500ml ULTRALIGE,Title,Default Title,0004292
masc-cap-olaplexx370ml-4n1-moisture,MASC CAP OLAPLEXx370ml 4N1 MOISTURE,Title,Default Title,0004294
masc-cap-t-italyx280g-omni-restore,MASC CAP T/ITALYx280g OMNI-RESTORE,Title,Default Title,0004298
masc-cap-t-italyx280g-amino-keratin,MASC CAP T/ITALYx280g AMINO KERATIN,Title,Default Title,0004297
shamp-american-cx250ml-daily-deep-mois,SHAMP AMERICAN/Cx250ml DAILY DEEP MOIS,Title,Default Title,0004307
shamp-kerastasex1000ml-c-manif-douceur,SHAMP KERASTASEx1000ml C/MANIF DOUCEUR,Title,Default Title,0004311
shamp-kerastasex1000ml-c-absolu-respe,SHAMP KERASTASEx1000ml C/ABSOLU RESPE,Title,Default Title,0004314
shamp-moroccanoilx200ml-matizante-colo,SHAMP MOROCCANOILx200ml MATIZANTE COLO,Title,Default Title,0004326
shamp-kerastasex500ml-nutritive-riche,SHAMP KERASTASEx500ml NUTRITIVE RICHE,Title,Default Title,0004319
shamp-moroccanoilx250ml-curl,SHAMP MOROCCANOILx250ml CURL,Title,Default Title,0004327
shamp-schwarzkopfx1000ml-f-clinix-fort,SHAMP SCHWARZKOPFx1000ml F/CLINIX FORT,Title,Default Title,0004331
shamp-t-italyx300ml-profondo,SHAMP T/ITALYx300ml,Title,Default Title,0004340
shamp-schwarzkopfx300ml-oil-u-marula,SHAMP SCHWARZKOPFx300ml OIL/U MARULA,Title,Default Title,0004335
laca-wellax150ml-curlixir-balm,LACA WELLAx150ml CURLIXIR BALM,Title,Default Title,0004348
laca-moroccanoilx330ml-medium,LACA MOROCCANOILx330ml MEDIUM,Title,Default Title,0004363
laca-sebastianx200ml-styling-foam,LACA SEBASTIANx200ml STYLING FOAM,Title,Default Title,0004355
termoprotector-authenticx250ml-flawless,TERMOPROTECTOR AUTHENTICx250ml FLAWLESS,Title,Default Title,0004371
termoprotector-kerastasex150ml-chroma-te,TERMOPROTECTOR KERASTASEx150ml CHROMA TE,Title,Default Title,0004368
masc-fac-uriagex50ml-water-sleep,MASC FAC URIAGEx50ml WATER SLEEP,Title,Default Title,0004388
gel-fac-uriagex500ml-hyseac-nettoyan,GEL FAC URIAGEx500ml HYSEAC NETTOYAN,Title,Default Title,0004382
trata-cap-s-expertx10g-shot-color,TRATA CAP S/EXPERTx10g SHOT COLOR,Title,Default Title,0004389
potenciador-lorealx150ml-liss-unlimited,POTENCIADOR LOREALx150ml LISS UNLIMITED,Title,Default Title,0004393
potenciador-lorealx150ml-inforce,POTENCIADOR LOREALx150ml INFORCE,Title,Default Title,0004392
potenciador-lorealx150ml-vitamino-color,POTENCIADOR LOREALx1,Title,Default Title,0004397
potenciador-lorealx150ml-absolut-repair,POTENCIADOR LOREALx150ml ABSOLUT REPAIR,Title,Default Title,0004395
potenciador-lorealx150ml-repair-lipidium,POTENCIADOR LOREALx150ml REPAIR LIPIDIUM,Title,Default Title,0004396
serum-fac-endocarex30ml-tensage,SERUM FAC ENDOCAREx3,Title,Default Title,0004407
laca-kerastasex190ml-refresh-abso,LACA KERASTASEx190ml REFRESH ABSO,Title,Default Title,0004417
serum-fac-roche-posayx30ml-phyalu-b5,SERUM FAC ROCHE/POSAYx30ml PHYALU B5,Title,Default Title,0004408
tinte-lorealx50g-cool-cover-4,TINTE LOREALx50g COOL COVER 4,Title,Default Title,0004438
tinte-t-italyx86g-7-rubio,TINTE T/ITALYx86g 7 RUBIO,Title,Default Title,0004454
tinte-t-italyx86g-6-rubio-oscuro,TINTE T/ITALYx86g 6 RUBIO OSCURO,Title,Default Title,0004453
tinte-t-italyx86g-6-35-rubio-oscuro-dora,TINTE T/ITALYx86g 6.35 RUBIO OSCURO DORA,Title,Default Title,0004455
ampolleta-cap-alfaparfx13ml-sos-emergenc,AMPOLLETA CAP ALFAPARFx13ml SOS EMERGENC,Title,Default Title,0004457
tinte-t-italyx86g-1000-27-superlift-naca,TINTE T/ITALYx86g 1000.27 SUPERLIFT NACA,Title,Default Title,0004456
shamp-rejuvenolx295ml-blonde,SHAMP REJUVENOLx295ml BLONDE,Title,Default Title,0004459
ampolleta-cap-alfaparfx13ml-moisture-nut,AMPOLLETA CAP ALFAPA,Title,Default Title,0004458
masc-cap-rejuvenolx236ml-blonde,MASC CAP REJUVENOLx236ml BLONDE,Title,Default Title,0004461
ampolleta-cap-alfaparfx13ml-beauty-genes,AMPOLLETA CAP ALFAPARFx13ml BEAUTY GENES,Title,Default Title,0004473
masc-cap-moroccanoilx75ml-repair,MASC CAP MOROCCANOILx75ml REPAIR,Title,Default Title,0004475
shamp-moroccanoilx1000ml-volume,SHAMP MOROCCANOILx1000ml VOLUME,Title,Default Title,0004476
gel-cap-kerastasex150ml-curl-manifesto,GEL CAP KERASTASEx150ml CURL MANIFESTO,Title,Default Title,0004491
potenciador-kerastasex120ml-f-d-nutricio,POTENCIADOR KERASTASEx120ml F/D NUTRICIO,Title,Default Title,0004493
potenciador-kerastasex120ml-f-d-brillanc,POTENCIADOR KERASTASEx120ml F/D BRILLANC,Title,Default Title,0004492
serum-fac-eucerinx30ml-ultra-light-anti,SERUM FAC EUCERINx30ml ULTRA LIGHT ANTI,Title,Default Title,0004560
shamp-kerastasex500ml-chroma-respect,SHAMP KERASTASEx500ml CHROMA RESPECT,Title,Default Title,0004583
decolorante-t-italyxg-blonde-plex,DECOLORANTE T/ITALYxg BLONDE PLEX,Title,Default Title,0004589
alisadora-gkxml-2-the-best,ALISADORA GKxml 2 TH,Title,Default Title,0004591
decolorante-wellaxg-multi-blonde,DECOLORANTE WELLAxg MULTI BLONDE,Title,Default Title,0004588
ampolleta-cap-kerastasex12ml-f-d-niacina,AMPOLLETA CAP KERASTASEx12ml F/D NIACINA,Title,Default Title,0004611
serum-fac-sadermax30ml-lign-d-lin-de-exp,SERUM FAC SADERMAx30ml LIGN-D LIN DE EXP,Title,Default Title,0004601
serum-fac-sadermax30ml-hip-x50-unificado,SERUM FAC SADERMAx30ml HIP-X50 UNIFICADO,Title,Default Title,0004603
tinte-t-italyx86g-100-0-rubio-ultra-clar,TINTE T/ITALYx86g 100.0 RUBIO ULTRA CLAR,Title,Default Title,0004614
serum-fac-sensilisx50ml-reafirmante-mat,SERUM FAC SENSILISx50ml REAFIRMANTE-MAT,Title,Default Title,0004621
serum-fac-sensilisx30ml-supreme-booster,SERUM FAC SENSILISx30ml SUPREME BOOSTER,Title,Default Title,0004622
serum-fac-sensilisx30ml-eternalist-age-s,SERUM FAC SENSILISx30ml ETERNALIST AGE S,Title,Default Title,0004623
gel-fac-sensilisx40ml-hydra-essence-gel,GEL FAC SENSILISx40ml HYDRA ESSENCE GEL,Title,Default Title,0004624
serum-fac-sensilisx30ml-upgrade-serum-re,SERUM FAC SENSILISx30ml UPGRADE SERUM RE,Title,Default Title,0004625
masc-fac-sensilisx50ml-supreme-noche,MASC FAC SENSILISx50ml SUPREME NOCHE,Title,Default Title,0004627
base-sensilisx30ml-upgrade-03-dore,BASE SENSILISx30ml UPGRADE 03 DORE,Title,Default Title,0004632
masc-fac-sensilisx50ml-upgrade-ar-sor,MASC FAC SENSILISx50ml UPGRADE AR SOR,Title,Default Title,0004630
shamp-davinesx280ml-oi,SHAMP DAVINESx280ml OI,Title,Default Title,0004694
masc-cap-davinesx250ml-nounou,MASC CAP DAVINESx250ml NOUNOU,Title,Default Title,0004692
shamp-davinesx250ml-love-curl,SHAMP DAVINESx250ml LOVE CURL,Title,Default Title,0004695
shamp-davinesx1000ml-nounou,SHAMP DAVINESx1000ml NOUNOU,Title,Default Title,0004697
shamp-davinesx250ml-rebalancing,SHAMP DAVINESx250ml REBALANCING,Title,Default Title,0004696
acond-davinesx1000ml-nounou,ACOND DAVINESx1000ml,Title,Default Title,0004698
shamp-davinesx250ml-minu,SHAMP DAVINESx250ml MINU,Title,Default Title,0004705
shamp-davinesx250ml-momo,SHAMP DAVINESx250ml MOMO,Title,Default Title,0004704
shamp-davinesx250ml-nounou,SHAMP DAVINESx250ml NOUNOU,Title,Default Title,0004702
shamp-davinesx250ml-solu,SHAMP DAVINESx250ml SOLU,Title,Default Title,0004706
masc-cap-davinesx250ml-minu,MASC CAP DAVINESx250ml MINU,Title,Default Title,0004708
masc-cap-davinesx1000ml-nounou,MASC CAP DAVINESx1000ml NOUNOU,Title,Default Title,0004707
masc-cap-davinesx250ml-love-curl,MASC CAP DAVINESx250ml LOVE CURL,Title,Default Title,0004709
labial-pupax3-5ml-volume-401-red-passion-1,LABIAL PUPAx3.5ml VOLUME 401 RED PASSION,Title,Default Title,0000243
base-pupax30ml-made-to-lask-20,BASE PUPAx30ml MADE TO LASK 020,Title,Default Title,0000290
delineador-pupax0-35g-503-malaquite-1,DELINEADOR PUPAx0.35g 503 MALAQUITE,Title,Default Title,0000324
delineador-pupax0-35g-400-blue-nigth-1,DELINEADOR PUPAx0.35g 400 BLUE NIGTH,Title,Default Title,0000321
polvo-pupax11g-ext-matt-030-nude-1,POLVO PUPAx11g EXT/MATT 030 NUDE,Title,Default Title,0000360
labial-pupax3-5ml-volume-304-rasberry-1,LABIAL PUPAx3.5ml VOLUME 304 RASBERRY,Title,Default Title,0000245
delineador-pupax2-5ml-vamp-200-brown-1,DELINEADOR PUPAx2.5ml VAMP 200 BROWN,Title,Default Title,0000277
pestanina-pupax9ml-vamp-100-extrablack-1,PESTANINA PUPAx9ml VAMP 100 EXTRABLACK,Title,Default Title,0000281
lapiz-lab-pupax1-2g-true-32-strawberr-1,LAPIZ LAB PUPAx1.2g TRUE 32 STRAWBERR,Title,Default Title,0000317
delineador-pupax0-35g-labios-401-shock-f-1,DELINEADOR PUPAx0.35g LABIOS 401 SHOCK F,Title,Default Title,0000339
primer-pupax30ml-me-004-sallow-skin-1,PRIMER PUPAx30ml ME 004 SALLOW SKIN,Title,Default Title,0000348
labial-liq-guerlainx6ml-l107-black-perfe-1,LABIAL LIQ GUERLAINx6ml L107 BLACK PERFE,Title,Default Title,0000386
labial-guerlainx3-5g-rouge-216,LABIAL GUERLAINx3.5g ROUGE 215,Title,Default Title,0000401
delineador-diorx0-2g-d-show-076-pearly-s-1,DELINEADOR DIORx0.2g D/SHOW 076 PEARLY S,Title,Default Title,0000468
base-lancomex30ml-idole-05-beige-noisett-1,BASE LANCOMEx30ml IDOLE 05 BEIGE NOISETT,Title,Default Title,0000553
pestanina-lancomex6ml-hypn-01-noir-water-1,PESTANINA LANCOMEx6ml HYPN 01 NOIR WATER,Title,Default Title,0000567
labial-liq-clarinsx7ml-intense-04-rosewo-1,LABIAL LIQ CLARINSx7ml INTENSE 04 ROSEWO,Title,Default Title,0000579
gel-fac-eucerinx200ml-limp-dermo-pure-1,GEL FAC EUCERINx200ml LIMP DERMO PURE,Title,Default Title,0000661
crema-fac-eucerinx50ml-dia-fps16-1,CREMA FAC EUCERINx50ml DIA FPS16,Title,Default Title,0000668
repelente-zimpikx110ml-toda-familia-1,REPELENTE ZIMPIKx110ml TODA/FAMILIA,Title,Default Title,0000691
shamp-octodirx220ml-plus-anticaspa-1,SHAMP OCTODIRx220ml PLUS ANTICASPA,Title,Default Title,0000700
exfol-fac-uriagex50ml-gel-p-norm-se-1,EXFOL FAC URIAGEx50ml GEL P NORM/SE,Title,Default Title,0000741
gel-fac-genovex30ml-f-base-gel-forte,GEL FAC GENOVEx30ml F/BASE GEL FORTE,Title,Default Title,0000756
shamp-isdinx200ml-nutradeica-anticaspa-1,SHAMP ISDINx200ml NUTRADEICA ANTICASPA,Title,Default Title,0000905
base-la-prairiex2undx15ml-almond-beige-1,BASE LA PRAIRIEx2undx15ml ALMOND BEIGE,Title,Default Title,0001056
serum-fac-guerlainx30ml-super-aqua-serum-1,SERUM FAC GUERLAINx30ml SUPER AQUA-SERUM,Title,Default Title,0001086
agua-perfume-salvatore-fx100ml-signorina-1,AGUA PERFUME SALVATORE/Fx100ml SIGNORINA,Title,Default Title,0001583
agua-perfume-montalex100ml-white-musk-1,AGUA PERFUME MONTALEx100ml WHITE MUSK,Title,Default Title,0001707
tinte-phytoxund-kit-9-very-light-blonde-1,TINTE PHYTOxund KIT 9 VERY LIGHT BLONDE,Title,Default Title,0001740
cepillo-moroccanoilxund-45-mm,CEPILLO MOROCCANOILxund 45 MM,Title,Default Title,0001758
shamp-moroccanoilx1000ml-smooth-1,SHAMP MOROCCANOILx1000ml SMOOTH,Title,Default Title,0001778
laca-sebastianx400ml-re-shaper-1,LACA SEBASTIANx400ml RE-SHAPER,Title,Default Title,0001848
perfume-cap-kerastasex100ml-chronologist-1,PERFUME CAP KERASTASEx100ml CHRONOLOGIST,Title,Default Title,0001869
masc-cap-kerastasex500ml-densif-dens,MASC CAP KERASTASEx500ml DENSIF DENS,Title,Default Title,0001977
termoprotector-lorea,TERMOPROTECTOR LOREA,Title,Default Title,0002010
masc-cap-rejuvenolx2,MASC CAP REJUVENOLx2,Title,Default Title,0002033
shamp-t-italyx300ml,SHAMP T/ITALYx300ml,Title,Default Title,0002084
shamp-t-italyx300ml-silk-system-shine-1,SHAMP T/ITALYx300ml SILK SYSTEM SHINE,Title,Default Title,0002089
shamp-t-italyx300ml-omni-restore-1,SHAMP T/ITALYx300ml OMNI RESTORE,Title,Default Title,0002099
ampolleta-cap-t-italyx10ml-proteggi,AMPOLLETA CAP T/ITALYx10ml PROTEGGI,Title,Default Title,0002113
shamp-authenticx300ml-glow-cleanser-1,SHAMP AUTHENTICx300ml GLOW CLEANSER,Title,Default Title,0002133
acond-authenticx250ml-spray-hydrate-1,ACOND AUTHENTICx250ml SPRAY HYDRATE,Title,Default Title,0002142
tinte-wellax58g-c-touch-8-35,TINTE WELLAx58g C/TOUCH 8/35,Title,Default Title,0002369
tinte-wellax60g-c-perfect-5-78,TINTE WELLAx60g C/PERFECT 5.77,Title,Default Title,0002376
tinte-lorealx50g-dialight-6-24,TINTE LOREALx50g DIALIGHT 6.23,Title,Default Title,0002427
tinte-t-italyx86g-5-11-castano-claro-cen-1,TINTE T/ITALYx86g 5.11 CASTANO CLARO CEN,Title,Default Title,0002466
tinte-t-italyx86g-9-rubio-clarisimo-1,TINTE T/ITALYx86g 9 RUBIO CLARISIMO,Title,Default Title,0002489
aplique-organicx6g-glitter10-meon-sky-1,APLIQUE ORGANICx6g GLITTER10 MEON SKY,Title,Default Title,0002566
aplique-organicx6g-glitter4-jet-cosmo-1,APLIQUE ORGANICx6g GLITTER4 JET COSMO,Title,Default Title,0002571
esmalte-belierx13ml-lila-visos-1,ESMALTE BELIERx13ml LILA VISOS,Title,Default Title,0002596
esmalte-belierx13ml-sweet-orange-1,ESMALTE BELIERx13ml SWEET ORANGE,Title,Default Title,0002604
esmalte-belierx13ml-salmon-pastel,ESMALTE BELIERx13ml SALMON PASTEL,Title,Default Title,0002656
esmalte-belierx13ml-morado-pandora-1,ESMALTE BELIERx13ml MORADO PANDORA,Title,Default Title,0002658
masc-cap-moroccanoil-1,MASC CAP MOROCCANOIL,Title,Default Title,0003589
masc-cap-schwarzkopf,MASC CAP SCHWARZKOPF,Title,Default Title,0003591
tinte-t-italyx86g-8,TINTE T/ITALYx86g 8.,Title,Default Title,0004183
shamp-moroccanoilx250ml-curl-1,SHAMP MOROCCANOILx250ml CURL,Title,Default Title,0004327
shamp-wellax1000ml-c-motion-protec-col,SHAMP WELLAx1000ml C/MOTION PROTEC COL,Title,Default Title,0004343
ampolleta-cap-alfaparfx13ml-beauty-genes-1,AMPOLLETA CAP ALFAPARFx13ml BEAUTY GENES,Title,Default Title,0004473
ampolleta-cap-kerastasex12ml-f-d-niacina-1,AMPOLLETA CAP KERASTASEx12ml F/D NIACINA,Title,Default Title,0004611
laca-sebastianx400ml-shaper-zero,LACA SEBASTIANx400ml SHAPER ZERO,Title,Default Title,0004647
shamp-davinesx250ml-energizing,SHAMP DAVINESx250ml ENERGIZING,Title,Default Title,0004731
shamp-davinesx250ml,SHAMP DAVINESx250ml,Title,Default Title,0004732
shamp-davinesx250ml-single,SHAMP DAVINESx250ml SINGLE,Title,Default Title,0004733
shamp-davinesx250ml-1,SHAMP DAVINESx250ml,Title,Default Title,0004734
shamp-davinesx500ml-cleansing-love-cur,SHAMP DAVINESx500ml CLEANSING LOVE CUR,Title,Default Title,0004736
serum-cap-davinesx150ml-minu-hair,SERUM CAP DAVINESx150ml MINU HAIR,Title,Default Title,0004742
tonico-cap-davinesx100ml-energizing-seas,TONICO CAP DAVINESx100ml ENERGIZING SEAS,Title,Default Title,0004747
trata-cap-davinesx250ml-love-revital,TRATA CAP DAVINESx250ml LOVE REVITAL,Title,Default Title,0004744
termoprotector-davinesx150ml-love-primer,TERMOPROTECTOR DAVINESx150ml LOVE PRIMER,Title,Default Title,0004746
masc-cap-davinesx50ml-quick-fix-circ,MASC CAP DAVINESx50ml QUICK FIX CIRC,Title,Default Title,0004748
gel-cap-davinesx125ml-more-inside-cream,GEL CAP DAVINESx125ml MORE INSIDE CREAM,Title,Default Title,0004754
serum-cap-davinesx250ml-more-inside-curl,SERUM CAP DAVINESx250ml MORE INSIDE CURL,Title,Default Title,0004756
masc-cap-davinesx50ml-spotlight-circ,MASC CAP DAVINESx50ml SPOTLIGHT CIRC,Title,Default Title,0004750
serum-cap-davinesx50ml-oi-oil,SERUM CAP DAVINESx50ml OI OIL,Title,Default Title,0004757
serum-cap-davinesx135ml-oi-oil,SERUM CAP DAVINESx135ml OI OIL,Title,Default Title,0004758
gel-cap-davinesx250ml-more-inside-medium,GEL CAP DAVINESx250ml MORE INSIDE MEDIUM,Title,Default Title,0004761
masc-cap-davinesx50ml-renaissance-ci,MASC CAP DAVINESx50ml RENAISSANCE CI,Title,Default Title,0004762
serum-cap-davinesx150ml-more-inside-text,SERUM CAP DAVINESx150ml MORE INSIDE TEXT,Title,Default Title,0004763
serum-cap-davinesx125ml-more-inside-moi,SERUM CAP DAVINESx125ml MORE INSIDE MOI,Title,Default Title,0004764
termoprotector-davinesx250ml-melu-hair-s,TERMOPROTECTOR DAVINESx250ml MELU HAIR S,Title,Default Title,0004765
masc-cap-davinesx100,MASC CAP DAVINESx100,Title,Default Title,0004766
trata-cap-davinesx300ml-liquid-luste,TRATA CAP DAVINESx300ml LIQUID LUSTE,Title,Default Title,0004767
serum-cap-davinesx150ml-sheer-glaze,SERUM CAP DAVINESx150ml SHEER GLAZE,Title,Default Title,0004769
gel-cap-davinesx150ml-energizing-gel,GEL CAP DAVINESx150ml ENERGIZING GEL,Title,Default Title,0004768
shamp-davinesx100g-barra-love,SHAMP DAVINESx100g BARRA LOVE,Title,Default Title,0004771
serum-cap-davinesx50ml-liquid-spell,SERUM CAP DAVINESx50ml LIQUID SPELL,Title,Default Title,0004773
serum-cap-davinesx100ml-nourishing-kera,SERUM CAP DAVINESx100ml NOURISHING KERA,Title,Default Title,0004774
masc-cap-davinesx250,MASC CAP DAVINESx250,Title,Default Title,0004775
masc-cap-davinesx250ml-hair-building,MASC CAP DAVINESx250ml HAIR BUILDING,Title,Default Title,0004777
laca-moroccanoilx205ml-texture-spray,LACA MOROCCANOILx205ml TEXTURE SPRAY,Title,Default Title,0004786
kit-perf-p-rabannex3,KIT PERF P/RABANNEx3,Title,Default Title,0004800
kit-perf-p-rabannex3und-1millon,KIT PERF P/RABANNEx3und 1MILLON,Title,Default Title,0004801
kit-perf-p-rabannex3und-1millon-agua-d-t,KIT PERF P/RABANNEx3und 1MILLON AGUA D/T,Title,Default Title,0004802
kit-perf-c-hx3und-212-men-h-agua-d-tocad,KIT PERF C.Hx3und 212 MEN H AGUA D/TOCAD,Title,Default Title,0004803
kit-perf-p-rabannex2und-fame-agua-d-perf,KIT PERF P/RABANNEx2und FAME AGUA D/PERF,Title,Default Title,0004806
kit-perf-jp-gaultterx3und-scandal-agua,KIT PERF JP/GAULTTERx3und SCANDAL AGUA,Title,Default Title,0004807
kit-perf-jp-gaultterx3und-le-male-men,KIT PERF JP/GAULTTERx3und LE MALE MEN,Title,Default Title,0004808
agua-tocador-p-raban,AGUA TOCADOR P/RABAN,Title,Default Title,0004809
agua-perfume-c-hx50ml-rose-212-vip,AGUA PERFUME C.Hx50ml ROSE 212 VIP,Title,Default Title,0004813
agua-tocador-c-hx50ml-c-h,AGUA TOCADOR C.Hx50ml C.H,Title,Default Title,0004818
agua-perfume-c-hx80ml-212-heroes,AGUA PERFUME C.Hx80ml 212 HEROES,Title,Default Title,0004819
agua-perfume-jp-gaultterx80ml-so-scandal,AGUA PERFUME JP/GAULTTERx80ml SO SCANDAL,Title,Default Title,0004821
agua-perfume-c-hx50ml-212-heroes,AGUA PERFUME C.Hx50ml 212 HEROES,Title,Default Title,0004820
agua-tocador-jp-gaultterx125ml-ultra-mal,AGUA TOCADOR JP/GAULTTERx125ml ULTRA MAL,Title,Default Title,0004824
agua-tocador-jp-gaul,AGUA TOCADOR JP/GAUL,Title,Default Title,0004826
agua-tocador-c-hx100ml-nyc-212-woman,AGUA TOCADOR C.Hx100ml NYC 212 WOMAN,Title,Default Title,0004837
agua-tocador-d-gx125ml-pour-homme-light,AGUA TOCADOR D&Gx125ml POUR HOMME LIGHT,Title,Default Title,0004875
agua-perfume-montalex100ml-soleil-de-cap,AGUA PERFUME MONTALEx100ml SOLEIL DE CAP,Title,Default Title,0004891
balsamo-fac-clarinsx50ml-beauty-flash,BALSAMO FAC CLARINSx50ml BEAUTY FLASH,Title,Default Title,0004902
polvo-sunaidx12g-compacto-piel-canela,POLVO SUNAIDx12g COMPACTO PIEL CANELA,Title,Default Title,0004918
espuma-fac-novadermax160ml-lipiel,ESPUMA FAC NOVADERMAx160ml LIPIEL,Title,Default Title,0004924
ampolleta-cap-kerastasex12ml-f-d-ceramid,AMPOLLETA CAP KERASTASEx12ml F/D CERAMID,Title,Default Title,0004928
gel-fac-eucerinx400ml-limp-dermo-pure,GEL FAC EUCERINx400ml LIMP DERMO PURE,Title,Default Title,0004932
shamp-t-italyx300ml-essential-oil,SHAMP T/ITALYx300ml ESSENTIAL OIL,Title,Default Title,0004936
serum-fac-eucerinx50ml-dermo-pure-oil-c,SERUM FAC EUCERINx50ml DERMO-PURE OIL C,Title,Default Title,0004935
shamp-schwarzkopfx1000ml-f-clinix-trib,SHAMP SCHWARZKOPFx1000ml F/CLINIX TRIB,Title,Default Title,0004949
gafas-versacexund-ove4433u-314-84-s-54,GAFAS VERSACExund OVE4433U 314/84 S:54,Title,Default Title,0004954
serum-cap-t-italyx125ml-essential-oil,SERUM CAP T/ITALYx125ml ESSENTIAL OIL,Title,Default Title,0004939
labial-pupax3-5g-im-102-strawberry,LABIAL PUPAx3.5g IM 102 STRAWBERRY,Title,Default Title,0004963
labial-pupax3-5g-im-304-red-tango,LABIAL PUPAx3.5g IM 304 RED TANGO,Title,Default Title,0004969
labial-pupax3-5g-im-308-burgundy,LABIAL PUPAx3.5g IM 308 BURGUNDY,Title,Default Title,0004971
labial-pupax3-5g-im-406-fuchsia-maniac,LABIAL PUPAx3.5g IM 406 FUCHSIA MANIAC,Title,Default Title,0004972
labial-pupax3-5g-im-407-intense-fuchsia,LABIAL PUPAx3.5g IM 407 INTENSE FUCHSIA,Title,Default Title,0004973
labial-liq-pupax4ml-lip-duo-005-deep-rub,LABIAL LIQ PUPAx4ml LIP DUO 005 DEEP RUB,Title,Default Title,0004976
labial-liq-pupax4ml-lip-duo-006-fire-red,LABIAL LIQ PUPAx4ml LIP DUO 006 FIRE RED,Title,Default Title,0004977
base-pupax30ml-no-transfer-100-porcelain,BASE PUPAx30ml NO TRANSFER 100 PORCELAIN,Title,Default Title,0004981
base-pupax30ml-no-transfer-200-sand,BASE PUPAx30ml NO TRANSFER 200 SAND,Title,Default Title,0004982
base-pupax30ml-no-transfer-300-natural-s,BASE PUPAx30ml NO TRANSFER 300 NATURAL S,Title,Default Title,0004983
agua-tocador-p-ellisx100ml-bold-red,AGUA TOCADOR P/ELLISx100ml BOLD RED,Title,Default Title,0004989
cera-cap-sebastianx75ml-craft-clay,CERA CAP SEBASTIANx75ml CRAFT CLAY,Title,Default Title,0005006
termoprotector-sebastianx150ml-trilliant,TERMOPROTECTOR SEBASTIANx150ml TRILLIANT,Title,Default Title,0005004
masc-cap-davinesx1000ml-love-curl,MASC CAP DAVINESx1000ml LOVE CURL,Title,Default Title,0005086
shamp-davinesx1000ml-love-curl,SHAMP DAVINESx1000ml LOVE CURL,Title,Default Title,0005085
shamp-davinesx1000ml-nourishing,SHAMP DAVINESx1000ml NOURISHING,Title,Default Title,0005089
acond-davinesx1000ml-love-curl,ACOND DAVINESx1000ml LOVE CURL,Title,Default Title,0005098
acond-davinesx1000ml-no0rishing-vegetari,ACOND DAVINESx1000ml NO0RISHING VEGETARI,Title,Default Title,0005090
shamp-wellax1000ml-elements-renewing,SHAMP WELLAx1000ml ELEMENTS RENEWING,Title,Default Title,0005167
trata-cap-wellax500ml-wellaplex,TRATA CAP WELLAx500ml WELLAPLEX,Title,Default Title,0005169
shamp-olaplexx250ml-4c-clarifying-bond,SHAMP OLAPLEXx250ml 4C CLARIFYING BOND,Title,Default Title,0005222
ampolleta-cap-t-italyx10ml-semi-di-lino,AMPOLLETA CAP T/ITALYx10ml SEMI DI LINO,Title,Default Title,0005224
polvo-acril-organicx14g-cover-pink,POLVO ACRIL ORGANICx14g COVER PINK,Title,Default Title,0005226
tinte-t-italyx86g-8-77-rubio-claro-viole,TINTE T/ITALYx86g 8.77 RUBIO CLARO VIOLE,Title,Default Title,0005234
tinte-t-italyx86g-6-231-hazelnut,TINTE T/ITALYx86g 6.231 HAZELNUT,Title,Default Title,0005235
tinte-t-italyx86g-7-40-rubio-cobre-lumin,TINTE T/ITALYx86g 7.40 RUBIO COBRE LUMIN,Title,Default Title,0005236
tinte-t-italyx86g-6-1-rubio-oscuro-ceniz,TINTE T/ITALYx86g 6.1 RUBIO OSCURO CENIZ,Title,Default Title,0005232
oxigenta-wellax1000ml-40-vol-12,OXIGENTA WELLAx1000ml 40 VOL 12%,Title,Default Title,0005237
agua-perfume-h-bossx100ml-bottled-eau,AGUA PERFUME H/BOSSx100ml BOTTLED EAU,Title,Default Title,0005267
agua-tocador-h-bossx75ml-iced,AGUA TOCADOR H/BOSSx75ml ICED,Title,Default Title,0005274
acces-sodhanaxund-aretes-s-ar68,ACCES SODHANAxund ARETES S-AR68,Title,Default Title,0005285
acces-sodhanaxund-piercing-s-ar140,ACCES SODHANAxund PIERCING S-AR140,Title,Default Title,0005297
acces-sodhanaxund-piercing-s-ar53,ACCES SODHANAxund PIERCING S-AR53,Title,Default Title,0005309
acces-sodhanaxund-piercing-s-ar110,ACCES SODHANAxund PIERCING S-AR110,Title,Default Title,0005311
acces-sodhanaxund-anillo-s-an37,ACCES SODHANAxund ANILLO S-AN37,Title,Default Title,0005318
acces-sodhanaxund-anillo-s-an48,ACCES SODHANAxund ANILLO S-AN48,Title,Default Title,0005319
acces-sodhanaxund-anillo-s-an23,ACCES SODHANAxund ANILLO S-AN23,Title,Default Title,0005321
acces-sodhanaxund-anillo-s-an38,ACCES SODHANAxund ANILLO S-AN38,Title,Default Title,0005322
acces-sodhanaxund-anillo-s-an42,ACCES SODHANAxund ANILLO S-AN42,Title,Default Title,0005324
acces-sodhanaxund-anillo-s-an45,ACCES SODHANAxund ANILLO S-AN45,Title,Default Title,0005325
acces-sodhanaxund-anillo-s-an44,ACCES SODHANAxund ANILLO S-AN44,Title,Default Title,0005326
acces-sodhanaxund-anillo-s-an51,ACCES SODHANAxund ANILLO S-AN51,Title,Default Title,0005329
acces-sodhanaxund-aretes-s-ar176,ACCES SODHANAxund ARETES S-AR176,Title,Default Title,0005331
gel-corp-moroccanoilx360ml-hand-wash,GEL CORP MOROCCANOILx360ml HAND WASH,Title,Default Title,0005336
acces-sodhanaxund-aretes-s-ar178,ACCES SODHANAxund ARETES S-AR178,Title,Default Title,0005333
shamp-phytox250ml-argent,SHAMP PHYTOx250ml ARGENT,Title,Default Title,0005367
shamp-phytox250ml-cedrat,SHAMP PHYTOx250ml CEDRAT,Title,Default Title,0005366
tinte-phytoxund-kit-8-3-light-golden-blo,TINTE PHYTOxund KIT 8.3 LIGHT GOLDEN BLO,Title,Default Title,0005369
agua-tocador-diorx150ml-homme,AGUA TOCADOR DIORx150ml HOMME,Title,Default Title,0005387
base-diorx50ml-backstage-3w-warm,BASE DIORx50ml BACKSTAGE 3W WARM,Title,Default Title,0005391
base-diorx50ml-backstage-4-5n-neutral,BASE DIORx50ml BACKSTAGE 4.5N NEUTRAL,Title,Default Title,0005399
base-diorx50ml-backstage-4-5w-warm,BASE DIORx50ml BACKSTAGE 4.5W WARM,Title,Default Title,0005402
base-diorx50ml-backstage-5wp-warm-peach,BASE DIORx50ml BACKSTAGE 5WP WARM PEACH,Title,Default Title,0005394
base-diorx50ml-backstage-4wo-olive,BASE DIORx50ml BACKSTAGE 4WO OLIVE,Title,Default Title,0005393
base-diorx50ml-backstage-3wp-warm-peach,BASE DIORx50ml BACKSTAGE 3WP WARM PEACH,Title,Default Title,0005403
base-diorx50ml-backstage-4n-neutral,BASE DIORx50ml BACKSTAGE 4N NEUTRAL,Title,Default Title,0005405
base-diorx50ml-backstage-4w-warm,BASE DIORx50ml BACKSTAGE 4W WARM,Title,Default Title,0005407
base-diorx50ml-backstage-4c-cool,BASE DIORx50ml BACKSTAGE 4C COOL,Title,Default Title,0005409
base-diorx50ml-backstage-6wp-warm-peach,BASE DIORx50ml BACKSTAGE 6WP WARM PEACH,Title,Default Title,0005410
base-diorx50ml-backstage-5w-warm,BASE DIORx50ml BACKSTAGE 5W WARM,Title,Default Title,0005408
labial-diorx3-2g-stellar-shine-673-diorc,LABIAL DIORx3.2g STELLAR/SHINE 673 DIORC,Title,Default Title,0005413
base-diorx70ml-airflash-2-5wo-321-warm-o,BASE DIORx70ml AIRFLASH 2.5WO 321 WARM O,Title,Default Title,0005418
labial-diorx3-2g-stellar-shine-759-diorl,LABIAL DIORx3.2g STELLAR/SHINE 759 DIORL,Title,Default Title,0005414
base-diorx70ml-airflash-4n-400-neutral,BASE DIORx70ml AIRFLASH 4N 400 NEUTRAL,Title,Default Title,0005417
serum-fac-diorx30ml-intense-rescue,SERUM FAC DIORx30ml INTENSE RESCUE,Title,Default Title,0005429
serum-fac-diorx40ml-hydra-life,SERUM FAC DIORx40ml HYDRA LIFE,Title,Default Title,0005430
iluminador-iconicx13-5ml-blush,ILUMINADOR ICONICx13.5ml BLUSH,Title,Default Title,0005436
crema-fac-diorx50ml-capture-youth,CREMA FAC DIORx50ml CAPTURE YOUTH,Title,Default Title,0005431
bruma-iconicx75ml-prep-set-tan-original,BRUMA ICONICx75ml PREP SET TAN ORIGINAL,Title,Default Title,0005442
fijador-maq-iconicx120ml-luminador-glow,FIJADOR MAQ ICONICx120ml LUMINADOR GLOW,Title,Default Title,0005444
base-iconicx30ml-s-smoother-neutral-medi,BASE ICONICx30ml S/SMOOTHER NEUTRAL MEDI,Title,Default Title,0005446
rubor-iconicx12-5ml-s-bronze-sun-kis,RUBOR ICONICx12.5ml S/BRONZE SUN KIS,Title,Default Title,0005453
contorno-iconicx3-5g-duo-light-shadow,CONTORNO ICONICx3.5g DUO LIGHT SHADOW,Title,Default Title,0005451
sombra-iconicxund-glaze-crayon-lava-coop,SOMBRA ICONICxund GLAZE CRAYON LAVA COOP,Title,Default Title,0005457
labial-liq-iconicx5ml-p-gloss-lovestruck,LABIAL LIQ ICONICx5ml P/GLOSS LOVESTRUCK,Title,Default Title,0005460
rubor-iconicx12-5ml-s-bronze-golden-hour,RUBOR ICONICx12.5ml S/BRONZE GOLDEN HOUR,Title,Default Title,0005454
labial-liq-iconicx5ml-p-gloss-nearly-nud,LABIAL LIQ ICONICx5ml P/GLOSS NEARLY NUD,Title,Default Title,0005464
rubor-iconicx12-5ml-sheer-blush-berry-bo,RUBOR ICONICx12.5ml SHEER/BLUSH BERRY BO,Title,Default Title,0005471
labial-liq-iconicx6ml-l-oil-queen-bee,LABIAL LIQ ICONICx6ml L/OIL QUEEN BEE,Title,Default Title,0005468
crema-fac-biodermax40ml-sensibio-rich-de,CREMA FAC BIODERMAx40ml SENSIBIO RICH DE,Title,Default Title,0005491
crema-fac-biodermax40ml-sensibio-defensi,CREMA FAC BIODERMAx40ml SENSIBIO DEFENSI,Title,Default Title,0005488
crema-fac-biodermax15ml-contorno-sen-eye,CREMA FAC BIODERMAx15ml CONTORNO SEN EYE,Title,Default Title,0005490
crema-corp-biodermax30ml-cicabio-spf50,CREMA CORP BIODERMAx30ml CICABIO SPF50,Title,Default Title,0005494
crema-fac-biodermax40ml-hydrabio-perfec,CREMA FAC BIODERMAx40ml HYDRABIO PERFEC,Title,Default Title,0005497
bloq-biodermax40ml-corp-nude-touch-ligh,BLOQ BIODERMAx40ml CORP NUDE TOUCH LIGH,Title,Default Title,0005510
desmaq-biodermax250ml-sebium-h2o,DESMAQ BIODERMAx250ml SEBIUM H2O,Title,Default Title,0005519
desmaq-biodermax200ml-sebium-gel-moussan,DESMAQ BIODERMAx200ml SEBIUM GEL MOUSSAN,Title,Default Title,0005521
gel-bano-biodermax500ml-atoderm,GEL BANO BIODERMAx500ml ATODERM,Title,Default Title,0005523
gel-bano-biodermax1000ml-atoderm,GEL BANO BIODERMAx1000ml ATODERM,Title,Default Title,0005524
aceite-corp-biodermax1000ml-atoderm-huil,ACEITE CORP BIODERMAx1000ml ATODERM HUIL,Title,Default Title,0005526
desmaq-biodermax500ml-sebium-h2o,DESMAQ BIODERMAx500ml SEBIUM H2O,Title,Default Title,0005529
crema-corp-biodermax500ml-atoderm-intens,CREMA CORP BIODERMAx500ml ATODERM INTENS,Title,Default Title,0005527
crema-fac-roche-posayx40ml-effa-duo,CREMA FAC ROCHE/POSAYx40ml EFFA DUO+,Title,Default Title,0005549
espuma-fac-sensilisx200ml-gentle-clea,ESPUMA FAC SENSILISx200ml GENTLE CLEA,Title,Default Title,0005552
esmalte-belierx13ml-almendra-frances,ESMALTE BELIERx13ml ALMENDRA FRANCES,Title,Default Title,0005562
esmalte-belierx13ml-azul-boreal,ESMALTE BELIERx13ml AZUL BOREAL,Title,Default Title,0005565
esmalte-belierx13ml-azul-frost,ESMALTE BELIERx13ml AZUL FROST,Title,Default Title,0005566
esmalte-belierx13ml-base-vital-purple,ESMALTE BELIERx13ml BASE VITAL/PURPLE,Title,Default Title,0005575
esmalte-belierx13ml-brillo-secante,ESMALTE BELIERx13ml BRILLO SECANTE,Title,Default Title,0005568
shamp-authenticx300ml-cool-glow-cleans,SHAMP AUTHENTICx300ml COOL GLOW CLEANS,Title,Default Title,0005586
gel-fac-sesdermax200ml-oceanskin-marine,GEL FAC SESDERMAx200ml OCEANSKIN MARINE,Title,Default Title,0005594
agua-perfume-p-rabannex80ml-olympea-flor,AGUA PERFUME P/RABANNEx80ml OLYMPEA FLOR,Title,Default Title,0005606
decolorante-wellax800g-blondor-plex,DECOLORANTE WELLAx800g BLONDOR PLEX,Title,Default Title,0005641
esmalte-belierx13ml-azul-cobalto,ESMALTE BELIERx13ml AZUL COBALTO,Title,Default Title,0005647
acond-wellax1000ml-elements-renewing,ACOND WELLAx1000ml ELEMENTS RENEWING,Title,Default Title,0005656
acond-wellax1000ml-color-motion,ACOND WELLAx1000ml COLOR MOTION,Title,Default Title,0005655
esmalte-belierx13ml-indigo-malva,ESMALTE BELIERx13ml INDIGO MALVA,Title,Default Title,0005651
acond-sebastianx250ml-dark-oil,ACOND SEBASTIANx250ml DARK OIL,Title,Default Title,0005659
acond-olaplexx1000ml-5-bond-maintenance,ACOND OLAPLEXx1000ml 5 BOND MAINTENANCE,Title,Default Title,0005684
panitos-desmaq-biodermax25und-sensibio,PANITOS DESMAQ BIODERMAx25und SENSIBIO,Title,Default Title,0005671
shamp-olaplexx1000ml-4c-clarifying-bon,SHAMP OLAPLEXx1000ml 4C CLARIFYING BON,Title,Default Title,0005686
kit-cap-moroccanoilx2undx500ml-blonde,KIT CAP MOROCCANOILx2undx500ml BLONDE,Title,Default Title,0005706
base-iconicx30ml-r-booster-sand-glow,BASE ICONICx30ml R/BOOSTER SAND GLOW,Title,Default Title,0005709
base-iconicx30ml-r-booster-honey-glow,BASE ICONICx30ml R/BOOSTER HONEY GLOW,Title,Default Title,0005712
base-iconicx30ml-r-booster-champagne-glo,BASE ICONICx30ml R/BOOSTER CHAMPAGNE GLO,Title,Default Title,0005713
polvo-iconicx17g-u-bronzing-deep-bronze,POLVO ICONICx17g U/BRONZING DEEP BRONZE,Title,Default Title,0005717
polvo-iconicx17g-u-bronzing-warm-bronze,POLVO ICONICx17g U/BRONZING WARM BRONZE,Title,Default Title,0005719
serum-lab-diorx5ml-lip-maximizer-serum,SERUM LAB DIORx5ml LIP MAXIMIZER SERUM,Title,Default Title,0005720
pestanina-diorx6g-d-show-255-blue-pump,PESTANINA DIORx6g D/SHOW 255 BLUE PUMP,Title,Default Title,0005723
labial-liq-diorx3-5g-rouge-100-nude-look,LABIAL LIQ DIORx3.5g ROUGE 100 NUDE LOOK,Title,Default Title,0005724
labial-diorx3-2g-stellar-halo-669-supers,LABIAL DIORx3.2g STELLAR/HALO 669 SUPERS,Title,Default Title,0005728
polvo-diorx10g-f-natural-velvet-4n-neutr,POLVO DIORx10g F/NATURAL VELVET 4N NEUTR,Title,Default Title,0005729
polvo-diorx10g-f-natural-velvet-1-5n-neu,"POLVO DIORx10g F/NATURAL VELVET 1,5N NEU",Title,Default Title,0005730
polvo-diorx10g-f-natural-velvet-2n-neutr,POLVO DIORx10g F/NATURAL VELVET 2N NEUTR,Title,Default Title,0005734
trata-cap-t-italyx300ml-d-facc-pro,TRATA CAP T/ITALYx300ml D/FACC PRO,Title,Default Title,0005762
shamp-schwarzkopfx300ml-f-clinix-purpl,SHAMP SCHWARZKOPFx300ml F/CLINIX PURPL,Title,Default Title,0005764
shamp-schwarzkopfx300ml-s-clinix-calma,SHAMP SCHWARZKOPFx300ml S/CLINIX CALMA,Title,Default Title,0005773
shamp-schwarzkopfx300ml-s-clinix-caspa,SHAMP SCHWARZKOPFx300ml S/CLINIX CASPA,Title,Default Title,0005775
shamp-schwarzkopfx300ml-s-clinix-grasa,SHAMP SCHWARZKOPFx300ml S/CLINIX GRASA,Title,Default Title,0005776
agua-tocador-adolfo-dx120ml-agua-f-jazmi,AGUA TOCADOR ADOLFO/Dx120ml AGUA F JAZMI,Title,Default Title,0005820
agua-perfume-c-hx50ml-good-girl-blush,AGUA PERFUME C.Hx50ml GOOD GIRL BLUSH,Title,Default Title,0005818
agua-perfume-polox100ml-bhpc-heritage-ou,AGUA PERFUME POLOx100ml BHPC HERITAGE OU,Title,Default Title,0005828
splash-polox200ml-bhpc-2-classic-fouger,SPLASH POLOx200ml BHPC #2 CLASSIC FOUGER,Title,Default Title,0005832
splash-polox200ml-bhpc-9-sparking-flora,SPLASH POLOx200ml BHPC #9 SPARKING FLORA,Title,Default Title,0005833
agua-tocador-salvatore-fx50ml-men,AGUA TOCADOR SALVATORE/Fx50ml MEN,Title,Default Title,0005839
agua-tocador-calvin-kleinx50ml-one,AGUA TOCADOR CALVIN KLEINx50ml ONE,Title,Default Title,0005840
splash-guessx250ml-passion-kiss,SPLASH GUESSx250ml PASSION KISS,Title,Default Title,0005851
agua-perfume-salvatore-fx50ml-signorina,AGUA PERFUME SALVATORE/Fx50ml SIGNORINA,Title,Default Title,0005854
splash-guessx250ml-romantic-blush,SPLASH GUESSx250ml ROMANTIC BLUSH,Title,Default Title,0005850
splash-guessx250ml-girl-belle,SPLASH GUESSx250ml GIRL BELLE,Title,Default Title,0005858
agua-perfume-salvatore-fx100ml-amo-per-l,AGUA PERFUME SALVATORE/Fx100ml AMO PER L,Title,Default Title,0005859
splash-guessx250ml-fragance-mist-girl,SPLASH GUESSx250ml FRAGANCE MIST GIRL,Title,Default Title,0005865
bloq-vichyx50ml-fac-c-soleil-acabado-s,BLOQ VICHYx50ml FAC C/SOLEIL ACABADO S,Title,Default Title,0005872
bloq-vichyx50ml-fac-c-soleil-color-aca,BLOQ VICHYx50ml FAC C/SOLEIL COLOR ACA,Title,Default Title,0005873
crema-corp-ceravex34,CREMA CORP CERAVEx34,Title,Default Title,0005896
delineador-pupax1-1ml-001-eyebrow-liner,DELINEADOR PUPAx1.1ml 001 EYEBROW LINER,Title,Default Title,0005901
delineador-pupax1-1ml-003-eyebrow-liner,DELINEADOR PUPAx1.1ml 003 EYEBROW LINER,Title,Default Title,0005902
pestanina-pupax9ml-vamp-forever-111,PESTANINA PUPAx9ml VAMP/FOREVER 111,Title,Default Title,0005907
pestanina-pupax12ml-vamp-sexy-la-011,PESTANINA PUPAx12ml VAMP/SEXY LA 011,Title,Default Title,0005913
delineador-pupax1-1ml-002-eyebrow-liner,DELINEADOR PUPAx1.1ml 002 EYEBROW LINER,Title,Default Title,0005903
agua-perfume-h-bossx100ml-t-scent-abs-me,AGUA PERFUME H/BOSSx100ml T/SCENT ABS ME,Title,Default Title,0005916
polvo-pupax7-5g-wonder-me-040,POLVO PUPAx7.5g WONDER/ME 040,Title,Default Title,0005918
polvo-pupax7-5g-wonder-me-020,POLVO PUPAx7.5g WONDER/ME 020,Title,Default Title,0005919
polvo-pupax7-5g-wonder-me-050,POLVO PUPAx7.5g WONDER/ME 050,Title,Default Title,0005921
polvo-pupax7-5g-wonder-me-030,POLVO PUPAx7.5g WONDER/ME 030,Title,Default Title,0005920
rubor-pupax4g-004-extreme-blush-matt,RUBOR PUPAx4g 004 EXTREME BLUSH MATT,Title,Default Title,0005922
rubor-pupax4g-006-extreme-blush-matt,RUBOR PUPAx4g 006 EXTREME BLUSH MATT,Title,Default Title,0005923
rubor-pupax4g-002-extreme-blush-matt,RUBOR PUPAx4g 002 EXTREME BLUSH MATT,Title,Default Title,0005926
rubor-pupax4g-005-extreme-blush-matt,RUBOR PUPAx4g 005 EXTREME BLUSH MATT,Title,Default Title,0005924
maq-cejas-pupax4ml-002-eyebrow-plump,MAQ CEJAS PUPAx4ml 002 EYEBROW PLUMP,Title,Default Title,0005927
maq-cejas-pupax4ml-001-eyebrow-plump,MAQ CEJAS PUPAx4ml 001 EYEBROW PLUMP,Title,Default Title,0005928
maq-cejas-pupax4ml-003-eyebrow-plump,MAQ CEJAS PUPAx4ml 003 EYEBROW PLUMP,Title,Default Title,0005931
maq-cejas-pupax4ml-100-eyebrow-fixing,MAQ CEJAS PUPAx4ml 100 EYEBROW FIXING,Title,Default Title,0005930
labial-liq-pupax4ml-lip-duo-001-hot-cora,LABIAL LIQ PUPAx4ml LIP DUO 001 HOT CORA,Title,Default Title,0005936
delineador-pupax1ml-001-skinny-liner,DELINEADOR PUPAx1ml 001 SKINNY LINER,Title,Default Title,0005937
delineador-pupax1-5ml-vamp-100-extrablac,DELINEADOR PUPAx1.5ml VAMP 100 EXTRABLAC,Title,Default Title,0005938
polvo-pupax9g-like-doll-004,POLVO PUPAx9g LIKE/DOLL 004,Title,Default Title,0005940
labial-pupax2-4ml-miss-604-elite,LABIAL PUPAx2.4ml MISS 604 ELITE,Title,Default Title,0005945
labial-pupax2-4ml-miss-201-cinderella,LABIAL PUPAx2.4ml MISS 201 CINDERELLA,Title,Default Title,0005944
delineador-pupax0-35g-101-stone-grey,DELINEADOR PUPAx0.35g 101 STONE GREY,Title,Default Title,0005947
delineador-pupax0-35g-200-desert-taupe,DELINEADOR PUPAx0.35g 200 DESERT TAUPE,Title,Default Title,0005948
delineador-pupax0-35g-501-green,DELINEADOR PUPAx0.35g 501 GREEN,Title,Default Title,0005949
lapiz-cejas-pupax0-09g-eyebrow-001-blond,LAPIZ CEJAS PUPAx0.09g EYEBROW 001 BLOND,Title,Default Title,0005953
lapiz-cejas-pupax0-09g-eyebrow-003-dark,LAPIZ CEJAS PUPAx0.09g EYEBROW 003 DARK,Title,Default Title,0005954
lapiz-cejas-pupax0-09g-eyebrow-004-extra,LAPIZ CEJAS PUPAx0.09g EYEBROW 004 EXTRA,Title,Default Title,0005952
lapiz-lab-pupax1-2g-true-004,LAPIZ LAB PUPAx1.2g TRUE 004,Title,Default Title,0005958
lapiz-lab-pupax1-2g-true-003,LAPIZ LAB PUPAx1.2g TRUE 003,Title,Default Title,0005960
lapiz-lab-pupax1-2g-true-022,LAPIZ LAB PUPAx1.2g TRUE 022,Title,Default Title,0005964
lapiz-lab-pupax1-2g-true-007,LAPIZ LAB PUPAx1.2g TRUE 007,Title,Default Title,0005965
lapiz-lab-pupax1-2g-true-002,LAPIZ LAB PUPAx1.2g TRUE 002,Title,Default Title,0005966
lapiz-lab-pupax1-2g-true-033,LAPIZ LAB PUPAx1.2g TRUE 033,Title,Default Title,0005967
polvo-cap-alfaparfx8g-s-stories-vintage,POLVO CAP ALFAPARFx8g S/STORIES VINTAGE,Title,Default Title,0005972
shamp-olaplexx178g-4d-dry-clean-volume,SHAMP OLAPLEXx178g 4D DRY CLEAN VOLUME,Title,Default Title,0005973
tonico-fac-biretixx100ml-tri-act-anti-sp,TONICO FAC BIRETIXx100ml TRI ACT ANTI SP,Title,Default Title,0005979
masc-cap-kerastasex200ml-symbiose-re,MASC CAP KERASTASEx200ml SYMBIOSE RE,Title,Default Title,0005982
shamp-kerastasex1000ml-symbiose-purete,SHAMP KERASTASEx1000ml SYMBIOSE PURETE,Title,Default Title,0005983
exfol-capx200ml-symbiose-micro-peel,EXFOL CAPx200ml SYMBIOSE MICRO-PEEL,Title,Default Title,0005984
serum-cap-kerastasex90ml-symbiose-cellul,SERUM CAP KERASTASEx90ml SYMBIOSE CELLUL,Title,Default Title,0005986
shamp-kerastasex250ml-symbiose-anti-pe,SHAMP KERASTASEx250ml SYMBIOSE ANTI-PE,Title,Default Title,0005988
tinte-wellax60g-c-perfect-4-77,TINTE WELLAx60g C/PERFECT 4.77,Title,Default Title,0005992
masc-cap-kerastasex500ml-symbiose-re,MASC CAP KERASTASEx500ml SYMBIOSE RE,Title,Default Title,0005987
trata-cap-wellax500ml-color-motion-p,TRATA CAP WELLAx500ml COLOR MOTION P,Title,Default Title,0005994
decolorante-wellaxg-blondor-plex,DECOLORANTE WELLAxg BLONDOR PLEX,Title,Default Title,0005995
acond-t-italyx300ml-curls,ACOND T/ITALYx300ml CURLS,Title,Default Title,0005999
crema-peinar-t-italyx300ml-curls,CREMA PEINAR T/ITALYx300ml CURLS,Title,Default Title,0006000
gel-cap-t-italyx300ml-curls-definition-g,GEL CAP T/ITALYx300ml CURLS DEFINITION G,Title,Default Title,0006001
tinte-t-italyx113g-vibrant-sand-arena,TINTE T/ITALYx113g VIBRANT SAND/ARENA,Title,Default Title,0006004
tinte-t-italyx113g-vibrant-violet-violet,TINTE T/ITALYx113g VIBRANT VIOLET/VIOLET,Title,Default Title,0006007
tinte-t-italyx113g-vibrant-black-negro,TINTE T/ITALYx113g VIBRANT BLACK/NEGRO,Title,Default Title,0006008
tinte-t-italyx113g-vibrant-silver-plata,TINTE T/ITALYx113g VIBRANT SILVER/PLATA,Title,Default Title,0006009
tinte-t-italyx113g-vibrant-clear-trasluc,TINTE T/ITALYx113g VIBRANT CLEAR/TRASLUC,Title,Default Title,0006010
acces-sodhanaxund-piercing-s-ar134,ACCES SODHANAxund PIERCING S-AR134,Title,Default Title,0006026
esmalte-belierx13ml-glitter-champagne,ESMALTE BELIERx13ml GLITTER CHAMPAGNE,Title,Default Title,0006016
acces-sodhanaxund-piercing-s-ar191,ACCES SODHANAxund PIERCING S-AR191,Title,Default Title,0006056
acces-sodhanaxund-anillo-s-an61,ACCES SODHANAxund ANILLO S-AN61,Title,Default Title,0006027
acces-sodhanaxund-anillo-s-an54,ACCES SODHANAxund ANILLO S-AN54,Title,Default Title,0006065
acces-sodhanaxund-aretes-s-ar107,ACCES SODHANAxund ARETES S-AR107,Title,Default Title,0006061
masc-fac-clarinsx50ml-re-charge-nuit,MASC FAC CLARINSx50ml RE CHARGE NUIT,Title,Default Title,0006071
acces-sodhanaxund-aretes-s-ar235,ACCES SODHANAxund ARETES S-AR235,Title,Default Title,0006069
masc-fac-clarinsx50ml-clear-out,MASC FAC CLARINSx50ml CLEAR-OUT,Title,Default Title,0006073
acces-sodhanaxund-piercing-s-ar223,ACCES SODHANAxund PIERCING S-AR223,Title,Default Title,0006068
labial-clarinsx3-5g-j-rouge-752-rosewood,LABIAL CLARINSx3.5g J/ROUGE 752 ROSEWOOD,Title,Default Title,0006076
base-clarinsx30ml-milky-boost-06,BASE CLARINSx30ml MILKY BOOST 06,Title,Default Title,0006085
base-clarinsx30ml-milky-boost-03-5,BASE CLARINSx30ml MILKY BOOST 03.5,Title,Default Title,0006086
base-clarinsx30ml-milky-boost-02,BASE CLARINSx30ml MILKY BOOST 02,Title,Default Title,0006087
base-clarinsx30ml-milky-boost-02-5,BASE CLARINSx30ml MILKY BOOST 02.5,Title,Default Title,0006088
base-clarinsx30ml-ilusion-velvet-112-5w,BASE CLARINSx30ml ILUSION VELVET 112.5W,Title,Default Title,0006099
base-clarinsx30ml-ilusion-velvet-109c,BASE CLARINSx30ml ILUSION VELVET 109C,Title,Default Title,0006098
labial-liq-clarinsx12ml-perfec-19-intens,LABIAL LIQ CLARINSx12ml PERFEC 19 INTENS,Title,Default Title,0006113
agua-perfume-d-gx50ml-velvet-love,AGUA PERFUME D&Gx50ml VELVET LOVE,Title,Default Title,0006120
shamp-moroccanoilx1000ml-color-care,SHAMP MOROCCANOILx1000ml COLOR CARE,Title,Default Title,0006132
crema-fac-clarinsx50ml-re-boost-matite,CREMA FAC CLARINSx50ml RE-BOOST MATITE,Title,Default Title,0006134
acond-moroccanoilx1000ml-color-care,ACOND MOROCCANOILx1000ml COLOR CARE,Title,Default Title,0006133
agua-perfume-m-micalletx100ml-royal-rose,AGUA PERFUME M/MICALLETx100ml ROYAL ROSE,Title,Default Title,0006145
contorno-diorx15ml-cooling-hydrtion-sorb,CONTORNO DIORx15ml COOLING HYDRTION SORB,Title,Default Title,0006155
crema-fac-diorx50ml-capture-totale-cell,CREMA FAC DIORx50ml CAPTURE TOTALE CELL,Title,Default Title,0006158
crema-fac-diorx15ml-capture-totale-cell,CREMA FAC DIORx15ml CAPTURE TOTALE CELL,Title,Default Title,0006159
crema-fac-diorx50ml-hydra-life,CREMA FAC DIORx50ml HYDRA LIFE,Title,Default Title,0006160
serum-fac-diorx30ml-le-nectar-prestige,SERUM FAC DIORx30ml LE NECTAR PRESTIGE,Title,Default Title,0006157
crema-fac-diorx50ml-capture-totale-ferme,CREMA FAC DIORx50ml CAPTURE TOTALE FERME,Title,Default Title,0006162
kit-fac-diorx3und-capture-totale-azul,KIT FAC DIORx3und CAPTURE TOTALE AZUL,Title,Default Title,0006163
kit-fac-diorx4und-capture-totale-azul,KIT FAC DIORx4und CAPTURE TOTALE AZUL,Title,Default Title,0006164
delineador-diorx0-2g-d-show-091-matte-bl,DELINEADOR DIORx0.2g D/SHOW 091 MATTE BL,Title,Default Title,0006177
serum-fac-diorx50ml-la-micro-huile-de-ro,SERUM FAC DIORx50ml LA MICRO-HUILE DE RO,Title,Default Title,0006178
desmaq-diorx120g-la-mousse-micellai,DESMAQ DIORx120g LA MOUSSE MICELLAI,Title,Default Title,0006180
leche-fac-diorx200ml-le-lait-demaquillan,LECHE FAC DIORx200ml LE LAIT DEMAQUILLAN,Title,Default Title,0006181
desmaq-diorx200ml-leau-demaquillante,DESMAQ DIORx200ml LEAU DEMAQUILLANTE,Title,Default Title,0006182
espuma-fac-diorx150ml-la-mousse-off-on,ESPUMA FAC DIORx150ml LA MOUSSE OFF/ON,Title,Default Title,0006183
tinte-t-italyx86g-5-3-castano-claro-dora,TINTE T/ITALYx86g 5.3 CASTANO CLARO DORA,Title,Default Title,0006204
gel-cap-t-italyx1000ml-curls-definition,GEL CAP T/ITALYx1000ml CURLS DEFINITION,Title,Default Title,0006205
tonico-cap-isdinx125ml-lambdapil-anticai,TONICO CAP ISDINx125ml LAMBDAPIL ANTICAI,Title,Default Title,0006197
termoprotector-schwarzkopfx150ml-vibranc,TERMOPROTECTOR SCHWARZKOPFx150ml VIBRANC,Title,Default Title,0006208
shamp-kerastasex250ml-nutritiv-satin-r,SHAMP KERASTASEx250ml NUTRITIV SATIN R,Title,Default Title,0006211
masc-cap-kerastasex200ml-nutr-masqui,MASC CAP KERASTASEx200ml NUTR MASQUI,Title,Default Title,0006210
shamp-kerastasex250ml-nutritiv-satin,SHAMP KERASTASEx250ml NUTRITIV SATIN,Title,Default Title,0006213
termoprotector-kerastasex150ml-lot-therm,TERMOPROTECTOR KERASTASEx150ml LOT THERM,Title,Default Title,0006214
perfume-al-haramainx60ml-amber-o-blue-ed,PERFUME AL HARAMAINx60ml AMBER/O BLUE ED,Title,Default Title,0006218
perfume-al-haramainx60ml-amber-o-carbon,PERFUME AL HARAMAINx60ml AMBER/O CARBON,Title,Default Title,0006220
perfume-al-haramainx60ml-amber-o-white-e,PERFUME AL HARAMAINx60ml AMBER/O WHITE E,Title,Default Title,0006222
perfume-al-haramainx60ml-amber-o-gold-ed,PERFUME AL HARAMAINx60ml AMBER/O GOLD ED,Title,Default Title,0006216
perfume-al-haramainx100ml-laventure-femm,PERFUME AL HARAMAINx100ml LAVENTURE FEMM,Title,Default Title,0006224
perfume-al-haramainx200ml-laventure-gold,PERFUME AL HARAMAINx200ml LAVENTURE GOLD,Title,Default Title,0006228
perfume-alexandrex100ml-iris-violet,PERFUME ALEXANDREx100ml IRIS VIOLET,Title,Default Title,0006230
perfume-alexandrex100ml-zafeer-oud-vanil,PERFUME ALEXANDREx100ml ZAFEER OUD VANIL,Title,Default Title,0006231
perfume-kajalx100ml-lamar-by-kajal,PERFUME KAJALx100ml LAMAR BY KAJAL,Title,Default Title,0006232
perfume-kajalx100ml-homme-by-kajal,PERFUME KAJALx100ml HOMME BY KAJAL,Title,Default Title,0006233
perfume-kajalx100ml-almaz-by-kajal,PERFUME KAJALx100ml ALMAZ BY KAJAL,Title,Default Title,0006235
perfume-kajalx100ml-faris-by-kajal,PERFUME KAJALx100ml FARIS BY KAJAL,Title,Default Title,0006236
perfume-orienticax80ml-velvet-gold,PERFUME ORIENTICAx80ml VELVET GOLD,Title,Default Title,0006240
perfume-orienticax80-ml-royal-bleu,PERFUME ORIENTICAx80 ml ROYAL BLEU,Title,Default Title,0006241
kit-perf-orienticax3und-oud-saffron-gift,KIT PERF ORIENTICAx3und OUD SAFFRON GIFT,Title,Default Title,0006242
esmalte-mavalax10ml-base-stop-antimorded,ESMALTE MAVALAx10ml BASE STOP ANTIMORDED,Title,Default Title,0006246
esmalte-mavalax10ml-base-doble-accion-02,ESMALTE MAVALAx10ml BASE DOBLE ACCION 02,Title,Default Title,0006249
esmalte-mavalax10ml-brillo-t-coat-acab,ESMALTE MAVALAx10ml BRILLO T/COAT ACAB,Title,Default Title,0006250
aceite-unas-mavalax4-5ml-mavapen-hui,ACEITE UNAS MAVALAx4.5ml MAVAPEN HUI,Title,Default Title,0006253
shamp-stmntx750ml,SHAMP STMNTx750ml,Title,Default Title,0006258
base-sensilisx30ml-pure-age-perf-02-sand,BASE SENSILISx30ml PURE AGE PERF 02 SAND,Title,Default Title,0006267
base-sensilisx30ml-pure-age-perf-04-pech,BASE SENSILISx30ml PURE AGE PERF 04 PECH,Title,Default Title,0006268
tinte-t-italyx86g-1000-1-rubio-clarisimo,TINTE T/ITALYx86g 1000.1 RUBIO CLARISIMO,Title,Default Title,0006280
tinte-t-italyx86g-7-2-rubio-nacarado,TINTE T/ITALYx86g 7.2 RUBIO NACARADO,Title,Default Title,0006282
tonico-cap-nioxinx70ml-anti-hair-loss-se,TONICO CAP NIOXINx70ml ANTI-HAIR LOSS SE,Title,Default Title,0006300
trata-cap-davinesx750ml-intense-hear,TRATA CAP DAVINESx750ml INTENSE HEAR,Title,Default Title,0006329
perfume-cap-moroccanoilx100ml-brumes-du,PERFUME CAP MOROCCANOILx100ml BRUMES DU,Title,Default Title,0006330
potenciador-alfaparfx150ml-nourishment,POTENCIADOR ALFAPARFx150ml NOURISHMENT,Title,Default Title,0006338
potenciador-alfaparfx150ml-glow,POTENCIADOR ALFAPARFx150ml GLOW,Title,Default Title,0006340
masc-cap-authenticx200ml-hydrate-int,MASC CAP AUTHENTICx200ml HYDRATE INT,Title,Default Title,0006362
gel-cap-authenticx250ml-hydrate-curl-enh,GEL CAP AUTHENTICx250ml HYDRATE CURL ENH,Title,Default Title,0006363
serum-cap-authenticx100ml-hydrate-smooth,SERUM CAP AUTHENTICx100ml HYDRATE SMOOTH,Title,Default Title,0006364
shamp-davinesx1000ml-momo,SHAMP DAVINESx1000ml MOMO,Title,Default Title,0006365
acond-davinesx1000ml-momo,ACOND DAVINESx1000ml MOMO,Title,Default Title,0006366
acond-olaplexx250ml-5p-blonde-enhancer,ACOND OLAPLEXx250ml 5P BLONDE ENHANCER,Title,Default Title,0006373
masc-cap-rejuvenolx236ml-rejuveplex,MASC CAP REJUVENOLx236ml REJUVEPLEX,Title,Default Title,0006376
acond-rejuvenolx473ml-repair,ACOND REJUVENOLx473ml REPAIR,Title,Default Title,0006374
agua-perfume-lancomex100ml-intensement,AGUA PERFUME LANCOMEx100ml INTENSEMENT,Title,Default Title,0006386
shamp-kerastasex1000ml-nutritiv-satin,SHAMP KERASTASEx1000ml NUTRITIV SATIN,Title,Default Title,0006382
agua-tocador-loewex100ml-agua-mar-de-cor,AGUA TOCADOR LOEWEx100ml AGUA MAR DE COR,Title,Default Title,0006393
agua-perfume-giorgio-ax150ml-my-way,AGUA PERFUME GIORGIO/Ax150ml MY WAY,Title,Default Title,0006411
agua-tocador-dieselx75ml-o-t-b-sound,AGUA TOCADOR DIESELx75ml O.T.B SOUND,Title,Default Title,0006423
agua-perfume-muglerx50ml-angel-elixir,AGUA PERFUME MUGLERx50ml ANGEL ELIXIR,Title,Default Title,0006419
agua-perfume-creedx100ml-viking,AGUA PERFUME CREEDx100ml VIKING,Title,Default Title,0006429
splash-p-hiltonx236ml-heiress,SPLASH P/HILTONx236ml HEIRESS,Title,Default Title,0006434
splash-j-lopezx240ml-live,SPLASH J/LOPEZx240ml LIVE,Title,Default Title,0006437
splash-j-lopezx240ml-miami-glow,SPLASH J/LOPEZx240ml MIAMI GLOW,Title,Default Title,0006438
agua-perfume-givenchyx100ml-gentleman-bo,AGUA PERFUME GIVENCHYx100ml GENTLEMAN BO,Title,Default Title,0006447
agua-tocador-guerlainx125ml-a-alle-forte,AGUA TOCADOR GUERLAINx125ml A/ALLE FORTE,Title,Default Title,0006444
agua-tocador-guerlainx125ml-a-alle-berga,AGUA TOCADOR GUERLAINx125ml A/ALLE BERGA,Title,Default Title,0006445
agua-perfume-giorgio-ax90ml-my-way-inten,AGUA PERFUME GIORGIO/Ax90ml MY WAY INTEN,Title,Default Title,0006453
agua-tocador-emporio-ax100ml-stronger-wi,AGUA TOCADOR EMPORIO/Ax100ml STRONGER WI,Title,Default Title,0006451
agua-perfume-giorgio-ax100ml-acqua-gioia,AGUA PERFUME GIORGIO/Ax100ml ACQUA GIOIA,Title,Default Title,0006458
agua-tocador-hermesx100ml-voyage,AGUA TOCADOR HERMESx100ml VOYAGE,Title,Default Title,0006476
agua-tocador-loewex100ml-7,AGUA TOCADOR LOEWEx100ml 7,Title,Default Title,0006482
kit-perf-p-rabannex3und-invictus-agua,KIT PERF P/RABANNEx3und INVICTUS AGUA,Title,Default Title,0006495
kit-perf-p-rabannex2und-lady-m-fabulous,KIT PERF P/RABANNEx2und LADY/M FABULOUS,Title,Default Title,0006496
kit-perf-c-hx3und-bad-boy-agua-d-tocador,KIT PERF C.Hx3und BAD BOY AGUA D/TOCADOR,Title,Default Title,0006497
kit-perf-p-rabannex2und-phantom-agua-d-t,KIT PERF P/RABANNEx2und PHANTOM AGUA D/T,Title,Default Title,0006499
kit-perf-p-rabannex2und-pure-xs-agua-d-t,KIT PERF P/RABANNEx2und PURE XS AGUA D/T,Title,Default Title,0006500
agua-perfume-jp-gaultterx100ml-divine,AGUA PERFUME JP/GAULTTERx100ml DIVINE,Title,Default Title,0006502
agua-perfume-jp-gaultterx125ml-elixir,AGUA PERFUME JP/GAULTTERx125ml ELIXIR,Title,Default Title,0006503
agua-tocador-c-hx50ml-bad-boy,AGUA TOCADOR C.Hx50ml BAD BOY,Title,Default Title,0006508
agua-perfume-p-rabannex50ml-phantom-nigh,AGUA PERFUME P/RABANNEx50ml PHANTOM NIGH,Title,Default Title,0006512
agua-perfume-jp-gaultterx75ml-elixir,AGUA PERFUME JP/GAULTTERx75ml ELIXIR,Title,Default Title,0006515
agua-perfume-c-hx50ml-bad-boy-extreme,AGUA PERFUME C.Hx50ml BAD BOY EXTREME,Title,Default Title,0006517
agua-perfume-c-hx80ml-good-girl,AGUA PERFUME C.Hx80ml GOOD GIRL,Title,Default Title,0006518
agua-perfume-jp-gaultterx50ml-scandal-me,AGUA PERFUME JP/GAULTTERx50ml SCANDAL ME,Title,Default Title,0006523
agua-perfume-c-hx100ml-c-h-pasion,AGUA PERFUME C.Hx100ml C.H PASION,Title,Default Title,0006525
serum-fac-uriagex30ml-eau-termale-booste,SERUM FAC URIAGEx30ml EAU TERMALE BOOSTE,Title,Default Title,0006532
emulsion-facial-neoretinx30ml-discrom-co,EMULSION FACIAL NEORETINx30ml DISCROM CO,Title,Default Title,0006533
shamp-apivitax250ml-color-seal,SHAMP APIVITAx250ml COLOR SEAL,Title,Default Title,0006537
shamp-apivitax250ml-tonic,SHAMP APIVITAx250ml TONIC,Title,Default Title,0006539
masc-cap-apivitax200ml-color-protect,MASC CAP APIVITAx200ml COLOR PROTECT,Title,Default Title,0006544
kit-cap-moroccanoilx2und-deluxe-wonders,KIT CAP MOROCCANOILx2und DELUXE WONDERS,Title,Default Title,0006557
esmalte-belierx13ml-verde-salvia,ESMALTE BELIERx13ml VERDE SALVIA,Title,Default Title,0006558
cepillo-wet-brushxund-bwp831-rosa,CEPILLO WET/BRUSHxund BWP831 ROSA,Title,Default Title,0006567
cepillo-wet-brushxund-bwp831-negro,CEPILLO WET/BRUSHxund BWP831 NEGRO,Title,Default Title,0006565
cepillo-wet-brushxund-bwp831-royal-azul,CEPILLO WET/BRUSHxund BWP831 ROYAL AZUL,Title,Default Title,0006569
esmalte-belierx13ml-azul-ceruleo,ESMALTE BELIERx13ml AZUL CERULEO,Title,Default Title,0006581
esmalte-belierx13ml-purpura-fenicia,ESMALTE BELIERx13ml PURPURA FENICIA,Title,Default Title,0006584
esmalte-belierx13ml-glitter-jade,ESMALTE BELIERx13ml GLITTER JADE,Title,Default Title,0006587
esmalte-belierx13ml-b-gel-nude-baru,ESMALTE BELIERx13ml B/GEL NUDE BARU,Title,Default Title,0006592
esmalte-belierx13ml-b-gel-rojo-mariachi,ESMALTE BELIERx13ml B/GEL ROJO MARIACHI,Title,Default Title,0006594
remov-esmalte-belierx120ml-humectacion,REMOV ESMALTE BELIERx120ml HUMECTACION,Title,Default Title,0006588
esmalte-belierx13ml-b-gel-azul-egeo,ESMALTE BELIERx13ml B/GEL AZUL EGEO,Title,Default Title,0006598
esmalte-belierx13ml-b-gel-azul-porteno,ESMALTE BELIERx13ml B/GEL AZUL PORTENO,Title,Default Title,0006599
esmalte-belierx13ml-b-gel-nude-alpaca,ESMALTE BELIERx13ml B/GEL NUDE ALPACA,Title,Default Title,0006602
esmalte-belierx13ml-b-gel-negro-intenso,ESMALTE BELIERx13ml B/GEL NEGRO INTENSO,Title,Default Title,0006603
esmalte-belierx13ml-b-gel-lila-artico,ESMALTE BELIERx13ml B/GEL LILA ARTICO,Title,Default Title,0006600
esmalte-belierx13ml-b-gel-azul-artico,ESMALTE BELIERx13ml B/GEL AZUL ARTICO,Title,Default Title,0006604
esmalte-belierx13ml-1,ESMALTE BELIERx13ml,Title,Default Title,0006607
esmalte-belierx13ml-b-gel-amarillo-festi,ESMALTE BELIERx13ml B/GEL AMARILLO FESTI,Title,Default Title,0006605
esmalte-belierx13ml-b-gel-azul-oasis,ESMALTE BELIERx13ml B/GEL AZUL OASIS,Title,Default Title,0006611
esmalte-belierx13ml-b-gel-lima-artico,ESMALTE BELIERx13ml B/GEL LIMA ARTICO,Title,Default Title,0006614
kit-cap-olaplexx4und-6-smooth-your-style,KIT CAP OLAPLEXx4und 6 SMOOTH YOUR STYLE,Title,Default Title,0006648
kit-cap-olaplexx1und-3-hair-perfector-ho,KIT CAP OLAPLEXx1und 3 HAIR PERFECTOR HO,Title,Default Title,0006650
gafas-versacexund-ove4444u-314-5-s-54,GAFAS VERSACExund OVE4444U 314/5 S:54,Title,Default Title,0006662
gafas-ray-banxund-orb3720-001-31-s-55,GAFAS RAY BANxund ORB3720 001/31 S:55,Title,Default Title,0006667
gafas-voguexund-ovo2843s-w44-11-s-56,GAFAS VOGUExund OVO2843S W44/11 S:56,Title,Default Title,0006686
gafas-voguexund-ovo5409s-w44-11-s-52,GAFAS VOGUExund OVO5409S W44/11 S:52,Title,Default Title,0006687
acond-wellax200ml-ultimate-repair,ACOND WELLAx200ml ULTIMATE REPAIR,Title,Default Title,0006693
gafas-voguexund-ovo5440s-300071-s-52,GAFAS VOGUExund OVO5440S 300071 S:52,Title,Default Title,0006689
shamp-wellax1000ml-ultimate-repair,SHAMP WELLAx1000ml ULTIMATE REPAIR,Title,Default Title,0006698
shamp-wellax250ml-ultimate-repair,SHAMP WELLAx250ml ULTIMATE REPAIR,Title,Default Title,0006695
espuma-fac-sensilisx40ml-photocorrection,ESPUMA FAC SENSILISx40ml PHOTOCORRECTION,Title,Default Title,0006710
serum-fac-endocarex30ml-renewal-0-5-int,SERUM FAC ENDOCAREx30ml RENEWAL 0.5% INT,Title,Default Title,0006717
serum-fac-sensilisx30ml-skin-d-pig-atxb3,SERUM FAC SENSILISx30ml SKIN D-PIG ATXB3,Title,Default Title,0006712
labial-liq-pupax4ml-lip-duo-008-miami-pi,LABIAL LIQ PUPAx4ml LIP DUO 008 MIAMI PI,Title,Default Title,0006719
labial-pupax3-5g-im-207-coral-bomb,LABIAL PUPAx3.5g IM 207 CORAL BOMB,Title,Default Title,0006721
kit-fac-vichyx2und-capi-soleil-liftactiv,KIT FAC VICHYx2und CAPI SOLEIL+LIFTACTIV,Title,Default Title,0006732
kit-cap-davinesx3und-heart-of-glass,KIT CAP DAVINESx3und HEART OF GLASS,Title,Default Title,0006744
serum-fac-roche-posayx15ml-phyalu-b5,SERUM FAC ROCHE/POSAYx15ml PHYALU B5,Title,Default Title,0006740
kit-cap-davinesx3und-oi,KIT CAP DAVINESx3und OI,Title,Default Title,0006745
agua-perfume-givenchyx100ml-l-secret-ang,AGUA PERFUME GIVENCHYx100ml L/SECRET ANG,Title,Default Title,0006789
agua-perfume-versacex100ml-b-cristal-abs,AGUA PERFUME VERSACEx100ml B/CRISTAL ABS,Title,Default Title,0006790
agua-perfume-givenchyx60ml-society,AGUA PERFUME GIVENCHYx60ml SOCIETY,Title,Default Title,0006796
tonico-fac-lancomex400ml-confort-p-sensi,TONICO FAC LANCOMEx400ml CONFORT P/SENSI,Title,Default Title,0006800
serum-fac-lancomex75ml-genifique-advance,SERUM FAC LANCOMEx75ml GENIFIQUE ADVANCE,Title,Default Title,0006801
kit-maq-lancomex4und-renergie-multi-lift,KIT MAQ LANCOMEx4und RENERGIE MULTI-LIFT,Title,Default Title,0006804
desmaq-lancomex125ml-bi-facil,DESMAQ LANCOMEx125ml BI-FACIL,Title,Default Title,0006802
kit-maq-lancomex2und-confort-duo,KIT MAQ LANCOMEx2und CONFORT DUO,Title,Default Title,0006806
kit-maq-lancomex4und-genifique,KIT MAQ LANCOMEx4und GENIFIQUE,Title,Default Title,0006805
pestanina-lancomex8ml-le-8-hypnose,PESTANINA LANCOMEx8ml LE 8 HYPNOSE,Title,Default Title,0006808
gel-fac-lancomex125ml-eclat,GEL FAC LANCOMEx125ml ECLAT,Title,Default Title,0006820
desod-lancomex50ml-bocage,DESOD LANCOMEx50ml BOCAGE,Title,Default Title,0006821
base-lancomex30ml-t-idole-u-w-505n,BASE LANCOMEx30ml T/IDOLE U/W 505N,Title,Default Title,0006815
agua-perfume-versacex100ml-eros,AGUA PERFUME VERSACEx100ml EROS,Title,Default Title,0006823
agua-perfume-polox125ml-black,AGUA PERFUME POLOx125ml BLACK,Title,Default Title,0006824
agua-perfume-d-gx100ml-eau-intense,AGUA PERFUME D&Gx100ml EAU INTENSE,Title,Default Title,0006827
agua-perfume-polox75ml-red,AGUA PERFUME POLOx75ml RED,Title,Default Title,0006828
desmaq-lancomex125ml-bi-facil-clean-care,DESMAQ LANCOMEx125ml BI-FACIL CLEAN/CARE,Title,Default Title,0006839
base-lancomex30ml-t-miracle-13-sienne,BASE LANCOMEx30ml T/MIRACLE 13 SIENNE,Title,Default Title,0006840
serum-fac-lancomex30ml-genifique-advance,SERUM FAC LANCOMEx30ml GENIFIQUE ADVANCE,Title,Default Title,0006847
polvo-guerlainx10g-05-fonce-dore,POLVO GUERLAINx10g 05 FONCE DORE,Title,Default Title,0006850
polvo-guerlainx10g-03-moyen-dore,POLVO GUERLAINx10g 03 MOYEN DORE,Title,Default Title,0006851
pestanina-guerlainx8-5ml-m-eyes-01-mad-b,PESTANINA GUERLAINx8.5ml M/EYES 01 MAD B,Title,Default Title,0006861
desmaq-guerlainx125ml-beauty-des-yeux,DESMAQ GUERLAINx125ml BEAUTY DES YEUX,Title,Default Title,0006862
labial-guerlainx3-2g-775-poppy-kiss,LABIAL GUERLAINx3.2g 775 POPPY KISS,Title,Default Title,0006863
polvo-guerlainx25g-3-medium,POLVO GUERLAINx25g 3 MEDIUM,Title,Default Title,0006865
labial-givenchyx2-8g-r-p-303-soothing-re,LABIAL GIVENCHYx2.8g R/P 303 SOOTHING RE,Title,Default Title,0006868
labial-givenchyx2-8g-r-p-333-linterdit,LABIAL GIVENCHYx2.8g R/P 333 LINTERDIT,Title,Default Title,0006869
labial-givenchyx2-8g-r-p-110-rose-perfec,LABIAL GIVENCHYx2.8g R/P 110 ROSE PERFEC,Title,Default Title,0006870
polvo-givenchyx9-5g-5-p-libre-5-popeline,POLVO GIVENCHYx9.5g 5 P/LIBRE 5 POPELINE,Title,Default Title,0006873
lapiz-lab-givenchyx1-1g-l-liner-10-be,LAPIZ LAB GIVENCHYx1.1g L/LINER 10 BE,Title,Default Title,0006875
lapiz-lab-givenchyx1-1g-l-liner-07-fr,LAPIZ LAB GIVENCHYx1.1g L/LINER 07 FR,Title,Default Title,0006876
lapiz-lab-givenchyx1-2g-l-liner-unive,LAPIZ LAB GIVENCHYx1.2g L/LINER UNIVE,Title,Default Title,0006877
pestanina-lancomex10g-grandiose-01-water,PESTANINA LANCOMEx10g GRANDIOSE 01 WATER,Title,Default Title,0006880
pestanina-givenchyx8g-volume-disturbia,PESTANINA GIVENCHYx8g VOLUME DISTURBIA,Title,Default Title,0006878
serum-fac-lancomex50ml-genifique-advance,SERUM FAC LANCOMEx50ml GENIFIQUE ADVANCE,Title,Default Title,0006884
pestanina-lancomex8ml-idole-01-glossy-bl,PESTANINA LANCOMEx8ml IDOLE 01 GLOSSY BL,Title,Default Title,0006882
labial-lancomex3-4g-rouge-888-french-ido,LABIAL LANCOMEx3.4g ROUGE 888 FRENCH IDO,Title,Default Title,0006887
pestanina-lancomex10ml-monsieur-01-black,PESTANINA LANCOMEx10ml MONSIEUR 01 BLACK,Title,Default Title,0006895
lapiz-ojos-lancomex1-8g-02-brun,LAPIZ OJOS LANCOMEx1.8g 02 BRUN,Title,Default Title,0006898
sombra-lancomex4g-hypnose-14-smokey-chic,SOMBRA LANCOMEx4g HYPNOSE 14 SMOKEY CHIC,Title,Default Title,0006894
serum-fac-lancomex20ml-genifique-yeux,SERUM FAC LANCOMEx20ml GENIFIQUE YEUX,Title,Default Title,0006899
crema-fac-lancomex15ml-cont-renergie-yeu,CREMA FAC LANCOMEx15ml CONT RENERGIE YEU,Title,Default Title,0006908
crema-fac-lancomex15ml-contorno-renergie,CREMA FAC LANCOMEx15ml CONTORNO RENERGIE,Title,Default Title,0006911
shamp-uriagex500ml-ds-hair-equilibrant,SHAMP URIAGEx500ml DS HAIR EQUILIBRANT,Title,Default Title,0006925
emulsion-facial-uriagex50ml-hyseac-spf50,EMULSION FACIAL URIAGEx50ml HYSEAC SPF50,Title,Default Title,0006928
serum-fac-uriagex40ml-hyseac-peau-neuve,SERUM FAC URIAGEx40ml HYSEAC PEAU NEUVE,Title,Default Title,0006929
acces-sodhanaxund-anillo-s-an68,ACCES SODHANAxund ANILLO S-AN68,Title,Default Title,0006931
acces-sodhanaxund-anillo-s-an69,ACCES SODHANAxund ANILLO S-AN69,Title,Default Title,0006934
leche-corp-uriagex500ml-lait-veloute-cor,LECHE CORP URIAGEx500ml LAIT VELOUTE COR,Title,Default Title,0006930
acces-sodhanaxund-anillo-s-an80,ACCES SODHANAxund ANILLO S-AN80,Title,Default Title,0006935
acces-sodhanaxund-anillo-s-an75,ACCES SODHANAxund ANILLO S-AN75,Title,Default Title,0006938
acces-sodhanaxund-anillo-s-an74,ACCES SODHANAxund ANILLO S-AN74,Title,Default Title,0006939
acces-sodhanaxund-anillo-s-an55,ACCES SODHANAxund ANILLO S-AN55,Title,Default Title,0006943
acces-sodhanaxund-anillo-s-an35,ACCES SODHANAxund ANILLO S-AN35,Title,Default Title,0006944
acces-sodhanaxund-anillo-s-an78,ACCES SODHANAxund ANILLO S-AN78,Title,Default Title,0006947
acces-sodhanaxund-anillo-s-an67,ACCES SODHANAxund ANILLO S-AN67,Title,Default Title,0006948
acces-sodhanaxund-anillo-s-an62,ACCES SODHANAxund ANILLO S-AN62,Title,Default Title,0006949
gel-fac-sesdermax50ml-mandelac-moisturiz,GEL FAC SESDERMAx50ml MANDELAC MOISTURIZ,Title,Default Title,0006953
acces-sodhanaxund-anillo-s-an46,ACCES SODHANAxund ANILLO S-AN46,Title,Default Title,0006951
acces-sodhanaxund-anillo-s-an50,ACCES SODHANAxund ANILLO S-AN50,Title,Default Title,0006950
kit-cap-moroccanoilx2und-light-cepillo-p,KIT CAP MOROCCANOILx2und LIGHT+CEPILLO P,Title,Default Title,0006956
exfol-corp-belierx120ml-coco,EXFOL CORP BELIERx120ml COCO,Title,Default Title,0006960
acces-sodhanaxund-pulsera-s-pl95,ACCES SODHANAxund PULSERA S-PL95,Title,Default Title,0006962
acces-sodhanaxund-aretes-s-ar260,ACCES SODHANAxund ARETES S-AR260,Title,Default Title,0006964
acces-sodhanaxund-piercing-s-ar141,ACCES SODHANAxund PIERCING S-AR141,Title,Default Title,0006965
shamp-saphirax93ml-dry-healing-repair,SHAMP SAPHIRAx93ml DRY HEALING REPAIR,Title,Default Title,0006961
acces-sodhanaxund-piercing-s-ar111,ACCES SODHANAxund PIERCING S-AR111,Title,Default Title,0006972
shampoo-schwarzkopfx250ml-color-freeze-sulfate-free,SHAMPOO SCHWARZKOPFx250ml COLOR FREEZE SULFATE FREE,Title,Default Title,0006978
acces-sodhanaxund-aretes-s-ar112,ACCES SODHANAxund ARETES S-AR112,Title,Default Title,0006981
acces-sodhanaxund-piercing-s-ar152,ACCES SODHANAxund PIERCING S-AR152,Title,Default Title,0006982
acces-sodhanaxund-piercing-s-ar190,ACCES SODHANAxund PIERCING S-AR190,Title,Default Title,0006984
acces-sodhanaxund-piercing-s-ar91,ACCES SODHANAxund PIERCING S-AR91,Title,Default Title,0006987
acces-sodhanaxund-piercing-s-ar127,ACCES SODHANAxund PIERCING S-AR127,Title,Default Title,0006993
acces-sodhanaxund-aretes-s-ar146,ACCES SODHANAxund ARETES S-AR146,Title,Default Title,0006995
acces-sodhanaxund-aretes-s-ar51,ACCES SODHANAxund ARETES S-AR51,Title,Default Title,0007012
acces-sodhanaxund-piercing-s-ar53-1,ACCES SODHANAxund PIERCING S-AR53,Title,Default Title,0007000
mascarilla-capilar-lorealx500ml-liss-unlimited,MASCARILLA CAPILAR LOREALx500ml LISS UNLIMITED,Title,Default Title,0007004
acces-sodhanaxund-aretes-s-ar198,ACCES SODHANAxund ARETES S-AR198,Title,Default Title,0007014
acces-sodhanaxund-anillo-s-an65,ACCES SODHANAxund ANILLO S-AN65,Title,Default Title,0007036
acces-sodhanaxund-anillo-s-an76,ACCES SODHANAxund ANILLO S-AN76,Title,Default Title,0007037
mascarilla-capilar-lorealx250ml-vitamino-color,MASCARILLA CAPILAR LOREALx250ml VITAMINO COLOR,Title,Default Title,0007016
acces-sodhanaxund-anillo-s-an72,ACCES SODHANAxund ANILLO S-AN72,Title,Default Title,0007038
acces-sodhanaxund-cadena-s-ca266,ACCES SODHANAxund CADENA S-CA266,Title,Default Title,0007039
crema-peinar-tigix85g-matte-separation,CREMA PEINAR TIGIx85g MATTE SEPARATION,Title,Default Title,0007054
cera-cap-tigix56-7g-manipular-matte-b-head,CERA CAP TIGIx56.7g MANIPULAR MATTE B/HEAD,Title,Default Title,0007055
shamp-saphirax250ml-divine-curls-miner,SHAMP SAPHIRAx250ml DIVINE/CURLS MINER,Title,Default Title,0007052
acces-sodhanaxund-cadena-s-ca264,ACCES SODHANAxund CADENA S-CA264,Title,Default Title,0007042
gel-cap-tigix250ml-frizz-control-h-head,GEL CAP TIGIx250ml FRIZZ CONTROL H/HEAD,Title,Default Title,0007056
masc-cap-saphirax90ml-divine-curly,MASC CAP SAPHIRAx90ml DIVINE CURLY,Title,Default Title,0007072
depilador-elec-flawless-brow-lavende-3-0,DEPILADOR ELEC FLAWLESS BROW LAVENDE 3.0,Title,Default Title,0007059
laca-saphirax221ml-desing-hold-te,LACA SAPHIRAx221ml DESING HOLD$TE,Title,Default Title,0007076
agua-perfume-jacques-bogartx100ml-intens,AGUA PERFUME JACQUES BOGARTx100ml INTENS,Title,Default Title,0007081
agua-perfume-h-bossx100ml-bottled-pacifi,AGUA PERFUME H/BOSSx100ml BOTTLED PACIFI,Title,Default Title,0007080
labial-pupax3-5ml-vol-104,LABIAL PUPAx3.5ml VOL 104,Title,Default Title,0007087
labial-pupax3-5ml-vol-natural-200,LABIAL PUPAx3.5ml VOL NATURAL 200,Title,Default Title,0007088
labial-pupax3-5ml-vol-coral-pink-301,LABIAL PUPAx3.5ml VOL CORAL PINK 301,Title,Default Title,0007089
labial-liq-pupax5ml-miss-gloss-201,LABIAL LIQ PUPAx5ml MISS GLOSS 201,Title,Default Title,0007091
labial-liq-pupax5ml-gloss-soft-kiss-300,LABIAL LIQ PUPAx5ml GLOSS SOFT KISS 300,Title,Default Title,0007094
tinte-t-italyx86g-6nn-rubio-oscuro-inten,TINTE T/ITALYx86g 6NN RUBIO OSCURO INTEN,Title,Default Title,0007095
labial-liq-pupax4ml-duo-natural-nude012,LABIAL LIQ PUPAx4ml DUO NATURAL NUDE012,Title,Default Title,0007096
rubor-pupax4g-004-wonder-me-blush,RUBOR PUPAx4g 004 WONDER/ME BLUSH,Title,Default Title,0007120
sombra-pupax5-2g-palette-vamp-001,SOMBRA PUPAx5.2g PALETTE VAMP 001,Title,Default Title,0007126
delineador-pupax0-35g-vamp-eye-405,DELINEADOR PUPAx0.35g VAMP EYE 405,Title,Default Title,0007128
delineador-pupax0-35g-vamp-eye-103,DELINEADOR PUPAx0.35g VAMP EYE 103,Title,Default Title,0007138
delineador-pupax0-35g-vamp-eye-304,DELINEADOR PUPAx0.35g VAMP EYE 304,Title,Default Title,0007140
delineador-pupax0-35g-vamp-eye-205,DELINEADOR PUPAx0.35g VAMP EYE 205,Title,Default Title,0007141
delineador-pupax0-35g-vamp-eye-102,DELINEADOR PUPAx0.35g VAMP EYE 102,Title,Default Title,0007142
delineador-pupax0-35g-vamp-eye-204,DELINEADOR PUPAx0.35g VAMP EYE 204,Title,Default Title,0007143
delineador-pupax0-35g-vamp-eye-300,DELINEADOR PUPAx0.35g VAMP EYE 300,Title,Default Title,0007145
delineador-pupax0-35g-vamp-eye-202,DELINEADOR PUPAx0.35g VAMP EYE 202,Title,Default Title,0007151
delineador-pupax0-35g-vamp-eye-402,DELINEADOR PUPAx0.35g VAMP EYE 402,Title,Default Title,0007146
delineador-pupax0-35g-vamp-eye-101,DELINEADOR PUPAx0.35g VAMP EYE 101,Title,Default Title,0007152
delineador-pupax0-35g-vamp-2n1-005,DELINEADOR PUPAx0.35g VAMP 2N1 005,Title,Default Title,0007160
delineador-pupax0-35g-vamp-2n1-002,DELINEADOR PUPAx0.35g VAMP 2N1 002,Title,Default Title,0007159
delineador-pupax0-35g-vamp-2n1-305,DELINEADOR PUPAx0.35g VAMP 2N1 305,Title,Default Title,0007166
delineador-pupax0-35g-vamp-2n1-004,DELINEADOR PUPAx0.35g VAMP 2N1 004,Title,Default Title,0007162
jabon-fac-sesdermax250ml-salises,JABON FAC SESDERMAx250ml SALISES,Title,Default Title,0007183
serum-cap-kerastasex50ml-b-pure-hyaluron,SERUM CAP KERASTASEx50ml B/PURE HYALURON,Title,Default Title,0007202
serum-fac-kiehlsx100ml-powerful-strengt,SERUM FAC KIEHLSx100ml POWERFUL STRENGT,Title,Default Title,0007205
serum-fac-kiehlsx30ml-ultra-pure-high-p,SERUM FAC KIEHLSx30ml ULTRA PURE HIGH P,Title,Default Title,0007208
serum-fac-kiehlsx30ml-vital-skin-streng,SERUM FAC KIEHLSx30ml VITAL SKIN STRENG,Title,Default Title,0007212
serum-fac-kiehlsx50ml-hydro-plumping,SERUM FAC KIEHLSx50ml HYDRO PLUMPING,Title,Default Title,0007209
serum-fac-kiehlsx30ml-daily-reviving-co,SERUM FAC KIEHLSx30ml DAILY REVIVING CO,Title,Default Title,0007214
serum-fac-kiehlsx30ml-ultra-pure-high,SERUM FAC KIEHLSx30ml ULTRA PURE HIGH,Title,Default Title,0007217
serum-fac-kiehlsx15ml-midnight-recovery,SERUM FAC KIEHLSx15ml MIDNIGHT RECOVERY,Title,Default Title,0007220
crema-fac-kiehlsx30ml-cont-crearly-corre,CREMA FAC KIEHLSx30ml CONT CREARLY CORRE,Title,Default Title,0007222
crema-fac-kiehlsx50ml-super-multi-corr,CREMA FAC KIEHLSx50ml SUPER MULTI CORR,Title,Default Title,0007223
crema-fac-kiehlsx100ml-calendula-serum,CREMA FAC KIEHLSx100ml CALENDULA SERUM,Title,Default Title,0007227
masc-fac-kiehlsx100ml-ginger-leaf-hi,MASC FAC KIEHLSx100ml GINGER LEAF HI,Title,Default Title,0007230
labial-givenchyx2-8g-r-p-303-rose-perfec,LABIAL GIVENCHYx2.8g R/P 303 ROSE PERFEC,Title,Default Title,0007233
labial-liq-givenchyx6ml-110-milky-nude,LABIAL LIQ GIVENCHYx6ml 110 MILKY NUDE,Title,Default Title,0007235
labial-liq-givenchyx6ml-37-rouge-graine,LABIAL LIQ GIVENCHYx6ml 37 ROUGE GRAINE,Title,Default Title,0007236
pestanina-givenchyx8g-n-c-01-black-satin,PESTANINA GIVENCHYx8g N/C 01 BLACK SATIN,Title,Default Title,0007241
lapiz-lab-givenchyx1-1g-l-liner-02-br,LAPIZ LAB GIVENCHYx1.1g L/LINER 02 BR,Title,Default Title,0007242
agua-perfume-moschinox100ml-toy-2,AGUA PERFUME MOSCHINOx100ml TOY 2,Title,Default Title,0007244
agua-tocador-moschinox100ml-bubble-gum,AGUA TOCADOR MOSCHINOx100ml BUBBLE GUM,Title,Default Title,0007243
agua-perfume-viktor-rolfx50ml-flowerbomb,AGUA PERFUME VIKTOR&ROLFx50ml FLOWERBOMB,Title,Default Title,0007247
shamp-kiehlsx250ml-nourishing-olive-f,SHAMP KIEHLSx250ml NOURISHING OLIVE F,Title,Default Title,0007258
shamp-kiehlsx1000ml-amino-acid-refilla,SHAMP KIEHLSx1000ml AMINO ACID REFILLA,Title,Default Title,0007262
crema-corp-kiehlsx250ml-creme-de-corps,CREMA CORP KIEHLSx250ml CREME DE CORPS,Title,Default Title,0007265
shamp-kiehlsx500ml-amino-acid,SHAMP KIEHLSx500ml AMINO ACID,Title,Default Title,0007261
masc-fac-kiehlsx100g-avocado-nouris,MASC FAC KIEHLSx100g AVOCADO NOURIS,Title,Default Title,0007269
masc-fac-kiehlsx125ml-rare-earth-de,MASC FAC KIEHLSx125ml RARE EARTH DE,Title,Default Title,0007270
masc-fac-kiehlsx100ml-ultra-fac,MASC FAC KIEHLSx100ml ULTRA FAC,Title,Default Title,0007271
serum-fac-kiehlsx30ml-ultra-p-5-niacin,SERUM FAC KIEHLSx30ml ULTRA/P 5% NIACIN,Title,Default Title,0007276
labial-lancomex6ml-labsolu-r-525-french,LABIAL LANCOMEx6ml LABSOLU/R 525 FRENCH,Title,Default Title,0007274
serum-fac-kiehlsx15ml-daily-reviving-co,SERUM FAC KIEHLSx15ml DAILY REVIVING CO,Title,Default Title,0007277
crema-fac-kiehlsx5g-contorno-fuel,CREMA FAC KIEHLSx5g CONTORNO FUEL,Title,Default Title,0007280
serum-fac-kiehlsx30ml-midnight-recovery,SERUM FAC KIEHLSx30ml MIDNIGHT RECOVERY,Title,Default Title,0007281
serum-fac-kiehlsx50ml-powerful-strength,SERUM FAC KIEHLSx50ml POWERFUL STRENGTH,Title,Default Title,0007282
tonico-fac-kiehlsx500ml-ultra-facial,TONICO FAC KIEHLSx500ml ULTRA FACIAL,Title,Default Title,0007287
tonico-fac-kiehlsx250ml-iltra-facial-to,TONICO FAC KIEHLSx250ml ILTRA FACIAL TO,Title,Default Title,0007291
tonico-fac-kiehlsx250ml-blue-astringen,TONICO FAC KIEHLSx250ml BLUE ASTRINGEN,Title,Default Title,0007292
gel-fac-kiehlsx150ml-limp-blue-herbal-bl,GEL FAC KIEHLSx150ml LIMP BLUE HERBAL BL,Title,Default Title,0007294
masc-cap-kiehlsx250ml-olive-fruit-o,MASC CAP KIEHLSx250ml OLIVE FRUIT O,Title,Default Title,0007293
gel-fac-kiehlsx230ml-limp-calendula-deep,GEL FAC KIEHLSx230ml LIMP CALENDULA DEEP,Title,Default Title,0007299
agua-perfume-cacharelx100ml-azzaro,AGUA PERFUME CACHARELx100ml AZZARO,Title,Default Title,0007308
esmalte-belierx13ml-b-gel-rosa-novia,ESMALTE BELIERx13ml B/GEL ROSA NOVIA,Title,Default Title,0007315
agua-perfume-cacharelx75ml-yes-i-am,AGUA PERFUME CACHARELx75ml YES I/AM,Title,Default Title,0007310
esmalte-belierx13ml-b-gel-almendra-franc,ESMALTE BELIERx13ml B/GEL ALMENDRA FRANC,Title,Default Title,0007316
esmalte-belierx13ml-b-gel-cobre-avellana,ESMALTE BELIERx13ml B/GEL COBRE AVELLANA,Title,Default Title,0007317
esmalte-belierx13ml-b-gel-oro-rosa,ESMALTE BELIERx13ml B/GEL ORO ROSA,Title,Default Title,0007319
aceite-corp-belierx1,ACEITE CORP BELIERx1,Title,Default Title,0007325
limp-unas-belierx120ml-desengrasante,LIMP UNAS BELIERx120ml DESENGRASANTE,Title,Default Title,0007326
remov-esmalte-belierx250ml-humectacion,REMOV ESMALTE BELIERx250ml HUMECTACION,Title,Default Title,0007330
bloq-biodermax40ml-corp-photoderm-max-f,BLOQ BIODERMAx40ml CORP PHOTODERM MAX F,Title,Default Title,0007332
agua-perfume-salvatore-fx100ml-ribelle,AGUA PERFUME SALVATORE/Fx100ml RIBELLE,Title,Default Title,0007338
shamp-genovex150ml-pilop-seb-ds-antica,SHAMP GENOVEx150ml PILOP/SEB DS ANTICA,Title,Default Title,0007384
serum-fac-uriagex30ml-depiderm-booster,SERUM FAC URIAGEx30ml DEPIDERM BOOSTER,Title,Default Title,0007387
bloq-heliocarex100ml-fac-body-glow,BLOQ HELIOCAREx100ml FAC BODY GLOW,Title,Default Title,0007386
shamp-apivitax250ml-tonic-men,SHAMP APIVITAx250ml TONIC MEN,Title,Default Title,0007396
espuma-fac-apivitax200ml-cleansing-fo,ESPUMA FAC APIVITAx200ml CLEANSING FO,Title,Default Title,0007399
leche-fac-apivitax200ml-cleansing-mil,LECHE FAC APIVITAx200ml CLEANSING MIL,Title,Default Title,0007401
labial-pupax2-4ml-miss-204,LABIAL PUPAx2.4ml MISS 204,Title,Default Title,0007406
pestanina-pupax9ml-vamp-defin-001,PESTANINA PUPAx9ml VAMP/DEFIN 001,Title,Default Title,0007408
lapiz-ojos-pupax1-2g-mult-04-shocking,LAPIZ OJOS PUPAx1.2g MULT 04 SHOCKING,Title,Default Title,0007411
lapiz-lab-pupax1-2g-true-08-deep-red,LAPIZ LAB PUPAx1.2g TRUE 08 DEEP RED,Title,Default Title,0007413
gafas-pradaxund-opr22ys-1ab0b7-s-56,GAFAS PRADAxund OPR22YS 1AB0B7 S:56,Title,Default Title,0007444
kit-perf-p-rabannex2und-victory-invictus,KIT PERF P/RABANNEx2und VICTORY INVICTUS,Title,Default Title,0007459
tinte-t-italyx86g-5-4-castano-cobrizo,TINTE T/ITALYx86g 5.4 CASTANO COBRIZO,Title,Default Title,0007461
tinte-t-italyx86g-1000-0-rubio-clarisimo,TINTE T/ITALYx86g 1000.0 RUBIO CLARISIMO,Title,Default Title,0007462
gafas-versacexund-ove4475-gb1-87-s-42,GAFAS VERSACExund OVE4475 GB1/87 S:42,Title,Default Title,0007465
crema-corp-moroccanoilx200ml-souffle-b,CREMA CORP MOROCCANOILx200ml SOUFFLE B,Title,Default Title,0007488
gel-bano-moroccanoilx250ml-shower-gel,GEL BANO MOROCCANOILx250ml SHOWER GEL,Title,Default Title,0007489
tonico-corp-moroccanoilx360ml-body-lotio,TONICO CORP MOROCCANOILx360ml BODY LOTIO,Title,Default Title,0007490
exfol-corp-moroccanoilx200ml-polish,EXFOL CORP MOROCCANOILx200ml POLISH,Title,Default Title,0007492
serum-cap-schwarzkopfx150ml-bona-color-f,SERUM CAP SCHWARZKOPFx150ml BONA COLOR F,Title,Default Title,0007518
termoprotector-schwarzkopfx300ml-osis-s,TERMOPROTECTOR SCHWARZKOPFx300ml OSIS S,Title,Default Title,0007519
laca-schwarzkopfx100ml-osis-session,LACA SCHWARZKOPFx100ml OSIS SESSION,Title,Default Title,0007525
shamp-phytox250ml-volumen,SHAMP PHYTOx250ml VOLUMEN,Title,Default Title,0007546
acond-phytox175ml-volumen,ACOND PHYTOx175ml VOLUMEN,Title,Default Title,0007547
trata-cap-authenticx50ml-beauty-poti,TRATA CAP AUTHENTICx50ml BEAUTY POTI,Title,Default Title,0007564
serum-cap-stmntx150ml-grooming-goods,SERUM CAP STMNTx150ml GROOMING GOODS,Title,Default Title,0007565
gafas-versacexund-ove2270d-20007v-s-63,GAFAS VERSACExund OVE2270D 20007V S:63,Title,Default Title,0007567
protec-labial-isdinx10ml-acido-hyaluroni,PROTEC LABIAL ISDINx10ml ACIDO HYALURONI,Title,Default Title,0007566
agua-perfume-moschinox100ml-toy-2-pearl,AGUA PERFUME MOSCHINOx100ml TOY 2 PEARL,Title,Default Title,0007641
agua-perfume-creedx100ml-original-santal,AGUA PERFUME CREEDx100ml ORIGINAL SANTAL,Title,Default Title,0007642
agua-perfume-loewex100ml-solo-vulcan,AGUA PERFUME LOEWEx100ml SOLO VULCAN,Title,Default Title,0007646
agua-tocador-loewex100ml-aire,AGUA TOCADOR LOEWEx100ml AIRE,Title,Default Title,0007645
agua-tocador-kenzox60ml-homme-marine,AGUA TOCADOR KENZOx60ml HOMME MARINE,Title,Default Title,0007651
agua-tocador-kenzox50ml-flowerby,AGUA TOCADOR KENZOx50ml FLOWERBY,Title,Default Title,0007653
agua-perfume-lolitax100ml-lempicka,AGUA PERFUME LOLITAx100ml LEMPICKA,Title,Default Title,0007656
shamp-kerastasex250ml-pre-premiere,SHAMP KERASTASEx250ml PRE PREMIERE,Title,Default Title,0007670
masc-cap-kerastasex500ml-premiere,MASC CAP KERASTASEx500ml PREMIERE,Title,Default Title,0007675
agua-perfume-lancomex50ml-tresor,AGUA PERFUME LANCOMEx50ml TRESOR,Title,Default Title,0007676
trata-cap-kerastasex400ml-premiere,TRATA CAP KERASTASEx400ml PREMIERE,Title,Default Title,0007677
shamp-kerastasex250ml-premiere,SHAMP KERASTASEx250ml PREMIERE,Title,Default Title,0007678
masc-cap-kerastasex200ml-premiere,MASC CAP KERASTASEx200ml PREMIERE,Title,Default Title,0007681
serum-cap-kerastasex90ml-premiere,SERUM CAP KERASTASEx90ml PREMIERE,Title,Default Title,0007680
agua-tocador-lolitax100ml-green-lover,AGUA TOCADOR LOLITAx100ml GREEN LOVER,Title,Default Title,0007687
agua-perfume-lolitax80ml-laind,AGUA PERFUME LOLITAx80ml LAIND,Title,Default Title,0007688
agua-tocador-tousx90ml-neoncandy,AGUA TOCADOR TOUSx90ml NEONCANDY,Title,Default Title,0007695
colonia-hermesx100ml-eau-basilic-pourpre,COLONIA HERMESx100ml EAU BASILIC POURPRE,Title,Default Title,0007700
agua-perfume-lancomex100ml-miracle,AGUA PERFUME LANCOMEx100ml MIRACLE,Title,Default Title,0007705
tonico-fac-lancomex200ml-douceur-p-norma,TONICO FAC LANCOMEx200ml DOUCEUR P/NORMA,Title,Default Title,0007714
polvo-lancomex15g-translucent,POLVO LANCOMEx15g TRANSLUCENT,Title,Default Title,0007718
pestanina-lancomex6-5ml-hypn-01-drama,PESTANINA LANCOMEx6.5ml HYPN 01 DRAMA,Title,Default Title,0007715
lapiz-cejas-lancomex1-1g-brow-shaping-02,LAPIZ CEJAS LANCOMEx1.1g BROW SHAPING 02,Title,Default Title,0007717
desmaq-lancomex200ml-galatee-confort,DESMAQ LANCOMEx200ml GALATEE CONFORT,Title,Default Title,0007720
rubor-lancomex5-1g-subtil-351-blushing-t,RUBOR LANCOMEx5.1g SUBTIL 351 BLUSHING T,Title,Default Title,0007721
rubor-guerlainx5g-terracota-04-rose-fonc,RUBOR GUERLAINx5g TERRACOTA 04 ROSE FONC,Title,Default Title,0007724
rubor-guerlainx5g-terracota-01-rose-clai,RUBOR GUERLAINx5g TERRACOTA 01 ROSE CLAI,Title,Default Title,0007726
brillo-lab-guerlainx6ml-naj-oleari,BRILLO LAB GUERLAINx6ml NAJ-OLEARI,Title,Default Title,0007728
brillo-lab-guerlainx6g-naj-ole-01,BRILLO LAB GUERLAINx6g NAJ-OLE 01,Title,Default Title,0007729
balsamo-lab-givenchyx6ml-011-black-pi,BALSAMO LAB GIVENCHYx6ml 011 BLACK PI,Title,Default Title,0007730
exfol-fac-kiehlsx200ml-oil-elimina,EXFOL FAC KIEHLSx200ml OIL ELIMINA,Title,Default Title,0007732
tonico-fac-kiehlsx250ml-calendula-piele,TONICO FAC KIEHLSx250ml CALENDULA PIELE,Title,Default Title,0007733
serum-fac-kiehlsx15ml-acido-hialorunico,SERUM FAC KIEHLSx15ml ACIDO HIALORUNICO,Title,Default Title,0007740
acond-kiehlsx200ml-olive-fruit,ACOND KIEHLSx200ml OLIVE FRUIT,Title,Default Title,0007736
polvo-lancomex0-67g-210n-clair-dual-fini,POLVO LANCOMEx0.67g 210N CLAIR DUAL FINI,Title,Default Title,0007741
remov-cuticula-belierx120ml,REMOV CUTICULA BELIERx120ml,Title,Default Title,0007745
labial-givenchyx3-4g-50-sheer-velvet,LABIAL GIVENCHYx3.4g 50 SHEER VELVET,Title,Default Title,0007742
esmalte-belierx13ml-b-gel-velo-traslucid,ESMALTE BELIERx13ml B/GEL VELO TRASLUCID,Title,Default Title,0007748
esmalte-belierx13ml-b-gel-plata-iberico,ESMALTE BELIERx13ml B/GEL PLATA IBERICO,Title,Default Title,0007750
esmalte-belierx13ml-b-gel-sangre-toro,ESMALTE BELIERx13ml B/GEL SANGRE TORO,Title,Default Title,0007752
esmalte-belierx13ml-b-gel-salmon-trasluc,ESMALTE BELIERx13ml B/GEL SALMON TRASLUC,Title,Default Title,0007753
esmalte-belierx13ml-b-gel-rojo-berilo,ESMALTE BELIERx13ml B/GEL ROJO BERILO,Title,Default Title,0007756
esmalte-belierx13ml-b-gel-oliva-militar,ESMALTE BELIERx13ml B/GEL OLIVA MILITAR,Title,Default Title,0007758
esmalte-belierx13ml-b-gel-nude-puro,ESMALTE BELIERx13ml B/GEL NUDE PURO,Title,Default Title,0007760
esmalte-belierx13ml-b-gel-lila-hielo,ESMALTE BELIERx13ml B/GEL LILA HIELO,Title,Default Title,0007761
esmalte-belierx13ml-b-gel-cinnamon,ESMALTE BELIERx13ml B/GEL CINNAMON,Title,Default Title,0007762
esmalte-belierx13ml-b-gel-nacarado,ESMALTE BELIERx13ml B/GEL NACARADO,Title,Default Title,0007763
agua-perfume-diorx100ml-sauvage-elixir,AGUA PERFUME DIORx100ml SAUVAGE ELIXIR,Title,Default Title,0007825
gafas-miu-miuxund-om-2,GAFAS MIU MIUxund OM,Title,Default Title,0007831
tinte-t-italyx86g-5nn-castano-claro-inte,TINTE T/ITALYx86g 5NN CASTANO CLARO INTE,Title,Default Title,0007835
gel-cap-stmntx150-gr,GEL CAP STMNTx150 GR,Title,Default Title,0007890
labial-pupax3-5g-im,LABIAL PUPAx3.5g IM,Title,Default Title,0007879
laca-stmntx200ml-def,LACA STMNTx200ml DEF,Title,Default Title,0007891
acond-olaplexx2000ml,ACOND OLAPLEXx2000ml,Title,Default Title,0007937
shamp-moroccanoilx25,SHAMP MOROCCANOILx25,Title,Default Title,0007953
shamp-moroccanoilx1000ml-frizz-control,SHAMP MOROCCANOILx1000ml FRIZZ CONTROL,Title,Default Title,0007958
potenciador-alfaparf,POTENCIADOR ALFAPARF,Title,Default Title,0007986
brocha-wonderxund-w1-1,BROCHA WONDERxund W1,Title,Default Title,0007997
brocha-wonderxund-w09,BROCHA WONDERxund W09,Title,Default Title,0007994
brocha-wonderxund-w25,BROCHA WONDERxund W25,Title,Default Title,0008004
brocha-wonderxund-w0,BROCHA WONDERxund W0,Title,Default Title,0008010
pomo-wonderxund-w906-point,POMO WONDERxund W906 POINT,Title,Default Title,0008013
pomo-wonderxund-w907,POMO WONDERxund W907,Title,Default Title,0008014
pomo-wonderxund-w903-classic,POMO WONDERxund W903 CLASSIC,Title,Default Title,0008015
pomo-wonderxund-w902,POMO WONDERxund W902,Title,Default Title,0008016
serum-cap-authenticx,SERUM CAP AUTHENTICx,Title,Default Title,0008020
pomo-wonderxund-w901,POMO WONDERxund W901,Title,Default Title,0008017
perfume-lattafax100m,PERFUME LATTAFAx100m,Title,Default Title,0008024
perfume-lattafax100m-1,PERFUME LATTAFAx100m,Title,Default Title,0008025
perfume-lattafax100ml-amethyst,PERFUME LATTAFAx100ml AMETHYST,Title,Default Title,0008022
perfume-lattafax100ml-yara,PERFUME LATTAFAx100ml YARA,Title,Default Title,0008027
perfume-lattafax100m-2,PERFUME LATTAFAx100m,Title,Default Title,0008028
perfume-lattafax100ml-al-noble-ameer,PERFUME LATTAFAx100ml AL NOBLE AMEER,Title,Default Title,0008029
gafas-miu-miuxund-0mu-14zs-16k08z59,GAFAS MIU MIUxund 0MU 14ZS 16K08Z59,Title,Default Title,0008051
perfume-lattafax100ml-khamrah,PERFUME LATTAFAx100ml KHAMRAH,Title,Default Title,0008030
gafas-miu-miuxund-0m,GAFAS MIU MIUxund 0M,Title,Default Title,0008044
gafas-ray-banxund-0rb4165l-601-8g55,GAFAS RAY BANxund 0RB4165L 601/8G55,Title,Default Title,0008079
gafas-miu-miuxund-0m-2,GAFAS MIU MIUxund 0M,Title,Default Title,0008058
gafas-voguexund-0vo5,GAFAS VOGUExund 0VO5,Title,Default Title,0008100
gafas-voguexund-0vo5-1,GAFAS VOGUExund 0VO5,Title,Default Title,0008101
gafas-voguexund-0vo5-2,GAFAS VOGUExund 0VO5,Title,Default Title,0008108
gafas-voguexund-0vo5-3,GAFAS VOGUExund 0VO5,Title,Default Title,0008109
gafas-voguexund-0vo5-4,GAFAS VOGUExund 0VO5,Title,Default Title,0008112
gafas-voguexund-0vo5-5,GAFAS VOGUExund 0VO5,Title,Default Title,0008117
gafas-voguexund-0vo5-6,GAFAS VOGUExund 0VO5,Title,Default Title,0008118
gafas-voguexund-0vo5-7,GAFAS VOGUExund 0VO5,Title,Default Title,0008121
gafas-voguexund-0vo5-8,GAFAS VOGUExund 0VO5,Title,Default Title,0008125
gafas-versacexund-ov,GAFAS VERSACExund OV,Title,Default Title,0008134
gafas-voguexund-0vo5-9,GAFAS VOGUExund 0VO5,Title,Default Title,0008119
shampoo-lorealx1500ml-vitamino-color,SHAMPOO LOREALx1500ml VITAMINO COLOR,Title,Default Title,0008325
laca-schwarzkopfx200ml-osis-hairbody-spray,LACA SCHWARZKOPFx200ml OSIS HAIRBODY SPRAY,Title,Default Title,0008815
decolorante-lorealx50g-blond-studio,DECOLORANTE LOREALx50g BLOND STUDIO,Title,Default Title,0008703
mascarilla-capilar-lorealx250ml-inforcer,MASCARILLA CAPILAR LOREALx250ml INFORCER,Title,Default Title,0009225
shampoo-lorealx300ml-zinc-purithione,SHAMPOO LOREALx300ml ZINC PURITHIONE,Title,Default Title,0009226
masc-cap-lorealx250m,MASC CAP LOREALx250m,Title,Default Title,0009297
shamp-alfaparfx200ml,SHAMP ALFAPARFx200ml,Title,Default Title,0009394
laca-alfaparfx500ml,LACA ALFAPARFx500ml,Title,Default Title,0009888
masc-cap-lorealx500m,MASC CAP LOREALx500m,Title,Default Title,0009899
masc-cap-lorealx250m-1,MASC CAP LOREALx250m,Title,Default Title,0009810
masc-cap-lorealx500m-1,MASC CAP LOREALx500m,Title,Default Title,0010080
masc-cap-lorealx250m-2,MASC CAP LOREALx250m,Title,Default Title,0010189
shamp-lorealx1500ml,SHAMP LOREALx1500ml,Title,Default Title,0010081
cepillo-o-gardenxund,CEPILLO O/GARDENxund,Title,Default Title,0010374
aplique-organicx6g-g,APLIQUE ORGANICx6g G,Title,Default Title,0010438
tinte-wellax60ml-c-p,TINTE WELLAx60ml C/P,Title,Default Title,0012091
tinte-wellax60ml-c-p-1,TINTE WELLAx60ml C/P,Title,Default Title,0012094
tinte-wellax60ml-c-p-2,TINTE WELLAx60ml C/P,Title,Default Title,0012095
tinte-wellax60ml-c-p-3,TINTE WELLAx60ml C/P,Title,Default Title,0012093
tinte-wellax60ml-c-p-4,TINTE WELLAx60ml C/P,Title,Default Title,0012098
tinte-wellax60ml-c-p-5,TINTE WELLAx60ml C/P,Title,Default Title,0012100
tinte-wellax60ml-c-p-6,TINTE WELLAx60ml C/P,Title,Default Title,0012102
tinte-wellax60ml-c-p-7,TINTE WELLAx60ml C/P,Title,Default Title,0012106
tinte-wellax60ml-c-p-8,TINTE WELLAx60ml C/P,Title,Default Title,0012110
tinte-wellax60ml-c-p-9,TINTE WELLAx60ml C/P,Title,Default Title,0012122
tinte-wellax60ml-c-p-10,TINTE WELLAx60ml C/P,Title,Default Title,0012121
tinte-wellax60ml-c-p-11,TINTE WELLAx60ml C/P,Title,Default Title,0012127
tinte-wellax60ml-c-p-12,TINTE WELLAx60ml C/P,Title,Default Title,0012123
tinte-wellax60ml-c-p-13,TINTE WELLAx60ml C/P,Title,Default Title,0012128
tinte-wellax60ml-c-p-14,TINTE WELLAx60ml C/P,Title,Default Title,0012139
tinte-wellax60ml-c-p-15,TINTE WELLAx60ml C/P,Title,Default Title,0012140
tinte-wellax60ml-c-p-16,TINTE WELLAx60ml C/P,Title,Default Title,0012129
tinte-wellax60ml-c-p-17,TINTE WELLAx60ml C/P,Title,Default Title,0012143
tinte-wellax60ml-c-p-18,TINTE WELLAx60ml C/P,Title,Default Title,0012145
tinte-wellax60ml-c-p-19,TINTE WELLAx60ml C/P,Title,Default Title,0012146
tinte-wellax60ml-c-p-20,TINTE WELLAx60ml C/P,Title,Default Title,0012148
tinte-wellax60ml-c-p-21,TINTE WELLAx60ml C/P,Title,Default Title,0012153
tinte-wellax60ml-c-p-22,TINTE WELLAx60ml C/P,Title,Default Title,0012155
tinte-wellax60ml-c-p-23,TINTE WELLAx60ml C/P,Title,Default Title,0012162
tinte-wellax60ml-c-p-24,TINTE WELLAx60ml C/P,Title,Default Title,0012164
tinte-wellax60ml-c-p-25,TINTE WELLAx60ml C/P,Title,Default Title,0012163
tinte-wellax60ml-c-p-26,TINTE WELLAx60ml C/P,Title,Default Title,0012176
tinte-wellax60ml-c-p-27,TINTE WELLAx60ml C/P,Title,Default Title,0012177
tinte-wellax60ml-c-p-28,TINTE WELLAx60ml C/P,Title,Default Title,0012172
tinte-lorealx50ml-ri,TINTE LOREALx50ml RI,Title,Default Title,0012198
tinte-lorealx50g-dia,TINTE LOREALx50g DIA,Title,Default Title,0012200
tinte-wellax60ml-c-t,TINTE WELLAx60ml C/T,Title,Default Title,0012203
tinte-wellax60ml-c-t-1,TINTE WELLAx60ml C/T,Title,Default Title,0012208
tinte-wellax60ml-c-t-2,TINTE WELLAx60ml C/T,Title,Default Title,0012210
tinte-lorealx50g-dia-1,TINTE LOREALx50g DIA,Title,Default Title,0012211
tinte-wellax60ml-c-t-3,TINTE WELLAx60ml C/T,Title,Default Title,0012213
tinte-lorealx50ml-ri-1,TINTE LOREALx50ml RI,Title,Default Title,0012214
tinte-lorealx50g-dia-2,TINTE LOREALx50g DIA,Title,Default Title,0012216
tinte-lorealx50g-dia-3,TINTE LOREALx50g DIA,Title,Default Title,0012220
tinte-lorealx50g-dia-4,TINTE LOREALx50g DIA,Title,Default Title,0012222
tinte-lorealx50g-dia-5,TINTE LOREALx50g DIA,Title,Default Title,0012217
tinte-wellax60ml-c-t-4,TINTE WELLAx60ml C/T,Title,Default Title,0012223
tinte-wellax60ml-c-t-5,TINTE WELLAx60ml C/T,Title,Default Title,0012224
tinte-lorealx50g-dia-6,TINTE LOREALx50g DIA,Title,Default Title,0012225
tinte-lorealx50g-dia-7,TINTE LOREALx50g DIA,Title,Default Title,0012227
tinte-wellax60ml-c-t-6,TINTE WELLAx60ml C/T,Title,Default Title,0012228
tinte-wellax60ml-c-t-7,TINTE WELLAx60ml C/T,Title,Default Title,0012229
tinte-wellax60ml-c-t-8,TINTE WELLAx60ml C/T,Title,Default Title,0012231
tinte-lorealx50g-dia-8,TINTE LOREALx50g DIA,Title,Default Title,0012232
tinte-wellax60ml-c-t-9,TINTE WELLAx60ml C/T,Title,Default Title,0012233
tinte-wellax60ml-c-t-10,TINTE WELLAx60ml C/T,Title,Default Title,0012234
tinte-lorealx50g-dia-9,TINTE LOREALx50g DIA,Title,Default Title,0012235
tinte-wellax60ml-c-t-11,TINTE WELLAx60ml C/T,Title,Default Title,0012238
tinte-wellax60ml-color-touch-7-89-rubio-mediano-perla-cendre,TINTE WELLAx60ml COLOR TOUCH 7.89 RUBIO MEDIANO PERLA CENDRE,Title,Default Title,0012239
tinte-wellax60ml-color-touch-8-0-rubio-claro,TINTE WELLAx60ml COLOR TOUCH 8.0 RUBIO CLARO,Title,Default Title,0012241
tinte-wellax60ml-color-touch-88-03-rubio-claro-intenso-natural-dorado,TINTE WELLAx60ml COLOR TOUCH 88.03 RUBIO CLARO INTENSO NATURAL DORADO,Title,Default Title,0012242
tinte-wellax60ml-color-touch-88-07-rubio-claro-intenso-natural-marron,TINTE WELLAx60ml COLOR TOUCH 88.07 RUBIO CLARO INTENSO NATURAL MARRON,Title,Default Title,0012243
tinte-wellax60ml-color-touch-8-71-rubio-claro-marron-intenso,TINTE WELLAx60ml COLOR TOUCH 8.71 RUBIO CLARO MARRON INTENSO,Title,Default Title,0012244
tinte-wellax60ml-color-touch-9-01-rubio-extra-claro-natural-ceniza,TINTE WELLAx60ml COLOR TOUCH 9.01 RUBIO EXTRA CLARO NATURAL CENIZA,Title,Default Title,0012246
tinte-lorealx50g-cool-cover-6-1-rubio-oscuro-cenizo,TINTE LOREALx50g COOL COVER 6.1 RUBIO OSCURO CENIZO,Title,Default Title,0012291
tinte-wellax60ml-color-touch-9-0-rubio-extra-claro,TINTE WELLAx60ml COLOR TOUCH 9.0 RUBIO EXTRA CLARO,Title,Default Title,0012245
tinte-lorealx50g-coo,TINTE LOREALx50g COO,Title,Default Title,0012293
tinte-wellax60ml-color-touch-8-81-rubio-claro-perla-cenizo,TINTE WELLAx60ml COLOR TOUCH 8.81 RUBIO CLARO PERLA CENIZO,Title,Default Title,0012303
tinte-wellax60ml-color-perfect-88-71-rubio-claro-intenso-marron-ceniza,TINTE WELLAx60ml COLOR PERFECT 88.71 RUBIO CLARO INTENSO MARRON CENIZA,Title,Default Title,0012302
tinte-lorealx50g-high-lift-beige,TINTE LOREALx50g HIGH LIFT BEIGE,Title,Default Title,0012298
tinte-lorealx50g-coo-1,TINTE LOREALx50g COO,Title,Default Title,0012368
tinte-wellax60ml-c-t-12,TINTE WELLAx60ml C/T,Title,Default Title,0012393
tinte-lorealx50g-coo-2,TINTE LOREALx50g COO,Title,Default Title,0012595
tinte-lorealx50g-dia-10,TINTE LOREALx50g DIA,Title,Default Title,0012598
tinte-wellax60ml-c-p-29,TINTE WELLAx60ml C/P,Title,Default Title,0012764
tinte-wellax60ml-c-t-13,TINTE WELLAx60ml C/T,Title,Default Title,0012599
tinte-schwarzkopfx60,TINTE SCHWARZKOPFx60,Title,Default Title,0012788
tinte-schwarzkopfx60-1,TINTE SCHWARZKOPFx60,Title,Default Title,0013135
tinte-wellax60ml-c-p-30,TINTE WELLAx60ml C/P,Title,Default Title,0012730
tinte-schwarzkopfx60-2,TINTE SCHWARZKOPFx60,Title,Default Title,0013169
tinte-lorealx50g-dia-11,TINTE LOREALx50g DIA,Title,Default Title,0013209
tinte-wellax60ml-c-t-14,TINTE WELLAx60ml C/T,Title,Default Title,0013318
trata-cap-lorealx190,TRATA CAP LOREALx190,Title,Default Title,0013402
acond-lorealx200ml-p,ACOND LOREALx200ml P,Title,Default Title,0013377
masc-cap-lorealx250m-3,MASC CAP LOREALx250m,Title,Default Title,0013378
tinte-wellax60ml-c-p-31,TINTE WELLAx60ml C/P,Title,Default Title,0013554
tinte-wellax60ml-color-touch-7-86-rubio-mediano-perla-violeta,TINTE WELLAx60ml COLOR TOUCH 7.86 RUBIO MEDIANO PERLA VIOLETA,Title,Default Title,0014013
tinte-wellax60ml-c-t-15,TINTE WELLAx60ml C/T,Title,Default Title,0014014
tinte-wellax60ml-c-t-16,TINTE WELLAx60ml C/T,Title,Default Title,0014015
emulsion-wellax1000m,EMULSION WELLAx1000m,Title,Default Title,0014033
shamp-lorealx1500ml-1,SHAMP LOREALx1500ml,Title,Default Title,0014275
tinte-lorealx50g-dia-12,TINTE LOREALx50g DIA,Title,Default Title,0014680
masc-cap-lorealx500m-2,MASC CAP LOREALx500m,Title,Default Title,0014755
shampoo-lorealx1500ml-metal-detox,SHAMPOO LOREALx1500ml METAL DETOX,Title,Default Title,0014888
mascarilla-capilar-lorealx250ml-metal-detox,MASCARILLA CAPILAR LOREALx250ml METAL DETOX,Title,Default Title,0014892
serum-fac-kurax30ml,SERUM FAC KURAx30ml,Title,Default Title,0016606
desmaq-kurax250ml-bi,DESMAQ KURAx250ml BI,Title,Default Title,0016614
oxigenta-schwarzkopf,OXIGENTA SCHWARZKOPF,Title,Default Title,0016626
shampoo-lorealx300ml-curl-expression,SHAMPOO LOREALx300ml CURL EXPRESSION,Title,Default Title,0016698
oxigenta-schwarzkopf-1,OXIGENTA SCHWARZKOPF,Title,Default Title,0016627
shamp-lorealx1500ml-2,SHAMP LOREALx1500ml,Title,Default Title,0016703
espuma-capilar-lorealx235g-curl-expression,ESPUMA CAPILAR LOREALx235g CURL EXPRESSION,Title,Default Title,0016701
mascarilla-capilar-lorealx500ml-curl-expression,MASCARILLA CAPILAR LOREALx500ml CURL EXPRESSION,Title,Default Title,0016704
sombra-raiax10-8g-9t,SOMBRA RAIAx10.8g 9T,Title,Default Title,0017586
lapiz-cejas-raiax0-6,LAPIZ CEJAS RAIAx0.6,Title,Default Title,0017588
lapiz-cejas-raiax0-7,LAPIZ CEJAS RAIAx0.6,Title,Default Title,0017589
brillo-lab-raiax4ml-4,BRILLO LAB RAIAx4ml,Title,Default Title,0017599
tinte-wellax60ml-c-p-32,TINTE WELLAx60ml C/P,Title,Default Title,0017956
masc-cap-lorealx500m-3,MASC CAP LOREALx500m,Title,Default Title,0018135
masc-cap-schwarzkopf-1,MASC CAP SCHWARZKOPF,Title,Default Title,0019093
shamp-schwarzkopfx30,SHAMP SCHWARZKOPFx30,Title,Default Title,0019095
shamp-schwarzkopfx30-1,SHAMP SCHWARZKOPFx30,Title,Default Title,0019099
shamp-schwarzkopfx30-2,SHAMP SCHWARZKOPFx30,Title,Default Title,0019100
tinte-lorealx50g-dia-13,TINTE LOREALx50g DIA,Title,Default Title,0019115
tinte-lorealx50g-dia-14,TINTE LOREALx50g DIA,Title,Default Title,0019116
tinte-lorealx50g-dialight-8-18,TINTE LOREALx50g DIALIGHT 8.18,Title,Default Title,0019117
jabon-fac-kurax250g,JABON FAC KURAx250g,Title,Default Title,0019121
crema-fac-kurax30g-c,CREMA FAC KURAx30g C,Title,Default Title,0019122
tinte-lorealx50g-dialight-9-18,TINTE LOREALx50g DIALIGHT 9.18,Title,Default Title,0019119
shampoo-lorealx300ml-scalp-advanced-anticaida,SHAMPOO LOREALx300ml SCALP ADVANCED ANTICAIDA,Title,Default Title,0020026
shampoo-lorealx1500ml-scalp-anti-grasa,SHAMPOO LOREALx1500ml SCALP ANTI GRASA,Title,Default Title,0020030
shampoo-lorealx1500ml-absolut-repair-molecular,SHAMPOO LOREALx1500ml ABSOLUT REPAIR MOLECULAR,Title,Default Title,0020034
tinte-lorealx50g-dialight-8-28,TINTE LOREALx50g DIALIGHT 8.28,Title,Default Title,0020039
tinte-lorealx50g-dia-15,TINTE LOREALx50g DIA,Title,Default Title,0020040
tinte-lorealx50g-dialight-6,TINTE LOREALx50g DIALIGHT 6,Title,Default Title,0020042
tinte-lorealx50g-dialight-8,TINTE LOREALx50g DIALIGHT 8,Title,Default Title,0020041
tinte-wellax60ml-illumina-color-10-93,TINTE WELLAx60ml ILLUMINA COLOR 10.93,Title,Default Title,0020321
tinte-wellax60ml-illumina-color-10-69,TINTE WELLAx60ml ILLUMINA COLOR 10.69,Title,Default Title,0020320
tinte-wellax60ml-illumina-color-4,TINTE WELLAx60ml ILLUMINA COLOR 4,Title,Default Title,0020322
tinte-wellax60ml-illumina-color-5,TINTE WELLAx60ml ILLUMINA COLOR 5,Title,Default Title,0020323
tinte-wellax60ml-ill,TINTE WELLAx60ml ILL,Title,Default Title,0020328
tinte-wellax60ml-illumina-color-5-81,TINTE WELLAx60ml ILLUMINA COLOR 5.81,Title,Default Title,0020327
tinte-wellax60ml-illumina-color-6-16,TINTE WELLAx60ml ILLUMINA COLOR 6.16,Title,Default Title,0020330
tinte-wellax60ml-illumina-color-7-31,TINTE WELLAx60ml ILLUMINA COLOR 7.31,Title,Default Title,0020338
tinte-wellax60ml-illumina-color-7-35,TINTE WELLAx60ml ILLUMINA COLOR 7.35,Title,Default Title,0020339
tinte-wellax60ml-ill-1,TINTE WELLAx60ml ILL,Title,Default Title,0020341
tinte-wellax60ml-illumina-color-7-81,TINTE WELLAx60ml ILLUMINA COLOR 7.81,Title,Default Title,0020342
tinte-wellax60ml-illumina-color-8,TINTE WELLAx60ml ILLUMINA COLOR 8,Title,Default Title,0020343
tinte-wellax60ml-illumina-color-9-03,TINTE WELLAx60ml ILLUMINA COLOR 9.03,Title,Default Title,0020349
tinte-wellax60ml-illumina-color-9-60,TINTE WELLAx60ml ILLUMINA COLOR 9.60,Title,Default Title,0020351
tinte-lorealx60ml-di,TINTE LOREALx60ml DI,Title,Default Title,0020809
tinte-lorealx60ml-di-1,TINTE LOREALx60ml DI,Title,Default Title,0020810
tinte-lorealx60ml-di-2,TINTE LOREALx60ml DI,Title,Default Title,0020811
tinte-lorealx60ml-di-3,TINTE LOREALx60ml DI,Title,Default Title,0020812
tinte-lorealx60ml-di-4,TINTE LOREALx60ml DI,Title,Default Title,0020819
tinte-lorealx60ml-di-5,TINTE LOREALx60ml DI,Title,Default Title,0020836
tinte-lorealx60ml-di-6,TINTE LOREALx60ml DI,Title,Default Title,0020813
serum-cap-olaplexx90,SERUM CAP OLAPLEXx90,Title,Default Title,0021014
shamp-olaplexx250ml,SHAMP OLAPLEXx250ml,Title,Default Title,0021016
trata-cap-olaplexx15,TRATA CAP OLAPLEXx15,Title,Default Title,0021019
serum-cap-moroccanoi,SERUM CAP MOROCCANOI,Title,Default Title,0021023
serum-cap-olaplexx30,SERUM CAP OLAPLEXx30,Title,Default Title,0021020
masc-cap-moroccanoil-2,MASC CAP MOROCCANOIL,Title,Default Title,0021026
masc-cap-moroccanoil-3,MASC CAP MOROCCANOIL,Title,Default Title,0021029
shamp-moroccanoilx20,SHAMP MOROCCANOILx20,Title,Default Title,0021030
shamp-moroccanoilx20-1,SHAMP MOROCCANOILx20,Title,Default Title,0021031
shamp-moroccanoilx25-1,SHAMP MOROCCANOILx25,Title,Default Title,0021028
crema-peinar-morocca,CREMA PEINAR MOROCCA,Title,Default Title,0021032
crema-peinar-morocca-1,CREMA PEINAR MOROCCA,Title,Default Title,0021033
serum-cap-moroccanoi-1,SERUM CAP MOROCCANOI,Title,Default Title,0021036
espuma-cap-moroccano,ESPUMA CAP MOROCCANO,Title,Default Title,0021037
laca-moroccanoilx330,LACA MOROCCANOILx330,Title,Default Title,0021034
shamp-moroccanoilx25-2,SHAMP MOROCCANOILx25,Title,Default Title,0021038
shamp-wellax250ml-in-3,SHAMP WELLAx250ml IN,Title,Default Title,0021129
serum-capilar-schwarzkopfx100ml-rose,SERUM CAPILAR SCHWARZKOPFx100ml ROSE,Title,Default Title,0021199
mascarilla-capilar-lorealx250ml-absolut-repair-molecular,MASCARILLA CAPILAR LOREALx250ml ABSOLUT REPAIR MOLECULAR,Title,Default Title,0021225
cera-cap-stmntx100ml,CERA CAP STMNTx100ml,Title,Default Title,0021315
acond-stmntx275ml,ACOND STMNTx275ml,Title,Default Title,0021311
cera-capilar-stmntx100ml-shine-paste,CERA CAPILAR STMNTx100ml SHINE PASTE,Title,Default Title,0021324
cera-cap-stmntx15g-w,CERA CAP STMNTx15g W,Title,Default Title,0021325
shamp-stmntx300ml-hy,SHAMP STMNTx300ml HY,Title,Default Title,0021328
shamp-stmntx300ml-to,SHAMP STMNTx300ml TO,Title,Default Title,0021329
laca-stmntx200ml-gro,LACA STMNTx200ml GRO,Title,Default Title,0021326
bloq-isdinx250ml-cor-1,BLOQ ISDINx250ml COR,Title,Default Title,0021334
bloqueador-facial-isdinx2g-uv-mineral-brush,BLOQUEADOR FACIAL ISDINx2g UV MINERAL BRUSH,Title,Default Title,0021335
protec-labial-isdinx,PROTEC LABIAL ISDINx,Title,Default Title,0021346
protec-labial-isdinx-1,PROTEC LABIAL ISDINx,Title,Default Title,0021347
proctector-labial-isdinx4g-spf30,PROCTECTOR LABIAL ISDINx4g SPF30,Title,Default Title,0021348
protec-labial-isdinx-2,PROTEC LABIAL ISDINx,Title,Default Title,0021349
crema-facial-isdinx15g-k-ox-eyes-con-aplicador,CREMA FACIAL ISDINx15g K-OX EYES CON APLICADOR,Title,Default Title,0021355
crema-facial-isdinx50ml-glicoisdin-15-moder,CREMA FACIAL ISDINx50ml GLICOISDIN 15 MODER,Title,Default Title,0021358
crema-fac-isdinx50ml-1,CREMA FAC ISDINx50ml,Title,Default Title,0021356
crema-fac-isdinx50ml-2,CREMA FAC ISDINx50ml,Title,Default Title,0021360
serum-fac-isdinx30ml,SERUM FAC ISDINx30ml,Title,Default Title,0021362
serum-fac-isdinx50ml,SERUM FAC ISDINx50ml,Title,Default Title,0021364
acondicionador-davinesx150ml-replumping,ACONDICIONADOR DAVINESx150ml REPLUMPING,Title,Default Title,0021405
acond-wellax1000ml-u,ACOND WELLAx1000ml U,Title,Default Title,0021419
agua-perfume-c-hx100-1,AGUA PERFUME C.Hx100,Title,Default Title,0021428
agua-perfume-jp-gaul-6,AGUA PERFUME JP/GAUL,Title,Default Title,0021445
agua-tocador-c-hx50m,AGUA TOCADOR C.Hx50m,Title,Default Title,0021455
ampolleta-alfaparfx1,AMPOLLETA ALFAPARFx1,Title,Default Title,0021467
bloqueador-solar-eucerinx200ml-kids-toque-seco,BLOQUEADOR SOLAR EUCERINx200ml KIDS TOQUE SECO,Title,Default Title,0021707
bloqueador-solar-heliocarex10g-compacto-beige,BLOQUEADOR SOLAR HELIOCAREx10g COMPACTO BEIGE,Title,Default Title,0021708
tonico-cap-alteregox,TONICO CAP ALTEREGOx,Title,Default Title,0024340
gafas-tiffanyxund-0t-4,GAFAS TIFFANYxund 0T,Title,Default Title,0024350
gafas-miu-miuxund-0mu-52ys-5ak06s,GAFAS MIU MIUxund 0MU 52YS 5AK06S,Title,Default Title,0024357
gafas-miu-miuxund-0mu-a06s-16k08z,GAFAS MIU MIUxund 0MU A06S 16K08Z,Title,Default Title,0024359
gafas-miu-miuxund-0m-3,GAFAS MIU MIUxund 0M,Title,Default Title,0024361
perfume-al-haramainx,PERFUME AL HARAMAINx,Title,Default Title,0024377
perfume-al-haramainx-1,PERFUME AL HARAMAINx,Title,Default Title,0024378
perfume-al-haramainx-2,PERFUME AL HARAMAINx,Title,Default Title,0024381
perfume-al-haramainx-3,PERFUME AL HARAMAINx,Title,Default Title,0024379
perfume-al-haramainx-4,PERFUME AL HARAMAINx,Title,Default Title,0024382
perfume-al-haramainx-5,PERFUME AL HARAMAINx,Title,Default Title,0024383
perfume-orienticax30,PERFUME ORIENTICAx30,Title,Default Title,0024387
perfume-al-haramainx-6,PERFUME AL HARAMAINx,Title,Default Title,0024385
gel-bano-eucerinx400,GEL BANO EUCERINx400,Title,Default Title,0024428
gel-bano-eucerinx400-1,GEL BANO EUCERINx400,Title,Default Title,0024429
serum-fac-isdinx50ml-1,SERUM FAC ISDINx50ml,Title,Default Title,0024433
perfume-lattafax100m-3,PERFUME LATTAFAx100m,Title,Default Title,0024436
remov-esmalte-bresci,REMOV ESMALTE BRESCI,Title,Default Title,0024449
perfume-lattafax100m-4,PERFUME LATTAFAx100m,Title,Default Title,0024434
remov-esmalte-bresci-1,REMOV ESMALTE BRESCI,Title,Default Title,0024450
remov-cuticula-bresc,REMOV CUTICULA BRESC,Title,Default Title,0024454
endurecedor-bresciax,ENDURECEDOR BRESCIAx,Title,Default Title,0024453
shamp-kerastasex250m,SHAMP KERASTASEx250m,Title,Default Title,0024502
acond-kerastasex250m,ACOND KERASTASEx250m,Title,Default Title,0024503
termoprotector-keras-1,TERMOPROTECTOR KERAS,Title,Default Title,0024504
masc-cap-t-italyx100,MASC CAP T/ITALYx100,Title,Default Title,0024520
masc-cap-t-italyx100-1,MASC CAP T/ITALYx100,Title,Default Title,0024521
perfume-bhararax100m,PERFUME BHARARAx100m,Title,Default Title,0024524
perfume-bhararax100m-1,PERFUME BHARARAx100m,Title,Default Title,0024525
perfume-al-haramainx-7,PERFUME AL HARAMAINx,Title,Default Title,0024529
perfume-kajal-x100ml,PERFUME KAJAL x100ml,Title,Default Title,0024530
perfume-bhararax100m-2,PERFUME BHARARAx100m,Title,Default Title,0024526
perfume-kajal-x100ml-1,PERFUME KAJAL x100ml,Title,Default Title,0024531
perfume-al-haramainx-8,PERFUME AL HARAMAINx,Title,Default Title,0024535
laca-stmntx200ml-def-1,LACA STMNTx200ml DEF,Title,Default Title,0024568
balsamo-fac-clinique,BALSAMO FAC CLINIQUE,Title,Default Title,0024646
balsamo-lab-clinique,BALSAMO LAB CLINIQUE,Title,Default Title,0024647
base-clinique-x30ml,BASE CLINIQUE x30ml,Title,Default Title,0024649
base-clinique-x30ml-1,BASE CLINIQUE x30ml,Title,Default Title,0024652
base-clinique-x30ml-2,BASE CLINIQUE x30ml,Title,Default Title,0024654
base-clinique-x30ml-3,BASE CLINIQUE x30ml,Title,Default Title,0024650
bloq-cliniquex40ml-s,BLOQ CLINIQUEx40ml S,Title,Default Title,0024655
contorno-ojos-cliniq,CONTORNO OJOS CLINIQ,Title,Default Title,0024657
contorno-ojos-cliniq-1,CONTORNO OJOS CLINIQ,Title,Default Title,0024658
crema-fac-cliniquex5,CREMA FAC CLINIQUEx5,Title,Default Title,0024663
crema-fac-cliniquex3,CREMA FAC CLINIQUEx3,Title,Default Title,0024662
crema-fac-cliniquex5-1,CREMA FAC CLINIQUEx5,Title,Default Title,0024666
crema-fac-cliniquex5-2,CREMA FAC CLINIQUEx5,Title,Default Title,0024667
crema-fac-cliniquex5-3,CREMA FAC CLINIQUEx5,Title,Default Title,0024664
crema-fac-cliniquex5-4,CREMA FAC CLINIQUEx5,Title,Default Title,0024665
crema-fac-cliniquex5-5,CREMA FAC CLINIQUEx5,Title,Default Title,0024668
desmaquillante-cliniquex125ml-cleanising-balm-baume,DESMAQUILLANTE CLINIQUEx125ml CLEANISING BALM BAUME,Title,Default Title,0024671
desmaquillante-cliniquex125ml-makeup-remover-for-lids,DESMAQUILLANTE CLINIQUEx125ml MAKEUP REMOVER FOR LIDS,Title,Default Title,0024672
gel-fac-cliniquex20m,GEL FAC CLINIQUEx20m,Title,Default Title,0024675
gel-fac-cliniquex50m,GEL FAC CLINIQUEx50m,Title,Default Title,0024676
iluminador-cliniquex,ILUMINADOR CLINIQUEx,Title,Default Title,0024677
iluminador-cliniquex-1,ILUMINADOR CLINIQUEx,Title,Default Title,0024678
jabon-fac-cliniquex2,JABON FAC CLINIQUEx2,Title,Default Title,0024680
lapiz-ojos-cliniquex,LAPIZ OJOS CLINIQUEx,Title,Default Title,0024685
jabon-fac-cliniquex2-1,JABON FAC CLINIQUEx2,Title,Default Title,0024679
labial-cliniquex3-9g,LABIAL CLINIQUEx3.9g,Title,Default Title,0024682
lapiz-ojos-cliniquex-1,LAPIZ OJOS CLINIQUEx,Title,Default Title,0024687
polvo-cliniquex7-6g,POLVO CLINIQUEx7.6g,Title,Default Title,0024693
lapiz-ojos-cliniquex-2,LAPIZ OJOS CLINIQUEx,Title,Default Title,0024688
serum-fac-cliniquex3,SERUM FAC CLINIQUEx3,Title,Default Title,0024695
serum-fac-cliniquex5,SERUM FAC CLINIQUEx5,Title,Default Title,0024696
serum-fac-cliniquex5-1,SERUM FAC CLINIQUEx5,Title,Default Title,0024697
tonico-fac-clinique,TONICO FAC CLINIQUE,Title,Default Title,0024701
tonico-fac-clinique-1,TONICO FAC CLINIQUE,Title,Default Title,0024702
tonico-fac-clinique-2,TONICO FAC CLINIQUE,Title,Default Title,0024703
serum-ojos-cliniquex,SERUM OJOS CLINIQUEx,Title,Default Title,0024698
tonico-fac-clinique-3,TONICO FAC CLINIQUE,Title,Default Title,0024704
tinte-lorealx60ml-co,TINTE LOREALx60ml CO,Title,Default Title,0024782
masc-cap-authenticx2,MASC CAP AUTHENTICx2,Title,Default Title,0024939
masc-cap-authenticx2-1,MASC CAP AUTHENTICx2,Title,Default Title,0024940
bloq-heliocarex25g-f,BLOQ HELIOCAREx25g F,Title,Default Title,0024953
ampolleta-cap-alfapa,AMPOLLETA CAP ALFAPA,Title,Default Title,0024938
bloq-heliocarex25g-f-1,BLOQ HELIOCAREx25g F,Title,Default Title,0024954
shamp-apivitax250ml,SHAMP APIVITAx250ml,Title,Default Title,0024956
masc-cap-apivitax200,MASC CAP APIVITAx200,Title,Default Title,0024959
gafas-rayban-und-0rb,GAFAS RAYBAN*und 0RB,Title,Default Title,0024960
gafas-rayban-und-0rb-1,GAFAS RAYBAN*und 0RB,Title,Default Title,0024961
gafas-rayban-und-0rb-2,GAFAS RAYBAN*und 0RB,Title,Default Title,0024962
gafas-rayban-und-0rb-3,GAFAS RAYBAN*und 0RB,Title,Default Title,0024963
gafas-rayban-und-0rb-4,GAFAS RAYBAN*und 0RB,Title,Default Title,0024964
gafas-rayban-und-0rb-5,GAFAS RAYBAN*und 0RB,Title,Default Title,0024965
gafas-rayban-und-0rb-6,GAFAS RAYBAN*und 0RB,Title,Default Title,0024966
gafas-rayban-und-0rb-7,GAFAS RAYBAN*und 0RB,Title,Default Title,0024969
gafas-rayban-und-0rb-8,GAFAS RAYBAN*und 0RB,Title,Default Title,0024968
gafas-rayban-und-0rb-9,GAFAS RAYBAN*und 0RB,Title,Default Title,0024970
gafas-rayban-und-0rb-10,GAFAS RAYBAN*und 0RB,Title,Default Title,0024973
gafas-rayban-und-0rb-11,GAFAS RAYBAN*und 0RB,Title,Default Title,0024972
gafas-rayban-und-0rb-12,GAFAS RAYBAN*und 0RB,Title,Default Title,0024974
gafas-rayban-und-0rb-13,GAFAS RAYBAN*und 0RB,Title,Default Title,0024975
gafas-rayban-und-0rb-14,GAFAS RAYBAN*und 0RB,Title,Default Title,0024979
gafas-rayban-und-0rb-15,GAFAS RAYBAN*und 0RB,Title,Default Title,0024978
gafas-rayban-und-0rb-16,GAFAS RAYBAN*und 0RB,Title,Default Title,0024980
gafas-rayban-und-0rb-17,GAFAS RAYBAN*und 0RB,Title,Default Title,0024981
gafas-rayban-und-0rb-18,GAFAS RAYBAN*und 0RB,Title,Default Title,0024982
gafas-rayban-und-0rb4383l-662773-53,GAFAS RAYBAN*und 0RB4383L 662773 53,Title,Default Title,0024983
gafas-rayban-und-0rb-19,GAFAS RAYBAN*und 0RB,Title,Default Title,0024987
gafas-rayban-und-0rb-20,GAFAS RAYBAN*und 0RB,Title,Default Title,0024988
gafas-rayban-und-0rb-21,GAFAS RAYBAN*und 0RB,Title,Default Title,0024984
gafas-rayban-und-0rb-22,GAFAS RAYBAN*und 0RB,Title,Default Title,0024989
shamp-schwarzkopfx30-3,SHAMP SCHWARZKOPFx30,Title,Default Title,0025052
tinte-lorealx60ml-ma,TINTE LOREALx60ml MA,Title,Default Title,0025235
kit-cap-olaplexx2und,KIT CAP OLAPLEXx2und,Title,Default Title,0025444
kit-cap-olaplexx2und-1,KIT CAP OLAPLEXx2und,Title,Default Title,0025446
masc-cap-olaplexx100,MASC CAP OLAPLEXx100,Title,Default Title,0025447
masc-cap-olaplexx100-1,MASC CAP OLAPLEXx100,Title,Default Title,0025448
tinte-lorealx60ml-co-1,TINTE LOREALx60ml CO,Title,Default Title,0025578
skit-cap-lorealx2und,SKIT CAP LOREALx2und,Title,Default Title,0025570
shamp-kerastasex500m,SHAMP KERASTASEx500m,Title,Default Title,0025579
trata-cap-t-italyx30,TRATA CAP T/ITALYx30,Title,Default Title,0025590
acces-sodhanaxund-ca,ACCES SODHANAxund CA,Title,Default Title,0025622
acces-sodhanaxund-ar,ACCES SODHANAxund AR,Title,Default Title,0025620
acces-sodhanaxund-ca-1,ACCES SODHANAxund CA,Title,Default Title,0025635
acces-sodhanaxund-ca-2,ACCES SODHANAxund CA,Title,Default Title,0025641
acces-sodhanaxund-ar-1,ACCES SODHANAxund AR,Title,Default Title,0025623
acces-sodhanaxund-ca-3,ACCES SODHANAxund CA,Title,Default Title,0025644
acces-sodhanaxund-ar-2,ACCES SODHANAxund AR,Title,Default Title,0025649
acces-sodhanaxund-ca-4,ACCES SODHANAxund CA,Title,Default Title,0025650
acces-sodhanaxund-ca-5,ACCES SODHANAxund CA,Title,Default Title,0025651
acces-sodhanaxund-ca-6,ACCES SODHANAxund CA,Title,Default Title,0025655
acces-sodhanaxund-ar-3,ACCES SODHANAxund AR,Title,Default Title,0025667
acces-sodhanaxund-ar-4,ACCES SODHANAxund AR,Title,Default Title,0025668
acces-sodhanaxund-ar-5,ACCES SODHANAxund AR,Title,Default Title,0025672
acces-sodhanaxund-ar-6,ACCES SODHANAxund AR,Title,Default Title,0025682
lacces-sodhanaxund-a,LACCES SODHANAxund A,Title,Default Title,0025683
acces-sodhanaxund-ar-7,ACCES SODHANAxund AR,Title,Default Title,0025685
lacces-sodhanaxund-a-1,LACCES SODHANAxund A,Title,Default Title,0025696
acces-sodhanaxund-ar-8,ACCES SODHANAxund AR,Title,Default Title,0025694
acces-sodhanaxund-ar-9,ACCES SODHANAxund AR,Title,Default Title,0025697
lacces-sodhanaxund-a-2,LACCES SODHANAxund A,Title,Default Title,0025698
acces-sodhanaxund-ar-10,ACCES SODHANAxund AR,Title,Default Title,0025704
lacces-sodhanaxund-a-3,LACCES SODHANAxund A,Title,Default Title,0025705
acces-sodhanaxund-ar-11,ACCES SODHANAxund AR,Title,Default Title,0025706
lacces-sodhanaxund-a-4,LACCES SODHANAxund A,Title,Default Title,0025707
acces-sodhanaxund-ar-12,ACCES SODHANAxund AR,Title,Default Title,0025708
acces-sodhanaxund-ar-13,ACCES SODHANAxund AR,Title,Default Title,0025720
acces-sodhanaxund-ar-14,ACCES SODHANAxund AR,Title,Default Title,0025724
acces-sodhanaxund-ar-15,ACCES SODHANAxund AR,Title,Default Title,0025717
acces-sodhanaxund-ar-16,ACCES SODHANAxund AR,Title,Default Title,0025723
acces-sodhanaxund-ea,ACCES SODHANAxund EA,Title,Default Title,0025725
acces-sodhanaxund-ea-1,ACCES SODHANAxund EA,Title,Default Title,0025730
acces-sodhanaxund-ea-2,ACCES SODHANAxund EA,Title,Default Title,0025732
acces-sodhanaxund-ar-17,ACCES SODHANAxund AR,Title,Default Title,0025726
acces-sodhanaxund-ea-3,ACCES SODHANAxund EA,Title,Default Title,0025734
acces-sodhanaxund-ea-4,ACCES SODHANAxund EA,Title,Default Title,0025735
acces-sodhanaxund-ea-5,ACCES SODHANAxund EA,Title,Default Title,0025740
acces-sodhanaxund-ar-18,ACCES SODHANAxund AR,Title,Default Title,0025738
acces-sodhanaxund-ea-6,ACCES SODHANAxund EA,Title,Default Title,0025742
acces-sodhanaxund-ea-7,ACCES SODHANAxund EA,Title,Default Title,0025737
acces-sodhanaxund-ar-19,ACCES SODHANAxund AR,Title,Default Title,0025741
acces-sodhanaxund-ar-20,ACCES SODHANAxund AR,Title,Default Title,0025743
crema-fac-isdinx15g,CREMA FAC ISDINx15g,Title,Default Title,0025780
tinte-lorealx60ml-ma-1,TINTE LOREALx60ml MA,Title,Default Title,0025802
acces-sodhanaxund-ea-8,ACCES SODHANAxund EA,Title,Default Title,0025747
esmalte-belierx13ml-2,ESMALTE BELIERx13ml,Title,Default Title,0025922
esmalte-belierx13ml-3,ESMALTE BELIERx13ml,Title,Default Title,0025924
esmalte-belierx13ml-4,ESMALTE BELIERx13ml,Title,Default Title,0025925
esmalte-belierx13ml-5,ESMALTE BELIERx13ml,Title,Default Title,0025927
esmalte-belierx13ml-6,ESMALTE BELIERx13ml,Title,Default Title,0025928
esmalte-belierx13ml-7,ESMALTE BELIERx13ml,Title,Default Title,0025933
esmalte-belierx13ml-8,ESMALTE BELIERx13ml,Title,Default Title,0025931
agua-perfume-p-raban-8,AGUA PERFUME P/RABAN,Title,Default Title,0025941
agua-perfume-c-hx80m,AGUA PERFUME C.Hx80m,Title,Default Title,0025942
0,0,Title,Default Title,0025943
kit-cap-nioxinx3und-1,KIT CAP NIOXINx3und,Title,Default Title,0025968
kit-cap-nioxinx3und-2,KIT CAP NIOXINx3und,Title,Default Title,0025970
acond-lights-cox1000,ACOND LIGHTS COx1000,Title,Default Title,0026145
kit-cap-kerastax2und,KIT CAP KERASTAx2und,Title,Default Title,0026005
acond-lights-cox1000-1,ACOND LIGHTS COx1000,Title,Default Title,0026146
shamp-lights-c0x1000,SHAMP LIGHTS C0x1000,Title,Default Title,0026147
shamp-lights-c0x250m,SHAMP LIGHTS C0x250m,Title,Default Title,0026150
shamp-lights-c0x250m-1,SHAMP LIGHTS C0x250m,Title,Default Title,0026151
shamp-lights-c0x1000-1,SHAMP LIGHTS C0x1000,Title,Default Title,0026148
shamp-lights-c0x250m-2,SHAMP LIGHTS C0x250m,Title,Default Title,0026152
acond-lights-cox200m,ACOND LIGHTS COx200m,Title,Default Title,0026153
masc-cap-lights-cox2,MASC CAP LIGHTS COx2,Title,Default Title,0026156
acond-lights-cox200m-1,ACOND LIGHTS COx200m,Title,Default Title,0026154
masc-lights-cox200ml,MASC LIGHTS COx200ml,Title,Default Title,0026158
masc-lights-cox500ml,MASC LIGHTS COx500ml,Title,Default Title,0026162
masc-lights-cox500ml-1,MASC LIGHTS COx500ml,Title,Default Title,0026163
masc-lights-cox500ml-2,MASC LIGHTS COx500ml,Title,Default Title,0026161
ampolleta-cap-lights,AMPOLLETA CAP LIGHTS,Title,Default Title,0026166
ampolleta-cap-lights-1,AMPOLLETA CAP LIGHTS,Title,Default Title,0026167
ampolleta-cap-lights-2,AMPOLLETA CAP LIGHTS,Title,Default Title,0026168
ampolleta-cap-lights-3,AMPOLLETA CAP LIGHTS,Title,Default Title,0026169
kit-cap-nioxinx3und-3,KIT CAP NIOXINx3und,Title,Default Title,0026171
kit-cap-nioxinx3und-4,KIT CAP NIOXINx3und,Title,Default Title,0026172
serum-cap-nioxinx100,SERUM CAP NIOXINx100,Title,Default Title,0026173
masc-cap-kerastasex2,MASC CAP KERASTASEx2,Title,Default Title,0026178
shamp-kerastasex250m-1,SHAMP KERASTASEx250m,Title,Default Title,0026179
kit-cap-rejuvenolx5u,KIT CAP REJUVENOLx5u,Title,Default Title,0026247
bruma-moroccanoilx10,BRUMA MOROCCANOILx10,Title,Default Title,0026271
bruma-moroccanoilx25,BRUMA MOROCCANOILx25,Title,Default Title,0026272
trata-cap-olaplexx25,TRATA CAP OLAPLEXx25,Title,Default Title,0026404
kit-cap-olaplexx1und,KIT CAP OLAPLEXx1und,Title,Default Title,0026407
serum-cap-authenticx-1,SERUM CAP AUTHENTICx,Title,Default Title,0026486
kit-cap-olaplexx2und-2,KIT CAP OLAPLEXx2und,Title,Default Title,0026406
gel-cap-stmntx150ml,GEL CAP STMNTx150ml,Title,Default Title,0026488
ampolleta-cap-kerast,AMPOLLETA CAP KERAST,Title,Default Title,0026490
bloq-heliocarex50ml,BLOQ HELIOCAREx50ml,Title,Default Title,0026492
perfume-lattafax100m-5,PERFUME LATTAFAx100m,Title,Default Title,0026497
perfume-lattafax100m-6,PERFUME LATTAFAx100m,Title,Default Title,0026498
perfume-lattafax100m-7,PERFUME LATTAFAx100m,Title,Default Title,0026499
perfume-lattafax100m-8,PERFUME LATTAFAx100m,Title,Default Title,0026500
perfume-lattafax100m-9,PERFUME LATTAFAx100m,Title,Default Title,0026501
perfume-lattafax100m-10,PERFUME LATTAFAx100m,Title,Default Title,0026502
kit-cap-moroccanoilx,KIT CAP MOROCCANOILx,Title,Default Title,0026506
kit-cap-moroccanoilx-1,KIT CAP MOROCCANOILx,Title,Default Title,0026507
base-diorx50ml-backstage-7-5n-neutral,BASE DIORx50ml BACKSTAGE 7.5N NEUTRAL,Title,Default Title,0006175
perfume-cap-kerastasex100ml-chronologist-2,PERFUME CAP KERASTASEx100ml CHRONOLOGIST,Title,Default Title,0001869
termoprotector-kerastase-150ml-nutr-nect-1,TERMOPROTECTOR KERASTASE*150ml NUTR NECT,Title,Default Title,0001873
shamp-kerastasex250ml-genesis-nutri-fo,SHAMP KERASTASEx250ml GENESIS NUTRI-FO,Title,Default Title,0001903
shamp-kerastasex250ml-genesis-hidra-fo,SHAMP KERASTASEx250ml GENESIS HIDRA-FO,Title,Default Title,0001902
masc-cap-kerastasex200ml-hydra-apais-1,MASC CAP KERASTASEx200ml HYDRA APAIS,Title,Default Title,0001916
trata-cap-kerastasex125ml-specif-sti-1,TRATA CAP KERASTASEx125ml SPECIF STI,Title,Default Title,0001931
serum-cap-kerastasex90ml-specif-potencia,SERUM CAP KERASTASEx90ml SPECIF POTENCIA,Title,Default Title,0001939
shamp-kerastasex1000ml-genesis-nutri-f-1,SHAMP KERASTASEx1000ml GENESIS NUTRI-F,Title,Default Title,0001949
shamp-kerastasex1000ml-specif-divalent-1,SHAMP KERASTASEx1000ml SPECIF DIVALENT,Title,Default Title,0001951
shamp-kerastasex1000ml-specif-vital-de,SHAMP KERASTASEx1000ml SPECIF VITAL DE,Title,Default Title,0001952
shamp-kerastasex1000ml-specif-riche-de,SHAMP KERASTASEx1000ml SPECIF RICHE DE,Title,Default Title,0001955
shamp-kerastasex1000ml-resistance-forc-1,SHAMP KERASTASEx1000ml RESISTANCE FORC,Title,Default Title,0001964
acond-kerastasex1000ml-resistance-ciment-1,ACOND KERASTASEx1000ml RESISTANCE CIMENT,Title,Default Title,0001967
shamp-kerastasex1000ml-resistance-exte-1,SHAMP KERASTASEx1000ml RESISTANCE EXTE,Title,Default Title,0001963
acond-kerastasex1000ml-resistance-soin-p-1,ACOND KERASTASEx1000ml RESISTANCE SOIN P,Title,Default Title,0001968
shamp-kerastasex1000ml-c-absolu-riche-1,SHAMP KERASTASEx1000ml C/ABSOLU RICHE,Title,Default Title,0001971
shamp-kerastasex1000ml-b-absolu-ultra,SHAMP KERASTASEx1000ml B/ABSOLU ULTRA,Title,Default Title,0001970
masc-cap-kerastasex500ml-p-e-soin-3,MASC CAP KERASTASEx500ml P/E SOIN 2,Title,Default Title,0001973
masc-cap-kerastasex500ml-disc-kerati-1,MASC CAP KERASTASEx500ml DISC KERATI,Title,Default Title,0001974
masc-cap-kerastasex500ml-densif-dens-1,MASC CAP KERASTASEx500ml DENSIF DENS,Title,Default Title,0001977
masc-cap-kerastasex500ml-disc-oleo-r-1,MASC CAP KERASTASEx500ml DISC OLEO R,Title,Default Title,0001975
masc-cap-kerastasex500ml-densif-hydr-1,MASC CAP KERASTASEx500ml DENSIF HYDR,Title,Default Title,0001978
masc-cap-kerastasex500ml-resist-forc-1,MASC CAP KERASTASEx500ml RESIST FORC,Title,Default Title,0001979
masc-cap-kerastasex500ml-b-abso-cica-1,MASC CAP KERASTASEx500ml B/ABSO CICA,Title,Default Title,0001982
masc-cap-kerastasex500ml-b-abso-ultr-1,MASC CAP KERASTASEx500ml B/ABSO ULTR,Title,Default Title,0001981
masc-cap-kerastasex500ml-genes-recon-1,MASC CAP KERASTASEx500ml GENES RECON,Title,Default Title,0001983
masc-cap-kerastasex500ml-c-abso-chro-1,MASC CAP KERASTASEx500ml C/ABSO CHRO,Title,Default Title,0001986
ampolleta-cap-kerastasex12ml-f-d-acide-a-1,AMPOLLETA CAP KERASTASEx12ml F/D ACIDE A,Title,Default Title,0001990
ampolleta-cap-kerastasex12ml-f-d-ultra-v-1,AMPOLLETA CAP KERASTASEx12ml F/D ULTRA-V,Title,Default Title,0001989
ampolleta-cap-kerastasex12ml-f-d-densifi-1,AMPOLLETA CAP KERASTASEx12ml F/D DENSIFI,Title,Default Title,0001991
potenciador-kerastasex120ml-f-d-discipli-1,POTENCIADOR KERASTASEx120ml F/D DISCIPLI,Title,Default Title,0001993
potenciador-kerastasex120ml-f-d-reconstr,POTENCIADOR KERASTASEx120ml F/D RECONSTR,Title,Default Title,0001995
shamp-kerastasex1000ml-chronologiste-r-1,SHAMP KERASTASEx1000ml CHRONOLOGISTE R,Title,Default Title,0002320
potenciador-kerastasex120ml-f-d-cicafibr-1,POTENCIADOR KERASTASEx120ml F/D CICAFIBR,Title,Default Title,0001996
shamp-kerastasex1000ml-disc-fuide-gen-1,SHAMP KERASTASEx1000ml DISC FUIDE/GEN,Title,Default Title,0002356
serum-cap-kerastasex90ml-genesis-homme-1,SERUM CAP KERASTASEx90ml GENESIS HOMME,Title,Default Title,0003054
acond-kerastasex1000ml-nutritive-lait-vi-1,ACOND KERASTASEx1000ml NUTRITIVE LAIT VI,Title,Default Title,0003552
masc-cap-kerastasex5,MASC CAP KERASTASEx5,Title,Default Title,0004288
shamp-kerastasex1000-3,SHAMP KERASTASEx1000,Title,Default Title,0004311
shamp-kerastasex1000-4,SHAMP KERASTASEx1000,Title,Default Title,0004314
potenciador-kerastas-1,POTENCIADOR KERASTAS,Title,Default Title,0004492
potenciador-kerastas-2,POTENCIADOR KERASTAS,Title,Default Title,0004493
shamp-kerastasex500m-3,SHAMP KERASTASEx500m,Title,Default Title,0004583
ampolleta-cap-kerast-1,AMPOLLETA CAP KERAST,Title,Default Title,0004611
ampolleta-cap-kerast-2,AMPOLLETA CAP KERAST,Title,Default Title,0004928
shamp-kerastasex1000-5,SHAMP KERASTASEx1000,Title,Default Title,0005983
masc-cap-kerastasex2-2,MASC CAP KERASTASEx2,Title,Default Title,0006209
shamp-kerastasex250m-4,SHAMP KERASTASEx250m,Title,Default Title,0005988
termoprotector-keras-2,TERMOPROTECTOR KERAS,Title,Default Title,0006214
masc-cap-kerastasex5-2,MASC CAP KERASTASEx5,Title,Default Title,0006215
serum-cap-kerastasex-1,SERUM CAP KERASTASEx,Title,Default Title,0006383
shamp-kerastasex1000-6,SHAMP KERASTASEx1000,Title,Default Title,0006382
shamp-kerastasex1000-7,SHAMP KERASTASEx1000,Title,Default Title,0007672
shamp-kerastasex1000-8,SHAMP KERASTASEx1000,Title,Default Title,0007673
trata-cap-kerastasex,TRATA CAP KERASTASEx,Title,Default Title,0007677
potenciador-kerastasex120ml-f-d-cicablon,POTENCIADOR KERASTASEx120ml F/D CICABLON,Title,Default Title,0022984
acondicionador-kerastasex250ml-gloss-absolute,ACONDICIONADOR KERASTASEx250ml GLOSS ABSOLUTE,Title,Default Title,0024503
kit-capilar-kerastasex2und-resistance-cosmetiquera,KIT CAPILAR KERASTASEx2und RESISTANCE +COSMETIQUERA,Title,Default Title,0026005
masc-cap-kerastasex2-4,MASC CAP KERASTASEx2,Title,Default Title,0026178
shampoo-kerastasex250ml-gloss-hydra-absolu,SHAMPOO KERASTASEx250ml GLOSS HYDRA ABSOLU,Title,Default Title,0026179
base-la-foretx33ml-b,BASE LA FORETx33ml B,Title,Default Title,0000009
base-la-foretx30ml-m,BASE LA FORETx30ml M,Title,Default Title,0000010
base-la-foretx30ml-m-1,BASE LA FORETx30ml M,Title,Default Title,0000012
base-la-foretx30ml-m-3,BASE LA FORETx30ml M,Title,Default Title,0000014
base-la-foretx30ml-m-4,BASE LA FORETx30ml M,Title,Default Title,0000015
base-la-foretx30ml-a,BASE LA FORETx30ml A,Title,Default Title,0000016
base-la-foretx30ml-a-1,BASE LA FORETx30ml A,Title,Default Title,0000017
base-la-foretx30ml-a-2,BASE LA FORETx30ml A,Title,Default Title,0000019
polvo-la-foretx12-8g-1,POLVO LA FORETx12.8g,Title,Default Title,0000021
polvo-la-foretx9g-tw,POLVO LA FORETx9g TW,Title,Default Title,0000025
polvo-la-foretx9g-tw-1,POLVO LA FORETx9g TW,Title,Default Title,0000026
labial-la-foretx3-4g,LABIAL LA FORETx3.4g,Title,Default Title,0000029
labial-la-foretx2-6g,LABIAL LA FORETx2.6g,Title,Default Title,0000032
labial-la-foretx3-4g-1,LABIAL LA FORETx3.4g,Title,Default Title,0000034
labial-la-foretx3-4g-2,LABIAL LA FORETx3.4g,Title,Default Title,0000036
labial-la-foretx3-4g-3,LABIAL LA FORETx3.4g,Title,Default Title,0000037
labial-la-foretx3-4g-4,LABIAL LA FORETx3.4g,Title,Default Title,0000038
labial-la-foretx3-4g-5,LABIAL LA FORETx3.4g,Title,Default Title,0000039
labial-la-foretx3-4g-6,LABIAL LA FORETx3.4g,Title,Default Title,0000040
labial-la-foretx3-4g-7,LABIAL LA FORETx3.4g,Title,Default Title,0000041
labial-la-foretx3-4g-8,LABIAL LA FORETx3.4g,Title,Default Title,0000044
labial-la-foretx3-4g-9,LABIAL LA FORETx3.4g,Title,Default Title,0000046
labial-la-foretx3-4g-10,LABIAL LA FORETx3.4g,Title,Default Title,0000048
acond-schwarzkopfx20-8,ACOND SCHWARZKOPFx20,Title,Default Title,0000049
labial-la-foretx2-6g-1,LABIAL LA FORETx2.6g,Title,Default Title,0000050
labial-la-foretx2-6g-2,LABIAL LA FORETx2.6g,Title,Default Title,0000052
labial-la-foretx2-6g-3,LABIAL LA FORETx2.6g,Title,Default Title,0000053
labial-la-foretx2-6g-4,LABIAL LA FORETx2.6g,Title,Default Title,0000055
labial-la-foretx2-6g-5,LABIAL LA FORETx2.6g,Title,Default Title,0000056
labial-la-foretx2-6g-6,LABIAL LA FORETx2.6g,Title,Default Title,0000057
labial-liq-la-foretx,LABIAL LIQ LA FORETx,Title,Default Title,0000058
labial-liq-la-foretx-1,LABIAL LIQ LA FORETx,Title,Default Title,0000059
labial-liq-la-foretx-2,LABIAL LIQ LA FORETx,Title,Default Title,0000062
labial-liq-la-foretx-3,LABIAL LIQ LA FORETx,Title,Default Title,0000063
labial-liq-la-foretx-4,LABIAL LIQ LA FORETx,Title,Default Title,0000064
labial-liq-la-foretx-5,LABIAL LIQ LA FORETx,Title,Default Title,0000066
labial-liq-la-foretx-6,LABIAL LIQ LA FORETx,Title,Default Title,0000068
labial-liq-la-foretx-7,LABIAL LIQ LA FORETx,Title,Default Title,0000069
labial-liq-la-foretx-8,LABIAL LIQ LA FORETx,Title,Default Title,0000071
sombra-la-foretx1-48,SOMBRA LA FORETx1.48,Title,Default Title,0000073
sombra-la-foretx1-49,SOMBRA LA FORETx1.48,Title,Default Title,0000075
sombra-la-foretx1-50,SOMBRA LA FORETx1.48,Title,Default Title,0000076
sombra-la-foretx1-51,SOMBRA LA FORETx1.48,Title,Default Title,0000077
sombra-la-foretx1-52,SOMBRA LA FORETx1.48,Title,Default Title,0000078
sombra-la-foretx1-53,SOMBRA LA FORETx1.48,Title,Default Title,0000079
corrector-la-foretx2,CORRECTOR LA FORETx2,Title,Default Title,0000081
pestanina-la-foretx7,PESTANINA LA FORETx7,Title,Default Title,0000082
maq-cejas-la-foretx3,MAQ CEJAS LA FORETx3,Title,Default Title,0000086
maq-cejas-la-foretx3-1,MAQ CEJAS LA FORETx3,Title,Default Title,0000087
polvo-sisleyx10g-tei,POLVO SISLEYx10g TEI,Title,Default Title,0000088
polvo-sisleyx10g-tei-1,POLVO SISLEYx10g TEI,Title,Default Title,0000089
polvo-sisleyx10g-tei-2,POLVO SISLEYx10g TEI,Title,Default Title,0000090
polvo-sisleyx10g-tei-3,POLVO SISLEYx10g TEI,Title,Default Title,0000093
polvo-sisleyx11g-tou,POLVO SISLEYx11g TOU,Title,Default Title,0000094
polvo-sisleyx11g-blu,POLVO SISLEYx11g BLU,Title,Default Title,0000095
polvo-sisleyx12g-sue,POLVO SISLEYx12g SUE,Title,Default Title,0000097
polvo-sisleyx12g-sue-1,POLVO SISLEYx12g SUE,Title,Default Title,0000098
polvo-sisleyx12g-sue-2,POLVO SISLEYx12g SUE,Title,Default Title,0000099
rubor-sisleyx6-5g-le,RUBOR SISLEYx6.5g LE,Title,Default Title,0000101
rubor-sisleyx6-5g-le-1,RUBOR SISLEYx6.5g LE,Title,Default Title,0000102
rubor-sisleyx6-5g-le-2,RUBOR SISLEYx6.5g LE,Title,Default Title,0000103
rubor-sisleyx15g-lor,RUBOR SISLEYx15g LOR,Title,Default Title,0000104
rubor-sisleyx15g-lor-1,RUBOR SISLEYx15g LOR,Title,Default Title,0000105
rubor-sisleyx5-5g-tw,RUBOR SISLEYx5.5g TW,Title,Default Title,0000106
rubor-sisleyx5-5g-tw-1,RUBOR SISLEYx5.5g TW,Title,Default Title,0000107
rubor-sisleyx5-5g-tw-2,RUBOR SISLEYx5.5g TW,Title,Default Title,0000108
rubor-sisleyx5-5g-tw-3,RUBOR SISLEYx5.5g TW,Title,Default Title,0000109
rubor-sisleyx5-5g-tw-4,RUBOR SISLEYx5.5g TW,Title,Default Title,0000110
corrector-sisleyx15m,CORRECTOR SISLEYx15m,Title,Default Title,0000111
corrector-sisleyx15m-1,CORRECTOR SISLEYx15m,Title,Default Title,0000112
corrector-sisleyx2-5,CORRECTOR SISLEYx2.5,Title,Default Title,0000113
corrector-sisleyx2-6,CORRECTOR SISLEYx2.5,Title,Default Title,0000114
sombra-sisleyx1-5g-4,SOMBRA SISLEYx1.5g 4,Title,Default Title,0000115
sombra-sisleyx1-5g-2,SOMBRA SISLEYx1.5g 2,Title,Default Title,0000117
sombra-sisleyx1-5g-3,SOMBRA SISLEYx1.5g 3,Title,Default Title,0000118
sombra-sisleyx1-5g-5,SOMBRA SISLEYx1.5g 2,Title,Default Title,0000121
base-sisleyx30ml-sis,BASE SISLEYx30ml SIS,Title,Default Title,0000122
base-sisleyx30ml-sis-1,BASE SISLEYx30ml SIS,Title,Default Title,0000123
base-sisleyx30ml-tei,BASE SISLEYx30ml TEI,Title,Default Title,0000124
base-sisleyx30ml-tei-1,BASE SISLEYx30ml TEI,Title,Default Title,0000125
base-sisleyx30ml-tei-2,BASE SISLEYx30ml TEI,Title,Default Title,0000126
base-sisleyx30ml-tei-3,BASE SISLEYx30ml TEI,Title,Default Title,0000128
base-sisleyx30ml-tei-4,BASE SISLEYx30ml TEI,Title,Default Title,0000130
base-sisleyx30ml-tei-5,BASE SISLEYx30ml TEI,Title,Default Title,0000131
base-sisleyx30ml-tei-6,BASE SISLEYx30ml TEI,Title,Default Title,0000132
base-sisleyx30ml-tei-7,BASE SISLEYx30ml TEI,Title,Default Title,0000134
ampolleta-alfaparfx1-1,AMPOLLETA ALFAPARFx1,Title,Default Title,0000135
base-sisleyx30ml-tei-8,BASE SISLEYx30ml TEI,Title,Default Title,0000136
base-sisleyx30ml-tei-9,BASE SISLEYx30ml TEI,Title,Default Title,0000138
base-sisleyx30ml-tei-10,BASE SISLEYx30ml TEI,Title,Default Title,0000139
base-sisleyx30ml-tei-11,BASE SISLEYx30ml TEI,Title,Default Title,0000140
base-sisleyx30ml-tei-12,BASE SISLEYx30ml TEI,Title,Default Title,0000143
primer-sisleyx20ml-i,PRIMER SISLEYx20ml I,Title,Default Title,0000144
primer-sisleyx30ml-0,PRIMER SISLEYx30ml 0,Title,Default Title,0000146
primer-sisleyx30ml-1,PRIMER SISLEYx30ml 0,Title,Default Title,0000148
brocha-sisleyxund-18,BROCHA SISLEYxund 18,Title,Default Title,0000149
brocha-sisleyxund-19,BROCHA SISLEYxund 18,Title,Default Title,0000150
brocha-sisleyxund-20,BROCHA SISLEYxund 18,Title,Default Title,0000152
pincel-maq-sisleyxun,PINCEL MAQ SISLEYxun,Title,Default Title,0000154
labial-sisleyx2-5g-t,LABIAL SISLEYx2.5g T,Title,Default Title,0000158
labial-sisleyx2-5g-t-1,LABIAL SISLEYx2.5g T,Title,Default Title,0000159
labial-sisleyx2-5g-t-2,LABIAL SISLEYx2.5g T,Title,Default Title,0000160
labial-sisleyx2-5g-t-3,LABIAL SISLEYx2.5g T,Title,Default Title,0000163
labial-sisleyx2-5g-t-4,LABIAL SISLEYx2.5g T,Title,Default Title,0000164
labial-sisleyx2-5g-t-5,LABIAL SISLEYx2.5g T,Title,Default Title,0000165
labial-sisleyx2-5g-t-6,LABIAL SISLEYx2.5g T,Title,Default Title,0000167
labial-sisleyx2-5g-t-7,LABIAL SISLEYx2.5g T,Title,Default Title,0000168
labial-sisleyx2-5g-t-8,LABIAL SISLEYx2.5g T,Title,Default Title,0000169
labial-liq-sisleyx6m,LABIAL LIQ SISLEYx6m,Title,Default Title,0000170
labial-liq-sisleyx6m-1,LABIAL LIQ SISLEYx6m,Title,Default Title,0000171
labial-liq-sisleyx6m-2,LABIAL LIQ SISLEYx6m,Title,Default Title,0000172
labial-sisleyx3-4g-r,LABIAL SISLEYx3.4g R,Title,Default Title,0000173
labial-sisleyx3-4g-r-1,LABIAL SISLEYx3.4g R,Title,Default Title,0000174
labial-sisleyx3-4g-r-2,LABIAL SISLEYx3.4g R,Title,Default Title,0000175
labial-sisleyx3-4g-r-3,LABIAL SISLEYx3.4g R,Title,Default Title,0000177
labial-sisleyx3-4g-r-4,LABIAL SISLEYx3.4g R,Title,Default Title,0000178
labial-sisleyx3-4g-r-5,LABIAL SISLEYx3.4g R,Title,Default Title,0000180
labial-sisleyx3-4g-r-6,LABIAL SISLEYx3.4g R,Title,Default Title,0000183
labial-sisleyx3-4g-r-7,LABIAL SISLEYx3.4g R,Title,Default Title,0000185
labial-sisleyx3-4g-r-8,LABIAL SISLEYx3.4g R,Title,Default Title,0000187
delineador-sisleyx1,DELINEADOR SISLEYx1.,Title,Default Title,0000189
delineador-sisleyx1-1,DELINEADOR SISLEYx1.,Title,Default Title,0000191
delineador-sisleyx1-2,DELINEADOR SISLEYx1.,Title,Default Title,0000193
delineador-sisleyx1-3,DELINEADOR SISLEYx1.,Title,Default Title,0000194
delineador-sisleyx1-4,DELINEADOR SISLEYx1.,Title,Default Title,0000195
delineador-sisleyx1-5,DELINEADOR SISLEYx1.,Title,Default Title,0000196
delineador-sisleyx1-6,DELINEADOR SISLEYx1.,Title,Default Title,0000198
delineador-sisleyx1-7,DELINEADOR SISLEYx1.,Title,Default Title,0000199
delineador-sisleyx0,DELINEADOR SISLEYx0.,Title,Default Title,0000200
delineador-sisleyx0-1,DELINEADOR SISLEYx0.,Title,Default Title,0000201
delineador-sisleyx0-2,DELINEADOR SISLEYx0.,Title,Default Title,0000204
delineador-sisleyx0-3,DELINEADOR SISLEYx0.,Title,Default Title,0000205
delineador-sisleyx0-4,DELINEADOR SISLEYx0.,Title,Default Title,0000207
delineador-sisleyx1m,DELINEADOR SISLEYx1m,Title,Default Title,0000208
lapiz-ojos-sisleyx1,LAPIZ OJOS SISLEYx1.,Title,Default Title,0000209
lapiz-ojos-sisleyx1-1,LAPIZ OJOS SISLEYx1.,Title,Default Title,0000210
lapiz-ojos-sisleyx1-2,LAPIZ OJOS SISLEYx1.,Title,Default Title,0000211
delineador-sisleyx0-5,DELINEADOR SISLEYx0.,Title,Default Title,0000212
delineador-sisleyx0-6,DELINEADOR SISLEYx0.,Title,Default Title,0000213
lapiz-cejas-sisleyx0,LAPIZ CEJAS SISLEYx0,Title,Default Title,0000214
lapiz-lab-sisleyx1-2,LAPIZ LAB SISLEYx1.2,Title,Default Title,0000215
lapiz-lab-sisleyx1-3,LAPIZ LAB SISLEYx1.2,Title,Default Title,0000216
lapiz-lab-sisleyx1-4,LAPIZ LAB SISLEYx1.2,Title,Default Title,0000217
lapiz-lab-sisleyx1-5,LAPIZ LAB SISLEYx1.2,Title,Default Title,0000218
lapiz-lab-sisleyx1-6,LAPIZ LAB SISLEYx1.2,Title,Default Title,0000220
labial-sisleyx3g-lip,LABIAL SISLEYx3g LIP,Title,Default Title,0000222
labial-sisleyx3g-lip-1,LABIAL SISLEYx3g LIP,Title,Default Title,0000223
labial-sisleyx3g-lip-2,LABIAL SISLEYx3g LIP,Title,Default Title,0000224
labial-sisleyx3g-lip-3,LABIAL SISLEYx3g LIP,Title,Default Title,0000225
labial-sisleyx3g-lip-4,LABIAL SISLEYx3g LIP,Title,Default Title,0000226
pestanina-sisleyx7-5,PESTANINA SISLEYx7.5,Title,Default Title,0000227
pestanina-sisleyx7-6,PESTANINA SISLEYx7.5,Title,Default Title,0000229
pestanina-sisleyx8ml,PESTANINA SISLEYx8ml,Title,Default Title,0000230
pestanina-sisleyx10m,PESTANINA SISLEYx10m,Title,Default Title,0000231
pestanina-sisleyx10m-1,PESTANINA SISLEYx10m,Title,Default Title,0000232
maq-cejas-sisleyx5ml,MAQ CEJAS SISLEYx5ml,Title,Default Title,0000233
maq-cejas-sisleyx5ml-1,MAQ CEJAS SISLEYx5ml,Title,Default Title,0000235
labial-pupax2-4ml-mi,LABIAL PUPAx2.4ml MI,Title,Default Title,0000256
sombra-pupax8g-9-ton,SOMBRA PUPAx8g 9 TON,Title,Default Title,0000259
delineador-pupax2-5m-2,DELINEADOR PUPAx2.5m,Title,Default Title,0000279
lapiz-ojos-pupax1-2g-2,LAPIZ OJOS PUPAx1.2g,Title,Default Title,0000298
lapiz-ojos-pupax1-2g-3,LAPIZ OJOS PUPAx1.2g,Title,Default Title,0000299
lapiz-ojos-pupax1-2g-8,LAPIZ OJOS PUPAx1.2g,Title,Default Title,0000309
lapiz-cejas-pupax1-0,LAPIZ CEJAS PUPAx1.0,Title,Default Title,0000315
lapiz-lab-pupax1-2g-1,LAPIZ LAB PUPAx1.2g,Title,Default Title,0000318
delineador-pupax0-36,DELINEADOR PUPAx0.35,Title,Default Title,0000322
delineador-pupax0-46,DELINEADOR PUPAx0.35,Title,Default Title,0000337
primer-pupax30ml-me,PRIMER PUPAx30ml ME,Title,Default Title,0000346
primer-pupax30ml-me-1,PRIMER PUPAx30ml ME,Title,Default Title,0000347
polvo-pupax10g-like,POLVO PUPAx10g LIKE/,Title,Default Title,0000353
polvo-pupax11g-ext-m-1,POLVO PUPAx11g EXT/M,Title,Default Title,0000359
polvo-pupax9g-luminy-1,POLVO PUPAx9g LUMINY,Title,Default Title,0000365
polvo-pupax11g-ext-m-4,POLVO PUPAx11g EXT/M,Title,Default Title,0000372
polvo-pupax9g-like-d,POLVO PUPAx9g LIKE/D,Title,Default Title,0000373
base-pupax30ml-no-tr-1,BASE PUPAx30ml NO TR,Title,Default Title,0000381
labial-liq-guerlainx,LABIAL LIQ GUERLAINx,Title,Default Title,0000385
labial-guerlainx3-5g,LABIAL GUERLAINx3.5g,Title,Default Title,0000398
labial-guerlainx3-5g-2,LABIAL GUERLAINx3.5g,Title,Default Title,0000404
base-guerlainx30ml-0,BASE GUERLAINx30ml 0,Title,Default Title,0000422
base-guerlainx30ml-4,BASE GUERLAINx30ml 0,Title,Default Title,0000426
base-guerlainx30ml-6,BASE GUERLAINx30ml 0,Title,Default Title,0000428
labial-guerlainx3-5g-8,LABIAL GUERLAINx3.5g,Title,Default Title,0000437
base-guerlainx14g-02,BASE GUERLAINx14g 02,Title,Default Title,0000439
sombra-guerlainx6g-5,SOMBRA GUERLAINx6g 5,Title,Default Title,0000447
lapiz-ojos-guerlainx,LAPIZ OJOS GUERLAINx,Title,Default Title,0000454
lapiz-cejas-diorx1-2,LAPIZ CEJAS DIORx1.2,Title,Default Title,0000461
delineador-diorx0-2g,DELINEADOR DIORx0.2g,Title,Default Title,0000467
pestanina-diorx10ml,PESTANINA DIORx10ml,Title,Default Title,0000470
labial-liq-diorx5-5m,LABIAL LIQ DIORx5.5m,Title,Default Title,0000475
cera-cap-schwarzkopf,CERA CAP SCHWARZKOPF,Title,Default Title,0000490
labial-liq-diorx6ml-3,LABIAL LIQ DIORx6ml,Title,Default Title,0000491
labial-liq-diorx6ml-4,LABIAL LIQ DIORx6ml,Title,Default Title,0000492
labial-liq-diorx6ml-5,LABIAL LIQ DIORx6ml,Title,Default Title,0000493
cera-cap-schwarzkopf-1,CERA CAP SCHWARZKOPF,Title,Default Title,0000494
labial-liq-diorx6ml-6,LABIAL LIQ DIORx6ml,Title,Default Title,0000495
labial-diorx3-2g-sti-1,LABIAL DIORx3.2g STI,Title,Default Title,0000497
labial-diorx3-2g-sti-3,LABIAL DIORx3.2g STI,Title,Default Title,0000503
base-diorx30ml-skin,BASE DIORx30ml SKIN,Title,Default Title,0000508
base-diorx30ml-4c-co,BASE DIORx30ml 4C CO,Title,Default Title,0000509
labial-diorx3-2g-ul,LABIAL DIORx3.2g UL/,Title,Default Title,0000517
labial-diorx3-2g-ul-1,LABIAL DIORx3.2g UL/,Title,Default Title,0000519
labial-diorx3-2g-ul-3,LABIAL DIORx3.2g UL/,Title,Default Title,0000523
labial-liq-lancomex8,LABIAL LIQ LANCOMEx8,Title,Default Title,0000526
clips-enkorx12und-33,CLIPS ENKORx12und 33,Title,Default Title,0000539
sombra-lancomex4g-hy,SOMBRA LANCOMEx4g HY,Title,Default Title,0000543
corrector-lancomex15,CORRECTOR LANCOMEx15,Title,Default Title,0000549
pestanina-lancomex6m-1,PESTANINA LANCOMEx6m,Title,Default Title,0000568
pestanina-lancomex6,PESTANINA LANCOMEx6.,Title,Default Title,0000569
pestanina-lancomex10,PESTANINA LANCOMEx10,Title,Default Title,0000571
pestanina-lancomex10-1,PESTANINA LANCOMEx10,Title,Default Title,0000574
kit-maq-lancomex3und,KIT MAQ LANCOMEx3und,Title,Default Title,0000575
labial-liq-clarinsx7,LABIAL LIQ CLARINSx7,Title,Default Title,0000577
polvo-clarinsx10g-e,POLVO CLARINSx10g E/,Title,Default Title,0000595
lapiz-cejas-clarinsx,LAPIZ CEJAS CLARINSx,Title,Default Title,0000599
lapiz-ojos-clarinsx1,LAPIZ OJOS CLARINSx1,Title,Default Title,0000600
crema-fac-roche-posa-1,CREMA FAC ROCHE/POSA,Title,Default Title,0000605
crema-fac-roche-posa-2,CREMA FAC ROCHE/POSA,Title,Default Title,0000606
jabon-fac-roche-posa,JABON FAC ROCHE/POSA,Title,Default Title,0000607
crema-fac-roche-posa-3,CREMA FAC ROCHE/POSA,Title,Default Title,0000609
serum-fac-roche-posa,SERUM FAC ROCHE/POSA,Title,Default Title,0000611
crema-fac-roche-posa-4,CREMA FAC ROCHE/POSA,Title,Default Title,0000612
crema-fac-roche-posa-5,CREMA FAC ROCHE/POSA,Title,Default Title,0000613
crema-fac-roche-posa-6,CREMA FAC ROCHE/POSA,Title,Default Title,0000615
balsamo-lab-roche-po,BALSAMO LAB ROCHE/PO,Title,Default Title,0000616
agua-micelar-roche-p,AGUA MICELAR ROCHE/P,Title,Default Title,0000622
bloq-roche-posayx200,BLOQ ROCHE/POSAYx200,Title,Default Title,0000623
bloq-roche-posayx50m,BLOQ ROCHE/POSAYx50m,Title,Default Title,0000624
bloq-roche-posayx50m-1,BLOQ ROCHE/POSAYx50m,Title,Default Title,0000628
bloq-vichyx50ml-fac,BLOQ VICHYx50ml FAC,Title,Default Title,0000631
serum-fac-vichyx50ml,SERUM FAC VICHYx50ml,Title,Default Title,0000634
serum-fac-vichyx30ml,SERUM FAC VICHYx30ml,Title,Default Title,0000635
serum-fac-vichyx30ml-1,SERUM FAC VICHYx30ml,Title,Default Title,0000636
serum-fac-vichyx15ml,SERUM FAC VICHYx15ml,Title,Default Title,0000638
gel-fac-vichyx200ml,GEL FAC VICHYx200ml,Title,Default Title,0000639
gel-fac-vichyx400ml,GEL FAC VICHYx400ml,Title,Default Title,0000640
crema-fac-vichyx50ml,CREMA FAC VICHYx50ml,Title,Default Title,0000643
serum-fac-vichyx30ml-2,SERUM FAC VICHYx30ml,Title,Default Title,0000646
tonico-fac-quimiderm,TONICO FAC QUIMIDERM,Title,Default Title,0000651
exfol-fac-quimidermx,EXFOL FAC QUIMIDERMx,Title,Default Title,0000656
exfol-fac-eucerinx10,EXFOL FAC EUCERINx10,Title,Default Title,0000660
serum-fac-eucerinx30-1,SERUM FAC EUCERINx30,Title,Default Title,0000664
serum-fac-eucerinx30-2,SERUM FAC EUCERINx30,Title,Default Title,0000669
protec-labial-euceri-1,PROTEC LABIAL EUCERI,Title,Default Title,0000672
pomada-corp-eucerinx,POMADA CORP EUCERINx,Title,Default Title,0000674
pomada-corp-eucerinx-1,POMADA CORP EUCERINx,Title,Default Title,0000675
jabon-corp-eucerinx1,JABON CORP EUCERINx1,Title,Default Title,0000676
emulsion-lorealx1000,EMULSION LOREALx1000,Title,Default Title,0000680
bloq-eucerinx50ml-fa-4,BLOQ EUCERINx50ml FA,Title,Default Title,0000681
gel-bano-eucerinx400-2,GEL BANO EUCERINx400,Title,Default Title,0000686
aceite-corp-eucerinx,ACEITE CORP EUCERINx,Title,Default Title,0000687
crema-corp-eucerinx4,CREMA CORP EUCERINx4,Title,Default Title,0000688
gel-corp-curcubidx10,GEL CORP CURCUBIDx10,Title,Default Title,0000690
crema-corp-acuanovax-2,CREMA CORP ACUANOVAx,Title,Default Title,0000695
despigmentante-neome-1,DESPIGMENTANTE NEOME,Title,Default Title,0000707
crema-fac-reservenov,CREMA FAC RESERVENOV,Title,Default Title,0000710
crema-fac-novatrixx5,CREMA FAC NOVATRIXx5,Title,Default Title,0000712
bloq-uriagex200ml-co,BLOQ URIAGEx200ml CO,Title,Default Title,0000732
bloq-uriagex50ml-fac,BLOQ URIAGEx50ml FAC,Title,Default Title,0000733
agua-micelar-uriagex-1,AGUA MICELAR URIAGEx,Title,Default Title,0000736
desod-uriagex50ml-ea,DESOD URIAGEx50ml EA,Title,Default Title,0000744
aceite-corp-uriagex1,ACEITE CORP URIAGEx1,Title,Default Title,0000746
emulsion-wellax1000m-1,EMULSION WELLAx1000m,Title,Default Title,0000750
trata-unas-genovex10,TRATA UNAS GENOVEx10,Title,Default Title,0000755
bloq-heliocarex50ml-1,BLOQ HELIOCAREx50ml,Title,Default Title,0000759
bloq-heliocarex50ml-2,BLOQ HELIOCAREx50ml,Title,Default Title,0000760
bloq-heliocarex50ml-6,BLOQ HELIOCAREx50ml,Title,Default Title,0000764
crema-fac-endocarex1,CREMA FAC ENDOCAREx1,Title,Default Title,0000768
espuma-fac-endocarex,ESPUMA FAC ENDOCAREx,Title,Default Title,0000769
crema-fac-endocarex1-1,CREMA FAC ENDOCAREx1,Title,Default Title,0000770
ampolleta-fac-endoca,AMPOLLETA FAC ENDOCA,Title,Default Title,0000771
shamp-sisleyx200ml-s,SHAMP SISLEYx200ml S,Title,Default Title,0000774
gel-facial-sandetx25,GEL FACIAL SANDETx25,Title,Default Title,0000776
termoprotector-schwa,TERMOPROTECTOR SCHWA,Title,Default Title,0000777
gel-fac-sandetx200ml,GEL FAC SANDETx200ml,Title,Default Title,0000778
crema-fac-tensodermx,CREMA FAC TENSODERMx,Title,Default Title,0000780
crema-fac-soskinx15m,CREMA FAC SOSKINx15m,Title,Default Title,0000782
shamp-sesdermax200ml,SHAMP SESDERMAx200ml,Title,Default Title,0000785
gel-corp-sesdermax20,GEL CORP SESDERMAx20,Title,Default Title,0000786
crema-corp-sesdermax,CREMA CORP SESDERMAx,Title,Default Title,0000787
suplemento-sesdermax,SUPLEMENTO SESDERMAx,Title,Default Title,0000788
leche-corp-sesdermax,LECHE CORP SESDERMAx,Title,Default Title,0000790
tonico-corp-sesderma,TONICO CORP SESDERMA,Title,Default Title,0000799
tonico-fac-sesdermax,TONICO FAC SESDERMAx,Title,Default Title,0000807
shamp-sesdermax200ml-1,SHAMP SESDERMAx200ml,Title,Default Title,0000808
ampolleta-fac-sesder,AMPOLLETA FAC SESDER,Title,Default Title,0000820
masc-fac-sesdermax5u,MASC FAC SESDERMAx5u,Title,Default Title,0000824
bloq-sesdermax50ml-f-2,BLOQ SESDERMAx50ml F,Title,Default Title,0000828
crema-fac-sesdermax3,CREMA FAC SESDERMAx3,Title,Default Title,0000829
desod-sesdermax75ml,DESOD SESDERMAx75ml,Title,Default Title,0000835
serum-fac-sesdermax3-6,SERUM FAC SESDERMAx3,Title,Default Title,0000844
serum-fac-sesdermax3-7,SERUM FAC SESDERMAx3,Title,Default Title,0000845
gel-fac-sesdermax15m,GEL FAC SESDERMAx15m,Title,Default Title,0000848
jabon-int-sesdermax2,JABON INT SESDERMAx2,Title,Default Title,0000853
crema-fac-sesdermax5,CREMA FAC SESDERMAx5,Title,Default Title,0000858
gel-fac-sesdermax50m-4,GEL FAC SESDERMAx50m,Title,Default Title,0000861
crema-fac-sesdermax5-3,CREMA FAC SESDERMAx5,Title,Default Title,0000862
crema-fac-sesdermax5-6,CREMA FAC SESDERMAx5,Title,Default Title,0000865
gel-fac-sesdermax50m-5,GEL FAC SESDERMAx50m,Title,Default Title,0000866
gel-fac-sesdermax50m-7,GEL FAC SESDERMAx50m,Title,Default Title,0000868
crema-fac-sesdermax5-9,CREMA FAC SESDERMAx5,Title,Default Title,0000871
crema-fac-sesdermax5-12,CREMA FAC SESDERMAx5,Title,Default Title,0000875
crema-fac-sesdermax1,CREMA FAC SESDERMAx1,Title,Default Title,0000876
crema-fac-sesdermax1-2,CREMA FAC SESDERMAx1,Title,Default Title,0000878
crema-fac-sesdermax1-3,CREMA FAC SESDERMAx1,Title,Default Title,0000880
gel-fac-sesdermax15m-1,GEL FAC SESDERMAx15m,Title,Default Title,0000881
ampolleta-fac-isdinx,AMPOLLETA FAC ISDINx,Title,Default Title,0000882
ampolleta-fac-isdinx-1,AMPOLLETA FAC ISDINx,Title,Default Title,0000883
serum-fac-isdinx15ml,SERUM FAC ISDINx15ml,Title,Default Title,0000889
bloq-isdinx50ml-fac,BLOQ ISDINx50ml FAC,Title,Default Title,0000891
bloq-isdinx50ml-fac-2,BLOQ ISDINx50ml FAC,Title,Default Title,0000894
bloq-isdinx50ml-fac-3,BLOQ ISDINx50ml FAC,Title,Default Title,0000895
gel-corp-isdinx75ml,GEL CORP ISDINx75ml,Title,Default Title,0000898
exfol-corp-isdinx30m,EXFOL CORP ISDINx30m,Title,Default Title,0000899
exfol-corp-isdinx50m,EXFOL CORP ISDINx50m,Title,Default Title,0000900
gel-bano-isdinx500ml,GEL BANO ISDINx500ml,Title,Default Title,0000901
shamp-isdinx200ml-la,SHAMP ISDINx200ml LA,Title,Default Title,0000903
shamp-isdinx400ml-da,SHAMP ISDINx400ml DA,Title,Default Title,0000906
crema-corp-isdinx204,CREMA CORP ISDINx204,Title,Default Title,0000907
trata-unas-isdinx2-5,TRATA UNAS ISDINx2.5,Title,Default Title,0000909
tonico-corp-isdinx40,TONICO CORP ISDINx40,Title,Default Title,0000910
laca-schwarzkopfx500-1,LACA SCHWARZKOPFx500,Title,Default Title,0000917
laminas-dhemsx50und,LAMINAS DHEMSx50und,Title,Default Title,0000928
masc-fac-sesdermax25,MASC FAC SESDERMAx25,Title,Default Title,0000931
masc-fac-sesdermax25-1,MASC FAC SESDERMAx25,Title,Default Title,0000932
masc-fac-sesdermax25-2,MASC FAC SESDERMAx25,Title,Default Title,0000933
masc-fac-sesdermax25-3,MASC FAC SESDERMAx25,Title,Default Title,0000934
masc-fac-sesdermax25-5,MASC FAC SESDERMAx25,Title,Default Title,0000936
shamp-sisleyx200ml-s-1,SHAMP SISLEYx200ml S,Title,Default Title,0000941
shamp-sisleyx200ml-s-2,SHAMP SISLEYx200ml S,Title,Default Title,0000942
masc-cap-sisleyx200m,MASC CAP SISLEYx200m,Title,Default Title,0000944
masc-cap-sisleyx200m-1,MASC CAP SISLEYx200m,Title,Default Title,0000945
trata-cap-sisleyx150,TRATA CAP SISLEYx150,Title,Default Title,0000946
trata-cap-sisleyx150-1,TRATA CAP SISLEYx150,Title,Default Title,0000947
trata-cap-sisleyx150-2,TRATA CAP SISLEYx150,Title,Default Title,0000948
serum-cap-sisleyx60m,SERUM CAP SISLEYx60m,Title,Default Title,0000949
serum-cap-sisleyx60m-1,SERUM CAP SISLEYx60m,Title,Default Title,0000950
exfol-fac-sisleyx40m,EXFOL FAC SISLEYx40m,Title,Default Title,0000951
exfol-fac-sisleyx100,EXFOL FAC SISLEYx100,Title,Default Title,0000952
crema-fac-sisleyx100,CREMA FAC SISLEYx100,Title,Default Title,0000953
tonico-fac-sisleyx25,TONICO FAC SISLEYx25,Title,Default Title,0000954
tonico-fac-sisleyx25-1,TONICO FAC SISLEYx25,Title,Default Title,0000955
desmaq-sisleyx250ml,DESMAQ SISLEYx250ml,Title,Default Title,0000956
desmaq-sisleyx125ml,DESMAQ SISLEYx125ml,Title,Default Title,0000957
desmaq-sisleyx120ml,DESMAQ SISLEYx120ml,Title,Default Title,0000958
desmaq-sisleyx300ml,DESMAQ SISLEYx300ml,Title,Default Title,0000959
ampolleta-fac-sisley,AMPOLLETA FAC SISLEY,Title,Default Title,0000960
crema-fac-sisleyx150,CREMA FAC SISLEYx150,Title,Default Title,0000962
crema-corp-sisleyx75,CREMA CORP SISLEYx75,Title,Default Title,0000963
crema-fac-sisleyx15m,CREMA FAC SISLEYx15m,Title,Default Title,0000964
crema-fac-sisleyx50m,CREMA FAC SISLEYx50m,Title,Default Title,0000965
serum-fac-sisleyx30m,SERUM FAC SISLEYx30m,Title,Default Title,0000966
serum-fac-sisleyx30m-1,SERUM FAC SISLEYx30m,Title,Default Title,0000967
serum-fac-sisleyx30m-2,SERUM FAC SISLEYx30m,Title,Default Title,0000968
crema-fac-sisleyx50m-1,CREMA FAC SISLEYx50m,Title,Default Title,0000969
serum-fac-sisleyx30m-3,SERUM FAC SISLEYx30m,Title,Default Title,0000970
crema-fac-sisleyx125,CREMA FAC SISLEYx125,Title,Default Title,0000971
crema-fac-sisleyx40m,CREMA FAC SISLEYx40m,Title,Default Title,0000972
crema-fac-sisleyx40m-1,CREMA FAC SISLEYx40m,Title,Default Title,0000973
crema-fac-sisleyx50m-2,CREMA FAC SISLEYx50m,Title,Default Title,0000974
crema-fac-sisleyx50m-3,CREMA FAC SISLEYx50m,Title,Default Title,0000975
crema-fac-sisleyx50m-4,CREMA FAC SISLEYx50m,Title,Default Title,0000976
crema-fac-sisleyx30m,CREMA FAC SISLEYx30m,Title,Default Title,0000978
agua-perfume-mancera-2,AGUA PERFUME MANCERA,Title,Default Title,0000979
crema-fac-sisleyx50m-5,CREMA FAC SISLEYx50m,Title,Default Title,0000980
masc-fac-sisleyx60ml,MASC FAC SISLEYx60ml,Title,Default Title,0000981
masc-fac-sisleyx60ml-1,MASC FAC SISLEYx60ml,Title,Default Title,0000982
serum-fac-sisleyx25m,SERUM FAC SISLEYx25m,Title,Default Title,0000983
crema-fac-sisleyx50m-6,CREMA FAC SISLEYx50m,Title,Default Title,0000984
crema-fac-sisleyx50m-7,CREMA FAC SISLEYx50m,Title,Default Title,0000985
crema-fac-sisleyx50m-8,CREMA FAC SISLEYx50m,Title,Default Title,0000986
bloq-sisleyx40ml-fac,BLOQ SISLEYx40ml FAC,Title,Default Title,0000987
crema-fac-sisleyx14m,CREMA FAC SISLEYx14m,Title,Default Title,0000988
masc-fac-sisleyx30ml,MASC FAC SISLEYx30ml,Title,Default Title,0000990
crema-fac-sisleyx30m-1,CREMA FAC SISLEYx30m,Title,Default Title,0000991
tonico-fac-sisleyx12,TONICO FAC SISLEYx12,Title,Default Title,0000992
crema-fac-sisleyx50m-9,CREMA FAC SISLEYx50m,Title,Default Title,0000993
crema-corp-sisleyx20,CREMA CORP SISLEYx20,Title,Default Title,0000994
crema-corp-sisleyx20-1,CREMA CORP SISLEYx20,Title,Default Title,0000995
serum-fac-sisleyx30m-4,SERUM FAC SISLEYx30m,Title,Default Title,0000996
crema-corp-sisleyx75-1,CREMA CORP SISLEYx75,Title,Default Title,0000997
masc-fac-sisleyx60ml-2,MASC FAC SISLEYx60ml,Title,Default Title,0000999
crema-fac-sisleyx50m-10,CREMA FAC SISLEYx50m,Title,Default Title,0001000
crema-fac-sisleyx7ml,CREMA FAC SISLEYx7ml,Title,Default Title,0001002
crema-corp-clarinsx1,CREMA CORP CLARINSx1,Title,Default Title,0001003
exfol-corp-clarinsx2,EXFOL CORP CLARINSx2,Title,Default Title,0001005
serum-fac-clarinsx30,SERUM FAC CLARINSx30,Title,Default Title,0001018
masc-fac-clarinsx75m,MASC FAC CLARINSx75m,Title,Default Title,0001023
leche-corp-clarinsx1,LECHE CORP CLARINSx1,Title,Default Title,0001025
crema-fac-clarinsx50-1,CREMA FAC CLARINSx50,Title,Default Title,0001027
serum-fac-clarinsx30-1,SERUM FAC CLARINSx30,Title,Default Title,0001037
oxigenta-wellax1000m,OXIGENTA WELLAx1000m,Title,Default Title,0001045
gel-fac-la-foretx120,GEL FAC LA FORETx120,Title,Default Title,0001061
tonico-fac-la-foretx,TONICO FAC LA FORETx,Title,Default Title,0001063
desmaq-la-foretx150m,DESMAQ LA FORETx150m,Title,Default Title,0001064
tonico-fac-la-foretx-1,TONICO FAC LA FORETx,Title,Default Title,0001065
crema-corp-la-foretx,CREMA CORP LA FORETx,Title,Default Title,0001066
serum-fac-la-foretx6,SERUM FAC LA FORETx6,Title,Default Title,0001067
serum-fac-la-foretx3,SERUM FAC LA FORETx3,Title,Default Title,0001068
masc-fac-la-foretx62,MASC FAC LA FORETx62,Title,Default Title,0001069
crema-fac-la-foretx1,CREMA FAC LA FORETx1,Title,Default Title,0001070
gel-fac-la-foretx10g,GEL FAC LA FORETx10g,Title,Default Title,0001071
crema-fac-la-foretx5,CREMA FAC LA FORETx5,Title,Default Title,0001072
crema-fac-la-foretx5-1,CREMA FAC LA FORETx5,Title,Default Title,0001073
crema-fac-guerlainx5,CREMA FAC GUERLAINx5,Title,Default Title,0001088
extracto-ilminx30ml,EXTRACTO ILMINx30ml,Title,Default Title,0001093
extracto-ilminx30ml-1,EXTRACTO ILMINx30ml,Title,Default Title,0001094
neutralizante-loreal,NEUTRALIZANTE LOREAL,Title,Default Title,0001096
extracto-ilminx30ml-5,EXTRACTO ILMINx30ml,Title,Default Title,0001100
oxigenta-wellax60ml,OXIGENTA WELLAx60ml,Title,Default Title,0001104
extracto-ilminx30ml-9,EXTRACTO ILMINx30ml,Title,Default Title,0001109
extracto-ilminx30ml-13,EXTRACTO ILMINx30ml,Title,Default Title,0001117
extracto-ilminx30ml-15,EXTRACTO ILMINx30ml,Title,Default Title,0001123
agua-tocador-burberr-5,AGUA TOCADOR BURBERR,Title,Default Title,0001140
crema-corp-isdinx400,CREMA CORP ISDINx400,Title,Default Title,0001144
agua-perfume-guccix7,AGUA PERFUME GUCCIx7,Title,Default Title,0001147
agua-perfume-guccix9,AGUA PERFUME GUCCIx9,Title,Default Title,0001148
crema-corp-isdinx100,CREMA CORP ISDINx100,Title,Default Title,0001150
trata-cap-schwarzkop-3,TRATA CAP SCHWARZKOP,Title,Default Title,0001156
agua-tocador-loewex1-1,AGUA TOCADOR LOEWEx1,Title,Default Title,0001157
agua-perfume-loewex1,AGUA PERFUME LOEWEx1,Title,Default Title,0001158
agua-perfume-loewex1-3,AGUA PERFUME LOEWEx1,Title,Default Title,0001165
agua-tocador-guerlai-2,AGUA TOCADOR GUERLAI,Title,Default Title,0001187
agua-perfume-givench-1,AGUA PERFUME GIVENCH,Title,Default Title,0001202
agua-perfume-givench-2,AGUA PERFUME GIVENCH,Title,Default Title,0001204
colonia-givenchyx50m,COLONIA GIVENCHYx50m,Title,Default Title,0001211
agua-perfume-jp-gaul-10,AGUA PERFUME JP/GAUL,Title,Default Title,0001216
agua-perfume-jp-gaul-11,AGUA PERFUME JP/GAUL,Title,Default Title,0001221
agua-tocador-issey-m,AGUA TOCADOR ISSEY M,Title,Default Title,0001222
agua-tocador-issey-m-1,AGUA TOCADOR ISSEY M,Title,Default Title,0001232
agua-perfume-issey-m-4,AGUA PERFUME ISSEY M,Title,Default Title,0001241
perfume-issey-miyake,PERFUME ISSEY MIYAKE,Title,Default Title,0001242
agua-tocador-diorx10-3,AGUA TOCADOR DIORx10,Title,Default Title,0001279
agua-tocador-diorx10-4,AGUA TOCADOR DIORx10,Title,Default Title,0001281
agua-perfume-diorx10,AGUA PERFUME DIORx10,Title,Default Title,0001282
agua-perfume-diorx20,AGUA PERFUME DIORx20,Title,Default Title,0001283
agua-tocador-diorx10-5,AGUA TOCADOR DIORx10,Title,Default Title,0001285
agua-tocador-diorx10-6,AGUA TOCADOR DIORx10,Title,Default Title,0001288
agua-tocador-diorx10-7,AGUA TOCADOR DIORx10,Title,Default Title,0001290
agua-perfume-diorx10-2,AGUA PERFUME DIORx10,Title,Default Title,0001295
agua-tocador-d-gx200,AGUA TOCADOR D&Gx200,Title,Default Title,0001305
agua-tocador-d-gx75m,AGUA TOCADOR D&Gx75m,Title,Default Title,0001307
agua-perfume-d-gx125,AGUA PERFUME D&Gx125,Title,Default Title,0001311
agua-perfume-d-gx100,AGUA PERFUME D&Gx100,Title,Default Title,0001318
agua-perfume-d-gx50m-1,AGUA PERFUME D&Gx50m,Title,Default Title,0001322
agua-perfume-d-gx75m-2,AGUA PERFUME D&Gx75m,Title,Default Title,0001330
agua-perfume-giorgio-4,AGUA PERFUME GIORGIO,Title,Default Title,0001339
agua-perfume-giorgio-5,AGUA PERFUME GIORGIO,Title,Default Title,0001340
agua-perfume-giorgio-6,AGUA PERFUME GIORGIO,Title,Default Title,0001341
agua-tocador-giorgio,AGUA TOCADOR GIORGIO,Title,Default Title,0001342
agua-tocador-hermesx,AGUA TOCADOR HERMESx,Title,Default Title,0001345
agua-tocador-hermesx-1,AGUA TOCADOR HERMESx,Title,Default Title,0001347
agua-tocador-hermesx-4,AGUA TOCADOR HERMESx,Title,Default Title,0001361
agua-tocador-hermesx-5,AGUA TOCADOR HERMESx,Title,Default Title,0001362
agua-tocador-cartier,AGUA TOCADOR CARTIER,Title,Default Title,0001372
agua-perfume-cartier-1,AGUA PERFUME CARTIER,Title,Default Title,0001379
agua-perfume-sisleyx,AGUA PERFUME SISLEYx,Title,Default Title,0001381
agua-perfume-sisleyx-1,AGUA PERFUME SISLEYx,Title,Default Title,0001382
agua-perfume-sisleyx-2,AGUA PERFUME SISLEYx,Title,Default Title,0001383
agua-perfume-sisleyx-3,AGUA PERFUME SISLEYx,Title,Default Title,0001384
agua-tocador-sisleyx,AGUA TOCADOR SISLEYx,Title,Default Title,0001385
agua-tocador-sisleyx-1,AGUA TOCADOR SISLEYx,Title,Default Title,0001386
agua-tocador-kenzox5,AGUA TOCADOR KENZOx5,Title,Default Title,0001387
agua-perfume-kenzox5,AGUA PERFUME KENZOx5,Title,Default Title,0001391
agua-tocador-versace,AGUA TOCADOR VERSACE,Title,Default Title,0001398
agua-tocador-versace-1,AGUA TOCADOR VERSACE,Title,Default Title,0001399
agua-tocador-versace-2,AGUA TOCADOR VERSACE,Title,Default Title,0001400
agua-perfume-versace,AGUA PERFUME VERSACE,Title,Default Title,0001403
agua-tocador-versace-3,AGUA TOCADOR VERSACE,Title,Default Title,0001405
agua-tocador-versace-4,AGUA TOCADOR VERSACE,Title,Default Title,0001406
agua-perfume-versace-1,AGUA PERFUME VERSACE,Title,Default Title,0001408
agua-perfume-versace-2,AGUA PERFUME VERSACE,Title,Default Title,0001410
agua-tocador-lacoste-4,AGUA TOCADOR LACOSTE,Title,Default Title,0001436
agua-perfume-lacoste,AGUA PERFUME LACOSTE,Title,Default Title,0001438
agua-perfume-lacoste-1,AGUA PERFUME LACOSTE,Title,Default Title,0001440
agua-perfume-coachx9,AGUA PERFUME COACHx9,Title,Default Title,0001448
agua-tocador-m-jacob,AGUA TOCADOR M JACOB,Title,Default Title,0001452
agua-tocador-calvin,AGUA TOCADOR CALVIN,Title,Default Title,0001455
agua-tocador-calvin-1,AGUA TOCADOR CALVIN,Title,Default Title,0001458
polvo-schwarzkopfx10,POLVO SCHWARZKOPFx10,Title,Default Title,0001470
agua-tocador-tousx90-1,AGUA TOCADOR TOUSx90,Title,Default Title,0001471
colonia-tousx100ml-b-1,COLONIA TOUSx100ml B,Title,Default Title,0001480
agua-perfume-p-raban-10,AGUA PERFUME P/RABAN,Title,Default Title,0001482
agua-perfume-p-raban-20,AGUA PERFUME P/RABAN,Title,Default Title,0001500
agua-tocador-c-hx100-1,AGUA TOCADOR C.Hx100,Title,Default Title,0001505
agua-perfume-c-hx80m-1,AGUA PERFUME C.Hx80m,Title,Default Title,0001521
agua-perfume-c-hx60m,AGUA PERFUME C.Hx60m,Title,Default Title,0001530
agua-perfume-h-bossx-3,AGUA PERFUME H/BOSSx,Title,Default Title,0001538
agua-tocador-h-bossx,AGUA TOCADOR H/BOSSx,Title,Default Title,0001541
agua-tocador-h-bossx-1,AGUA TOCADOR H/BOSSx,Title,Default Title,0001542
agua-tocador-h-bossx-2,AGUA TOCADOR H/BOSSx,Title,Default Title,0001543
agua-tocador-h-bossx-3,AGUA TOCADOR H/BOSSx,Title,Default Title,0001545
agua-tocador-montbla-1,AGUA TOCADOR MONTBLA,Title,Default Title,0001548
agua-perfume-ferrari,AGUA PERFUME FERRARI,Title,Default Title,0001553
desmaq-uriagex100ml,DESMAQ URIAGEx100ml,Title,Default Title,0001562
shamp-genovex250ml-p,SHAMP GENOVEx250ml P,Title,Default Title,0001569
agua-tocador-a-fx100,AGUA TOCADOR A&Fx100,Title,Default Title,0001572
agua-tocador-a-fx100-1,AGUA TOCADOR A&Fx100,Title,Default Title,0001575
agua-perfume-moschin,AGUA PERFUME MOSCHIN,Title,Default Title,0001590
agua-tocador-guessx7,AGUA TOCADOR GUESSx7,Title,Default Title,0001591
agua-tocador-guessx1,AGUA TOCADOR GUESSx1,Title,Default Title,0001592
perfume-polox75ml-de,PERFUME POLOx75ml DE,Title,Default Title,0001608
agua-tocador-dieselx,AGUA TOCADOR DIESELx,Title,Default Title,0001610
agua-perfume-la-fore,AGUA PERFUME LA FORE,Title,Default Title,0001627
agua-perfume-la-fore-1,AGUA PERFUME LA FORE,Title,Default Title,0001628
agua-perfume-la-fore-2,AGUA PERFUME LA FORE,Title,Default Title,0001629
agua-perfume-la-fore-3,AGUA PERFUME LA FORE,Title,Default Title,0001630
colonia-la-foretx500,COLONIA LA FORETx500,Title,Default Title,0001631
agua-tocador-adolfo,AGUA TOCADOR ADOLFO/,Title,Default Title,0001640
agua-tocador-adolfo-1,AGUA TOCADOR ADOLFO/,Title,Default Title,0001642
agua-tocador-p-ellis-2,AGUA TOCADOR P/ELLIS,Title,Default Title,0001648
agua-tocador-penguin,AGUA TOCADOR PENGUIN,Title,Default Title,0001649
agua-perfume-pepe-je,AGUA PERFUME PEPE JE,Title,Default Title,0001652
agua-perfume-bondx10,AGUA PERFUME BONDx10,Title,Default Title,0001656
agua-perfume-bondx10-1,AGUA PERFUME BONDx10,Title,Default Title,0001658
agua-perfume-bondx10-2,AGUA PERFUME BONDx10,Title,Default Title,0001660
agua-perfume-bondx10-4,AGUA PERFUME BONDx10,Title,Default Title,0001665
agua-perfume-bondx10-5,AGUA PERFUME BONDx10,Title,Default Title,0001666
agua-perfume-bondx10-6,AGUA PERFUME BONDx10,Title,Default Title,0001668
agua-perfume-mancera-9,AGUA PERFUME MANCERA,Title,Default Title,0001678
agua-perfume-mancera-11,AGUA PERFUME MANCERA,Title,Default Title,0001680
masc-cap-phytox150ml-1,MASC CAP PHYTOx150ml,Title,Default Title,0001716
tinte-phytoxund-kit-5,TINTE PHYTOxund KIT,Title,Default Title,0001734
tinte-phytoxund-kit-6,TINTE PHYTOxund KIT,Title,Default Title,0001736
masc-cap-moroccanoil-6,MASC CAP MOROCCANOIL,Title,Default Title,0001753
cepillo-moroccanoilx-4,CEPILLO MOROCCANOILx,Title,Default Title,0001758
kit-cap-moroccanoilx-2,KIT CAP MOROCCANOILx,Title,Default Title,0001760
tinte-lorealx50g-maj,TINTE LOREALx50g MAJ,Title,Default Title,0001783
tinte-lorealx50g-ric,TINTE LOREALx50g RIC,Title,Default Title,0001785
tinte-schwarzkopfx60-3,TINTE SCHWARZKOPFx60,Title,Default Title,0001788
acond-moroccanoilx10-2,ACOND MOROCCANOILx10,Title,Default Title,0001789
acond-moroccanoilx10-4,ACOND MOROCCANOILx10,Title,Default Title,0001792
trata-cap-moroccanoi-1,TRATA CAP MOROCCANOI,Title,Default Title,0001798
trata-cap-moroccanoi-2,TRATA CAP MOROCCANOI,Title,Default Title,0001799
trata-cap-moroccanoi-3,TRATA CAP MOROCCANOI,Title,Default Title,0001800
tinte-bigenx6g-tradi,TINTE BIGENx6g TRADI,Title,Default Title,0001801
shamp-wellax200ml-sp-1,SHAMP WELLAx200ml SP,Title,Default Title,0001809
acond-wellax185ml-sp,ACOND WELLAx185ml SP,Title,Default Title,0001810
shamp-wellax1000ml-i,SHAMP WELLAx1000ml I,Title,Default Title,0001817
shamp-wellax1000ml-i-1,SHAMP WELLAx1000ml I,Title,Default Title,0001819
shamp-wellax1000ml-i-2,SHAMP WELLAx1000ml I,Title,Default Title,0001820
shamp-wellax1000ml-f,SHAMP WELLAx1000ml F,Title,Default Title,0001822
shamp-wellax1000ml-n,SHAMP WELLAx1000ml N,Title,Default Title,0001823
shamp-wellax1000ml-o,SHAMP WELLAx1000ml O,Title,Default Title,0001824
acond-wellax1000ml-i,ACOND WELLAx1000ml I,Title,Default Title,0001825
acond-wellax1000ml-f,ACOND WELLAx1000ml F,Title,Default Title,0001826
acond-wellax1000ml-i-1,ACOND WELLAx1000ml I,Title,Default Title,0001827
acond-wellax1000ml-n,ACOND WELLAx1000ml N,Title,Default Title,0001828
acond-sebastianx250m,ACOND SEBASTIANx250m,Title,Default Title,0001838
acond-sebastianx250m-1,ACOND SEBASTIANx250m,Title,Default Title,0001839
trata-cap-sebastianx,TRATA CAP SEBASTIANx,Title,Default Title,0001843
trata-cap-sebastianx-1,TRATA CAP SEBASTIANx,Title,Default Title,0001845
laca-sebastianx100ml,LACA SEBASTIANx100ml,Title,Default Title,0001851
kit-cap-nioxinx3und-6,KIT CAP NIOXINx3und,Title,Default Title,0001854
masc-cap-sebastianx5,MASC CAP SEBASTIANx5,Title,Default Title,0001859
serum-cap-kerastasex-6,SERUM CAP KERASTASEx,Title,Default Title,0001861
perfume-cap-kerastas,PERFUME CAP KERASTAS,Title,Default Title,0001869
toalla-wypallxund-ro,TOALLA WYPALLxund RO,Title,Default Title,0001872
termoprotector-keras-4,TERMOPROTECTOR KERAS,Title,Default Title,0001873
shamp-kerastasex200m,SHAMP KERASTASEx200m,Title,Default Title,0001874
shamp-kerastasex250m-12,SHAMP KERASTASEx250m,Title,Default Title,0001879
serum-cap-kerastasex-9,SERUM CAP KERASTASEx,Title,Default Title,0001885
termoprotector-keras-6,TERMOPROTECTOR KERAS,Title,Default Title,0001889
talco-corp-amamex300,TALCO CORP AMAMEx300,Title,Default Title,0001894
laca-kerastasex150ml,LACA KERASTASEx150ml,Title,Default Title,0001895
shamp-kerastasex500m-4,SHAMP KERASTASEx500m,Title,Default Title,0001899
shamp-kerastasex500m-5,SHAMP KERASTASEx500m,Title,Default Title,0001904
shamp-kerastasex250m-19,SHAMP KERASTASEx250m,Title,Default Title,0001906
masc-cap-kerastasex2-17,MASC CAP KERASTASEx2,Title,Default Title,0001927
masc-cap-kerastasex2-19,MASC CAP KERASTASEx2,Title,Default Title,0001929
espuma-cap-kerastase,ESPUMA CAP KERASTASE,Title,Default Title,0001930
ampolleta-cap-kerast-4,AMPOLLETA CAP KERAST,Title,Default Title,0001936
ampolleta-cap-kerast-5,AMPOLLETA CAP KERAST,Title,Default Title,0001937
serum-cap-kerastasex-12,SERUM CAP KERASTASEx,Title,Default Title,0001938
shamp-kerastasex1000-9,SHAMP KERASTASEx1000,Title,Default Title,0001949
shamp-kerastasex1000-10,SHAMP KERASTASEx1000,Title,Default Title,0001951
shamp-kerastasex1000-11,SHAMP KERASTASEx1000,Title,Default Title,0001952
shamp-kerastasex1000-12,SHAMP KERASTASEx1000,Title,Default Title,0001953
shamp-kerastasex1000-13,SHAMP KERASTASEx1000,Title,Default Title,0001955
shamp-kerastasex1000-14,SHAMP KERASTASEx1000,Title,Default Title,0001956
shamp-kerastasex1000-15,SHAMP KERASTASEx1000,Title,Default Title,0001957
shamp-kerastasex1000-16,SHAMP KERASTASEx1000,Title,Default Title,0001958
acond-kerastasex1000,ACOND KERASTASEx1000,Title,Default Title,0001961
shamp-kerastasex1000-17,SHAMP KERASTASEx1000,Title,Default Title,0001963
shamp-kerastasex1000-18,SHAMP KERASTASEx1000,Title,Default Title,0001964
shamp-kerastasex450m,SHAMP KERASTASEx450m,Title,Default Title,0001965
acond-kerastasex1000-1,ACOND KERASTASEx1000,Title,Default Title,0001966
acond-kerastasex1000-2,ACOND KERASTASEx1000,Title,Default Title,0001967
acond-kerastasex1000-3,ACOND KERASTASEx1000,Title,Default Title,0001968
shamp-kerastasex1000-19,SHAMP KERASTASEx1000,Title,Default Title,0001969
shamp-kerastasex1000-20,SHAMP KERASTASEx1000,Title,Default Title,0001970
shamp-kerastasex1000-21,SHAMP KERASTASEx1000,Title,Default Title,0001971
masc-cap-kerastasex5-5,MASC CAP KERASTASEx5,Title,Default Title,0001975
masc-cap-kerastasex5-9,MASC CAP KERASTASEx5,Title,Default Title,0001980
remov-pestanas-ardel,REMOV PESTANAS ARDEL,Title,Default Title,0001984
shamp-schwarzkopfx25,SHAMP SCHWARZKOPFx25,Title,Default Title,0002008
termoprotector-lorea-1,TERMOPROTECTOR LOREA,Title,Default Title,0002010
shamp-lorealx1500ml-3,SHAMP LOREALx1500ml,Title,Default Title,0002011
laca-lorealx150ml-bl,LACA LOREALx150ml BL,Title,Default Title,0002017
kit-cap-lorealx2und,KIT CAP LOREALx2und,Title,Default Title,0002018
trata-cap-p-fiberx20,TRATA CAP P/FIBERx20,Title,Default Title,0002019
shamp-gkx1000ml-colo,SHAMP GKx1000ml COLO,Title,Default Title,0002020
shamp-gkx1000ml-3-ba,SHAMP GKx1000ml 3 BA,Title,Default Title,0002022
shamp-gkx300ml-color,SHAMP GKx300ml COLOR,Title,Default Title,0002023
acond-gkx300ml-color,ACOND GKx300ml COLOR,Title,Default Title,0002026
serum-cap-gkx50ml-wi,SERUM CAP GKx50ml WI,Title,Default Title,0002032
cepillo-gkxund-brush,CEPILLO GKxund BRUSH,Title,Default Title,0002059
cepillo-gkxund-brush-1,CEPILLO GKxund BRUSH,Title,Default Title,0002060
trata-cap-t-italyx28,TRATA CAP T/ITALYx28,Title,Default Title,0002076
trata-cap-t-italyx28-2,TRATA CAP T/ITALYx28,Title,Default Title,0002078
shamp-t-italyx300ml-7,SHAMP T/ITALYx300ml,Title,Default Title,0002093
ampolleta-cap-t-ital-3,AMPOLLETA CAP T/ITAL,Title,Default Title,0002111
laca-authenticx150ml,LACA AUTHENTICx150ml,Title,Default Title,0002123
masc-cap-authenticx2-2,MASC CAP AUTHENTICx2,Title,Default Title,0002125
acond-schwarzkopfx25-1,ACOND SCHWARZKOPFx25,Title,Default Title,0002156
acond-schwarzkopfx20-11,ACOND SCHWARZKOPFx20,Title,Default Title,0002162
acond-schwarzkopfx20-12,ACOND SCHWARZKOPFx20,Title,Default Title,0002163
acond-schwarzkopfx20-14,ACOND SCHWARZKOPFx20,Title,Default Title,0002165
acond-schwarzkopfx20-15,ACOND SCHWARZKOPFx20,Title,Default Title,0002166
shamp-schwarzkopfx30-4,SHAMP SCHWARZKOPFx30,Title,Default Title,0002167
shamp-schwarzkopfx30-5,SHAMP SCHWARZKOPFx30,Title,Default Title,0002168
shamp-schwarzkopfx30-6,SHAMP SCHWARZKOPFx30,Title,Default Title,0002169
shamp-schwarzkopfx30-8,SHAMP SCHWARZKOPFx30,Title,Default Title,0002171
potenciador-schwarzk,POTENCIADOR SCHWARZK,Title,Default Title,0002176
potenciador-schwarzk-1,POTENCIADOR SCHWARZK,Title,Default Title,0002177
potenciador-schwarzk-2,POTENCIADOR SCHWARZK,Title,Default Title,0002178
masc-cap-schwarzkopf-2,MASC CAP SCHWARZKOPF,Title,Default Title,0002180
masc-cap-schwarzkopf-3,MASC CAP SCHWARZKOPF,Title,Default Title,0002181
masc-cap-schwarzkopf-4,MASC CAP SCHWARZKOPF,Title,Default Title,0002182
masc-cap-schwarzkopf-5,MASC CAP SCHWARZKOPF,Title,Default Title,0002183
serum-cap-schwarzkop,SERUM CAP SCHWARZKOP,Title,Default Title,0002184
espuma-cap-schwarzko-1,ESPUMA CAP SCHWARZKO,Title,Default Title,0002188
serum-cap-alteregox5,SERUM CAP ALTEREGOx5,Title,Default Title,0002194
shamp-alteregox300ml-5,SHAMP ALTEREGOx300ml,Title,Default Title,0002204
shamp-alteregox300ml-7,SHAMP ALTEREGOx300ml,Title,Default Title,0002207
masc-cap-alteregox30,MASC CAP ALTEREGOx30,Title,Default Title,0002209
acond-alteregox300ml-1,ACOND ALTEREGOx300ml,Title,Default Title,0002212
acond-alteregox150ml,ACOND ALTEREGOx150ml,Title,Default Title,0002213
trata-cap-alteregox1,TRATA CAP ALTEREGOx1,Title,Default Title,0002218
shamp-alteregox250ml,SHAMP ALTEREGOx250ml,Title,Default Title,0002219
crema-peinar-maxy-lo,CREMA PEINAR MAXY LO,Title,Default Title,0002222
masc-cap-alteregox10,MASC CAP ALTEREGOx10,Title,Default Title,0002232
masc-cap-alteregox30-3,MASC CAP ALTEREGOx30,Title,Default Title,0002237
shamp-alteregox1000m,SHAMP ALTEREGOx1000m,Title,Default Title,0002240
shamp-alteregox1000m-1,SHAMP ALTEREGOx1000m,Title,Default Title,0002241
shamp-alteregox1000m-2,SHAMP ALTEREGOx1000m,Title,Default Title,0002242
shamp-maxy-lookx1000,SHAMP MAXY LOOKx1000,Title,Default Title,0002256
shamp-alteregox950ml-2,SHAMP ALTEREGOx950ml,Title,Default Title,0002263
acond-alteregox950ml-2,ACOND ALTEREGOx950ml,Title,Default Title,0002270
shamp-alfaparfx1000m,SHAMP ALFAPARFx1000m,Title,Default Title,0002308
shamp-alfaparfx1000m-1,SHAMP ALFAPARFx1000m,Title,Default Title,0002309
shamp-alfaparfx1000m-2,SHAMP ALFAPARFx1000m,Title,Default Title,0002310
shamp-alfaparfx1000m-3,SHAMP ALFAPARFx1000m,Title,Default Title,0002311
acond-alfaparfx1000m,ACOND ALFAPARFx1000m,Title,Default Title,0002312
acond-alfaparfx1000m-1,ACOND ALFAPARFx1000m,Title,Default Title,0002314
shamp-kerastasex1000-22,SHAMP KERASTASEx1000,Title,Default Title,0002320
gel-cap-wellax150ml,GEL CAP WELLAx150ml,Title,Default Title,0002321
shamp-alfaparfx1000m-4,SHAMP ALFAPARFx1000m,Title,Default Title,0002324
shamp-barba-rojax250,SHAMP BARBA ROJAx250,Title,Default Title,0002325
acond-barba-rojax100,ACOND BARBA ROJAx100,Title,Default Title,0002329
gel-bano-barba-rojax,GEL BANO BARBA ROJAx,Title,Default Title,0002331
cera-cap-barba-rojax,CERA CAP BARBA ROJAx,Title,Default Title,0002334
gel-cap-t-italyx300m-1,GEL CAP T/ITALYx300m,Title,Default Title,0002341
shamp-stmntx125g-sol,SHAMP STMNTx125g SOL,Title,Default Title,0002345
tinte-lorealx3undx50,TINTE LOREALx3undx50,Title,Default Title,0002350
lapiz-cejas-revlonx1,LAPIZ CEJAS REVLONx1,Title,Default Title,0002355
shamp-kerastasex1000-23,SHAMP KERASTASEx1000,Title,Default Title,0002356
delineador-revlonx0,DELINEADOR REVLONx0.,Title,Default Title,0002362
polvo-revlonx8-4g-c,POLVO REVLONx8.4g C/,Title,Default Title,0002363
tinte-wellax62g-c-to,TINTE WELLAx62g C/TO,Title,Default Title,0002364
base-revlonx30ml-c-s,BASE REVLONx30ml C/S,Title,Default Title,0002366
tinte-wellax62g-c-to-2,TINTE WELLAx62g C/TO,Title,Default Title,0002367
tinte-wellax58g-c-to-2,TINTE WELLAx58g C/TO,Title,Default Title,0002370
tinte-wellax58g-c-to-3,TINTE WELLAx58g C/TO,Title,Default Title,0002371
tinte-wellax58g-c-to-5,TINTE WELLAx58g C/TO,Title,Default Title,0002373
tinte-wellax60g-c-pe,TINTE WELLAx60g C/PE,Title,Default Title,0002375
tinte-wellax60g-c-pe-2,TINTE WELLAx60g C/PE,Title,Default Title,0002380
tinte-wellax60g-c-pe-3,TINTE WELLAx60g C/PE,Title,Default Title,0002381
tinte-wellax60g-c-pe-4,TINTE WELLAx60g C/PE,Title,Default Title,0002382
tinte-lorealx50g-maj-1,TINTE LOREALx50g MAJ,Title,Default Title,0002390
tinte-lorealx50g-maj-2,TINTE LOREALx50g MAJ,Title,Default Title,0002393
tinte-lorealx50g-maj-3,TINTE LOREALx50g MAJ,Title,Default Title,0002394
tinte-lorealx50g-maj-4,TINTE LOREALx50g MAJ,Title,Default Title,0002396
tinte-lorealx50g-maj-5,TINTE LOREALx50g MAJ,Title,Default Title,0002397
tinte-lorealx50g-maj-6,TINTE LOREALx50g MAJ,Title,Default Title,0002398
tinte-lorealx50g-maj-7,TINTE LOREALx50g MAJ,Title,Default Title,0002401
tinte-lorealx50g-maj-8,TINTE LOREALx50g MAJ,Title,Default Title,0002406
tinte-lorealx50g-maj-9,TINTE LOREALx50g MAJ,Title,Default Title,0002414
tinte-majirrougex50g,TINTE MAJIRROUGEx50g,Title,Default Title,0002416
tinte-majirrougex50g-1,TINTE MAJIRROUGEx50g,Title,Default Title,0002417
tinte-lorealx50g-maj-10,TINTE LOREALx50g MAJ,Title,Default Title,0002420
tinte-lorealx50g-dia-16,TINTE LOREALx50g DIA,Title,Default Title,0002422
tinte-lorealx50g-dia-17,TINTE LOREALx50g DIA,Title,Default Title,0002427
tinte-lorealx50g-ric-1,TINTE LOREALx50g RIC,Title,Default Title,0002431
tinte-lorealx50g-ric-2,TINTE LOREALx50g RIC,Title,Default Title,0002432
tinte-lorealx50g-ric-3,TINTE LOREALx50g RIC,Title,Default Title,0002433
tinte-lorealx50g-ric-4,TINTE LOREALx50g RIC,Title,Default Title,0002434
tinte-lorealx50g-ric-5,TINTE LOREALx50g RIC,Title,Default Title,0002436
tinte-lorealx50g-ric-6,TINTE LOREALx50g RIC,Title,Default Title,0002438
tinte-lorealx50g-ric-7,TINTE LOREALx50g RIC,Title,Default Title,0002439
tinte-lorealx50g-ric-8,TINTE LOREALx50g RIC,Title,Default Title,0002441
tinte-lorealx50g-ric-9,TINTE LOREALx50g RIC,Title,Default Title,0002443
tinte-lorealx50g-ric-10,TINTE LOREALx50g RIC,Title,Default Title,0002445
tinte-lorealx50g-ric-11,TINTE LOREALx50g RIC,Title,Default Title,0002447
tinte-lorealx50g-ric-12,TINTE LOREALx50g RIC,Title,Default Title,0002448
tinte-lorealx50g-ric-13,TINTE LOREALx50g RIC,Title,Default Title,0002449
tinte-lorealx50g-ric-14,TINTE LOREALx50g RIC,Title,Default Title,0002450
tinte-lorealx50g-ric-15,TINTE LOREALx50g RIC,Title,Default Title,0002451
tinte-lorealx50g-ric-16,TINTE LOREALx50g RIC,Title,Default Title,0002452
tinte-lorealx50g-maj-11,TINTE LOREALx50g MAJ,Title,Default Title,0002453
tinte-t-italyx86g-35,TINTE T/ITALYx86g 10,Title,Default Title,0002497
esmalte-organicx7-5m,ESMALTE ORGANICx7.5m,Title,Default Title,0002500
esmalte-organicx7-5m-1,ESMALTE ORGANICx7.5m,Title,Default Title,0002516
esmalte-organicx7-5m-2,ESMALTE ORGANICx7.5m,Title,Default Title,0002530
esmalte-organicx7-5m-3,ESMALTE ORGANICx7.5m,Title,Default Title,0002532
esmalte-organicx7-5m-4,ESMALTE ORGANICx7.5m,Title,Default Title,0002533
esmalte-organicx7-5m-5,ESMALTE ORGANICx7.5m,Title,Default Title,0002538
esmalte-organicx7-5m-6,ESMALTE ORGANICx7.5m,Title,Default Title,0002539
esmalte-organicx7-5m-7,ESMALTE ORGANICx7.5m,Title,Default Title,0002541
esmalte-organicx7-5m-8,ESMALTE ORGANICx7.5m,Title,Default Title,0002544
esmalte-organicx7-5m-9,ESMALTE ORGANICx7.5m,Title,Default Title,0002553
esmalte-organicx7-5m-10,ESMALTE ORGANICx7.5m,Title,Default Title,0002562
esmalte-organicx7-5m-11,ESMALTE ORGANICx7.5m,Title,Default Title,0002563
lima-organicxund-180,LIMA ORGANICxund 180,Title,Default Title,0002590
esmalte-belierx13ml-12,ESMALTE BELIERx13ml,Title,Default Title,0002595
esmalte-belierx13ml-17,ESMALTE BELIERx13ml,Title,Default Title,0002600
esmalte-belierx13ml-18,ESMALTE BELIERx13ml,Title,Default Title,0002602
esmalte-belierx13ml-21,ESMALTE BELIERx13ml,Title,Default Title,0002605
esmalte-belierx13ml-25,ESMALTE BELIERx13ml,Title,Default Title,0002609
esmalte-belierx13ml-32,ESMALTE BELIERx13ml,Title,Default Title,0002616
esmalte-belierx13ml-33,ESMALTE BELIERx13ml,Title,Default Title,0002617
esmalte-belierx13ml-35,ESMALTE BELIERx13ml,Title,Default Title,0002619
esmalte-belierx13ml-37,ESMALTE BELIERx13ml,Title,Default Title,0002622
esmalte-belierx13ml-45,ESMALTE BELIERx13ml,Title,Default Title,0002630
esmalte-belierx13ml-46,ESMALTE BELIERx13ml,Title,Default Title,0002631
esmalte-belierx13ml-47,ESMALTE BELIERx13ml,Title,Default Title,0002633
pomo-enkorx30und-331,POMO ENKORx30und 331,Title,Default Title,0002634
esmalte-belierx13ml-49,ESMALTE BELIERx13ml,Title,Default Title,0002637
esmalte-belierx13ml-53,ESMALTE BELIERx13ml,Title,Default Title,0002642
esmalte-belierx13ml-58,ESMALTE BELIERx13ml,Title,Default Title,0002647
esmalte-belierx13ml-61,ESMALTE BELIERx13ml,Title,Default Title,0002650
esmalte-belierx13ml-63,ESMALTE BELIERx13ml,Title,Default Title,0002652
esmalte-belierx13ml-67,ESMALTE BELIERx13ml,Title,Default Title,0002656
esmalte-belierx13ml-70,ESMALTE BELIERx13ml,Title,Default Title,0002660
esmalte-belierx13ml-74,ESMALTE BELIERx13ml,Title,Default Title,0002664
esmalte-belierx13ml-75,ESMALTE BELIERx13ml,Title,Default Title,0002665
esmalte-belierx13ml-83,ESMALTE BELIERx13ml,Title,Default Title,0002673
esmalte-belierx13ml-86,ESMALTE BELIERx13ml,Title,Default Title,0002676
esmalte-belierx13ml-87,ESMALTE BELIERx13ml,Title,Default Title,0002677
exfol-corp-belierx12,EXFOL CORP BELIERx12,Title,Default Title,0002687
acces-sodhanaxund-ca-7,ACCES SODHANAxund CA,Title,Default Title,0002690
acces-sodhanaxund-ca-8,ACCES SODHANAxund CA,Title,Default Title,0002691
acces-sodhanaxund-ca-9,ACCES SODHANAxund CA,Title,Default Title,0002696
acces-sodhanaxund-ca-10,ACCES SODHANAxund CA,Title,Default Title,0002697
acces-sodhanaxund-c,ACCES SODHANAxund C/,Title,Default Title,0002701
acces-sodhanaxund-c-1,ACCES SODHANAxund C/,Title,Default Title,0002702
acces-sodhanaxund-c-2,ACCES SODHANAxund C/,Title,Default Title,0002706
acces-sodhanaxund-an,ACCES SODHANAxund AN,Title,Default Title,0002708
acces-sodhanaxund-c-3,ACCES SODHANAxund C/,Title,Default Title,0002712
acces-sodhanaxund-pu,ACCES SODHANAxund PU,Title,Default Title,0002721
acces-sodhanaxund-an-1,ACCES SODHANAxund AN,Title,Default Title,0002722
acces-sodhanaxund-an-2,ACCES SODHANAxund AN,Title,Default Title,0002725
acces-sodhanaxund-an-3,ACCES SODHANAxund AN,Title,Default Title,0002726
acces-sodhanaxund-ar-21,ACCES SODHANAxund AR,Title,Default Title,0002727
acces-sodhanaxund-an-4,ACCES SODHANAxund AN,Title,Default Title,0002729
acces-sodhanaxund-ar-22,ACCES SODHANAxund AR,Title,Default Title,0002730
acces-sodhanaxund-ar-23,ACCES SODHANAxund AR,Title,Default Title,0002731
acces-sodhanaxund-ar-24,ACCES SODHANAxund AR,Title,Default Title,0002732
acces-sodhanaxund-an-5,ACCES SODHANAxund AN,Title,Default Title,0002733
acces-sodhanaxund-ar-25,ACCES SODHANAxund AR,Title,Default Title,0002734
shamp-gkx1000ml-1-ph,SHAMP GKx1000ml 1 PH,Title,Default Title,0002739
gafas-versacexund-ov-1,GAFAS VERSACExund OV,Title,Default Title,0002740
alisadora-gkx1000ml,ALISADORA GKx1000ml,Title,Default Title,0002742
gafas-versacexund-ov-2,GAFAS VERSACExund OV,Title,Default Title,0002744
kit-cap-olaplexx2und-3,KIT CAP OLAPLEXx2und,Title,Default Title,0002745
cera-cap-sebastianx7,CERA CAP SEBASTIANx7,Title,Default Title,0002746
gafas-pradaxund-opr1,GAFAS PRADAxund OPR1,Title,Default Title,0002754
delineador-revlonx2,DELINEADOR REVLONx2.,Title,Default Title,0002775
gafas-voguexund-ovo5-1,GAFAS VOGUExund OVO5,Title,Default Title,0002778
gafas-voguexund-ovo5-2,GAFAS VOGUExund OVO5,Title,Default Title,0002781
cera-cap-schwarzkopf-2,CERA CAP SCHWARZKOPF,Title,Default Title,0002867
remov-cuticula-bresc-1,REMOV CUTICULA BRESC,Title,Default Title,0002976
crema-fac-roche-posa-7,CREMA FAC ROCHE/POSA,Title,Default Title,0002991
crema-corp-quimiderm,CREMA CORP QUIMIDERM,Title,Default Title,0002993
serum-fac-sesdermax5,SERUM FAC SESDERMAx5,Title,Default Title,0002997
decolorante-salermx2,DECOLORANTE SALERMx2,Title,Default Title,0003009
crema-fac-sesdermax5-13,CREMA FAC SESDERMAx5,Title,Default Title,0003011
agua-perfume-elie-sa-3,AGUA PERFUME ELIE SA,Title,Default Title,0003035
trata-cap-kerastasex-2,TRATA CAP KERASTASEx,Title,Default Title,0003053
serum-cap-kerastasex-15,SERUM CAP KERASTASEx,Title,Default Title,0003054
polvo-samyx8g-suelto,POLVO SAMYx8g SUELTO,Title,Default Title,0003109
extractor-esp-enkorx,EXTRACTOR ESP ENKORx,Title,Default Title,0003325
agua-perfume-h-bossx-4,AGUA PERFUME H/BOSSx,Title,Default Title,0003489
agua-tocador-h-bossx-6,AGUA TOCADOR H/BOSSx,Title,Default Title,0003499
agua-perfume-d-gx75m-4,AGUA PERFUME D&Gx75m,Title,Default Title,0003520
agua-perfume-p-raban-23,AGUA PERFUME P/RABAN,Title,Default Title,0003533
agua-perfume-kenzox5-1,AGUA PERFUME KENZOx5,Title,Default Title,0003537
trata-cap-moroccanoi-4,TRATA CAP MOROCCANOI,Title,Default Title,0003544
shamp-alfaparfx1000m-5,SHAMP ALFAPARFx1000m,Title,Default Title,0003546
shamp-alfaparfx1000m-6,SHAMP ALFAPARFx1000m,Title,Default Title,0003547
acond-kerastasex1000-4,ACOND KERASTASEx1000,Title,Default Title,0003552
acond-kerastasex1000-5,ACOND KERASTASEx1000,Title,Default Title,0003554
masc-cap-maxy-lookx3,MASC CAP MAXY LOOKx3,Title,Default Title,0003557
masc-cap-alteregox10-3,MASC CAP ALTEREGOx10,Title,Default Title,0003564
acond-authenticx1000-2,ACOND AUTHENTICx1000,Title,Default Title,0003569
kit-cap-alfaparfx3un,KIT CAP ALFAPARFx3un,Title,Default Title,0003578
shamp-gkx300ml-3-bal-1,SHAMP GKx300ml 3 BAL,Title,Default Title,0003585
masc-cap-schwarzkopf-6,MASC CAP SCHWARZKOPF,Title,Default Title,0003591
cera-cap-wellax150ml,CERA CAP WELLAx150ml,Title,Default Title,0003596
shamp-schwarzkopfx30-9,SHAMP SCHWARZKOPFx30,Title,Default Title,0003599
agua-perfume-p-raban-24,AGUA PERFUME P/RABAN,Title,Default Title,0003604
mercancia-no-codific,MERCANCIA NO CODIFIC,Title,Default Title,0003781
polvo-la-foretx12-8g-4,POLVO LA FORETx12.8g,Title,Default Title,0003791
base-pupax30ml-made-4,BASE PUPAx30ml MADE,Title,Default Title,0003793
pestanina-sisleyx7-7,PESTANINA SISLEYx7.5,Title,Default Title,0003799
sombra-sisleyx1-5g-6,SOMBRA SISLEYx1.5g 2,Title,Default Title,0003803
sombra-sisleyx1-5g-1,SOMBRA SISLEYx1.5g 1,Title,Default Title,0003804
sombra-sisleyx1-5g-7,SOMBRA SISLEYx1.5g 2,Title,Default Title,0003805
base-sisleyx30ml-sis-2,BASE SISLEYx30ml SIS,Title,Default Title,0003806
base-sisleyx30ml-sis-3,BASE SISLEYx30ml SIS,Title,Default Title,0003807
pincel-maq-sisleyxun-1,PINCEL MAQ SISLEYxun,Title,Default Title,0003810
shamp-sisleyx200ml-s-3,SHAMP SISLEYx200ml S,Title,Default Title,0003814
crema-fac-clarinsx50-6,CREMA FAC CLARINSx50,Title,Default Title,0003816
serum-cap-sisleyx100,SERUM CAP SISLEYx100,Title,Default Title,0003818
decolorante-bysx2und,DECOLORANTE BYSx2und,Title,Default Title,0004076
acond-wellax1000ml-i-2,ACOND WELLAx1000ml I,Title,Default Title,0004105
ampolleta-cap-wellax,AMPOLLETA CAP WELLAx,Title,Default Title,0004151
acond-alfaparfx1000m-2,ACOND ALFAPARFx1000m,Title,Default Title,0004153
acond-alfaparfx1000m-3,ACOND ALFAPARFx1000m,Title,Default Title,0004155
ampolleta-cap-p-fibe,AMPOLLETA CAP P/FIBE,Title,Default Title,0004156
ampolleta-cap-s-expe,AMPOLLETA CAP S/EXPE,Title,Default Title,0004161
ampolleta-cap-s-expe-1,AMPOLLETA CAP S/EXPE,Title,Default Title,0004163
ampolleta-cap-s-expe-2,AMPOLLETA CAP S/EXPE,Title,Default Title,0004164
acond-gkx1000ml-colo,ACOND GKx1000ml COLO,Title,Default Title,0004168
ampolleta-cap-alfapa-1,AMPOLLETA CAP ALFAPA,Title,Default Title,0004169
acond-schwarzkopfx10-1,ACOND SCHWARZKOPFx10,Title,Default Title,0004175
serum-fac-clarinsx10,SERUM FAC CLARINSx10,Title,Default Title,0004196
cera-cap-american-cx,CERA CAP AMERICAN/Cx,Title,Default Title,0004198
cera-cap-american-cx-1,CERA CAP AMERICAN/Cx,Title,Default Title,0004199
esmalte-belierx13ml-95,ESMALTE BELIERx13ml,Title,Default Title,0004206
agua-tocador-issey-m-7,AGUA TOCADOR ISSEY M,Title,Default Title,0004210
acces-sodhanaxund-an-6,ACCES SODHANAxund AN,Title,Default Title,0004214
acces-sodhanaxund-ar-26,ACCES SODHANAxund AR,Title,Default Title,0004215
crema-fac-roche-posa-8,CREMA FAC ROCHE/POSA,Title,Default Title,0004224
trata-cap-authenticx-1,TRATA CAP AUTHENTICx,Title,Default Title,0004225
trata-cap-authenticx-2,TRATA CAP AUTHENTICx,Title,Default Title,0004226
trata-cap-authenticx-3,TRATA CAP AUTHENTICx,Title,Default Title,0004227
esmalte-belierx13ml-98,ESMALTE BELIERx13ml,Title,Default Title,0004229
esmalte-belierx13ml-100,ESMALTE BELIERx13ml,Title,Default Title,0004231
esmalte-belierx13ml-101,ESMALTE BELIERx13ml,Title,Default Title,0004232
esmalte-belierx13ml-104,ESMALTE BELIERx13ml,Title,Default Title,0004235
esmalte-belierx13ml-105,ESMALTE BELIERx13ml,Title,Default Title,0004236
esmalte-belierx13ml-106,ESMALTE BELIERx13ml,Title,Default Title,0004237
esmalte-belierx13ml-107,ESMALTE BELIERx13ml,Title,Default Title,0004238
esmalte-belierx13ml-112,ESMALTE BELIERx13ml,Title,Default Title,0004243
esmalte-organicx7-5m-12,ESMALTE ORGANICx7.5m,Title,Default Title,0004250
exfol-corp-belierx12-1,EXFOL CORP BELIERx12,Title,Default Title,0004252
tinte-wellax60g-c-pe-5,TINTE WELLAx60g C/PE,Title,Default Title,0004254
tinte-lorealx50g-ric-17,TINTE LOREALx50g RIC,Title,Default Title,0004255
tinte-wellax58g-illu-1,TINTE WELLAx58g ILLU,Title,Default Title,0004257
kit-cap-nioxinx3und-9,KIT CAP NIOXINx3und,Title,Default Title,0004275
crema-peinar-gkx130m,CREMA PEINAR GKx130m,Title,Default Title,0004279
masc-cap-alteregox10-4,MASC CAP ALTEREGOx10,Title,Default Title,0004284
masc-cap-alteregox50-2,MASC CAP ALTEREGOx50,Title,Default Title,0004286
masc-cap-schwarzkopf-7,MASC CAP SCHWARZKOPF,Title,Default Title,0004296
tinte-lorealx50g-dia-18,TINTE LOREALx50g DIA,Title,Default Title,0004302
shamp-alteregox950ml-4,SHAMP ALTEREGOx950ml,Title,Default Title,0004303
tinte-majirrougex50g-2,TINTE MAJIRROUGEx50g,Title,Default Title,0004305
tinte-lorealx50g-coo-3,TINTE LOREALx50g COO,Title,Default Title,0004309
shamp-kerastasex1000-24,SHAMP KERASTASEx1000,Title,Default Title,0004311
shamp-kerastasex1000-25,SHAMP KERASTASEx1000,Title,Default Title,0004314
tinte-lorealx50g-coo-4,TINTE LOREALx50g COO,Title,Default Title,0004315
parche-fac-ateneaxun,PARCHE FAC ATENEAxun,Title,Default Title,0004318
shamp-moroccanoilx20-2,SHAMP MOROCCANOILx20,Title,Default Title,0004326
shamp-moroccanoilx25-4,SHAMP MOROCCANOILx25,Title,Default Title,0004327
tinte-majirrougex50g-3,TINTE MAJIRROUGEx50g,Title,Default Title,0004329
shamp-schwarzkopfx10,SHAMP SCHWARZKOPFx10,Title,Default Title,0004331
shamp-schwarzkopfx10-1,SHAMP SCHWARZKOPFx10,Title,Default Title,0004333
tinte-lorealx3undx50-1,TINTE LOREALx3undx50,Title,Default Title,0004334
shamp-schwarzkopfx30-10,SHAMP SCHWARZKOPFx30,Title,Default Title,0004335
shamp-sebastianx250m,SHAMP SEBASTIANx250m,Title,Default Title,0004336
shamp-wellax1000ml-c,SHAMP WELLAx1000ml C,Title,Default Title,0004343
laca-wellax150ml-sug,LACA WELLAx150ml SUG,Title,Default Title,0004346
crema-peinar-t-italy-1,CREMA PEINAR T/ITALY,Title,Default Title,0004349
agua-tocador-burberr-6,AGUA TOCADOR BURBERR,Title,Default Title,0004350
cera-cap-sebastianx7-1,CERA CAP SEBASTIANx7,Title,Default Title,0004352
laca-sebastianx200ml,LACA SEBASTIANx200ml,Title,Default Title,0004355
agua-tocador-givench,AGUA TOCADOR GIVENCH,Title,Default Title,0004357
laca-sebastianx150ml,LACA SEBASTIANx150ml,Title,Default Title,0004359
potenciador-schwarzk-3,POTENCIADOR SCHWARZK,Title,Default Title,0004361
potenciador-schwarzk-4,POTENCIADOR SCHWARZK,Title,Default Title,0004362
laca-lorealx150ml-tr,LACA LOREALx150ml TR,Title,Default Title,0004365
gel-fac-uriagex500ml,GEL FAC URIAGEx500ml,Title,Default Title,0004382
bloq-sesdermax50ml-f-3,BLOQ SESDERMAx50ml F,Title,Default Title,0004404
serum-fac-roche-posa-1,SERUM FAC ROCHE/POSA,Title,Default Title,0004408
serum-cap-sebastianx,SERUM CAP SEBASTIANx,Title,Default Title,0004412
crema-corp-sesdermax-1,CREMA CORP SESDERMAx,Title,Default Title,0004423
tinte-wellax58g-c-to-7,TINTE WELLAx58g C/TO,Title,Default Title,0004424
crema-fac-la-foretx5-2,CREMA FAC LA FORETx5,Title,Default Title,0004425
base-sisleyx30ml-tei-13,BASE SISLEYx30ml TEI,Title,Default Title,0004426
lapiz-cejas-sisleyx0-1,LAPIZ CEJAS SISLEYx0,Title,Default Title,0004427
corrector-la-foretx2-1,CORRECTOR LA FORETx2,Title,Default Title,0004428
shamp-sisleyx200ml-s-4,SHAMP SISLEYx200ml S,Title,Default Title,0004429
acond-sisleyx200ml-c,ACOND SISLEYx200ml C,Title,Default Title,0004430
bloq-la-foretx125ml,BLOQ LA FORETx125ml,Title,Default Title,0004431
crema-fac-la-foretx1-1,CREMA FAC LA FORETx1,Title,Default Title,0004432
tonico-fac-la-foretx-2,TONICO FAC LA FORETx,Title,Default Title,0004433
bloq-la-foretx100ml,BLOQ LA FORETx100ml,Title,Default Title,0004434
bloq-la-foretx100ml-1,BLOQ LA FORETx100ml,Title,Default Title,0004435
base-la-foretx30ml-a-3,BASE LA FORETx30ml A,Title,Default Title,0004436
tinte-lorealx50g-coo-5,TINTE LOREALx50g COO,Title,Default Title,0004437
tinte-lorealx50g-coo-6,TINTE LOREALx50g COO,Title,Default Title,0004438
agua-perfume-karl-la,AGUA PERFUME KARL LA,Title,Default Title,0004442
acond-schwarzfopfx10,ACOND SCHWARZFOPFx10,Title,Default Title,0004451
masc-fac-sesdermax50,MASC FAC SESDERMAx50,Title,Default Title,0004469
tinte-wellax60g-c-pe-6,TINTE WELLAx60g C/PE,Title,Default Title,0004478
shamp-alteregox100ml,SHAMP ALTEREGOx100ml,Title,Default Title,0004484
masc-cap-alteregox50-3,MASC CAP ALTEREGOx50,Title,Default Title,0004485
ampolleta-cap-altere-6,AMPOLLETA CAP ALTERE,Title,Default Title,0004488
shamp-kerastasex500m-9,SHAMP KERASTASEx500m,Title,Default Title,0004584
oxigenta-wellaxml-20,OXIGENTA WELLAxml 20,Title,Default Title,0004592
emulsion-wellaxml-13,EMULSION WELLAxml 13,Title,Default Title,0004593
alisadora-wellaxml-p,ALISADORA WELLAxml P,Title,Default Title,0004594
emulsion-wellaxml-6,EMULSION WELLAxml 6,Title,Default Title,0004595
oxigenta-majicremexm,OXIGENTA MAJICREMExm,Title,Default Title,0004596
oxigenta-majicremexm-1,OXIGENTA MAJICREMExm,Title,Default Title,0004597
serum-cap-gkxml-with,SERUM CAP GKxml WITH,Title,Default Title,0004598
oxigenta-wellaxml-30,OXIGENTA WELLAxml 30,Title,Default Title,0004600
serum-fac-sadermax30-2,SERUM FAC SADERMAx30,Title,Default Title,0004607
serum-fac-sadermax30-3,SERUM FAC SADERMAx30,Title,Default Title,0004609
bruma-fac-uriagex200,BRUMA FAC URIAGEx200,Title,Default Title,0004615
shamp-uriagex200ml-d-1,SHAMP URIAGEx200ml D,Title,Default Title,0004616
tinte-wellax60g-c-pe-7,TINTE WELLAx60g C/PE,Title,Default Title,0004644
alisadora-cadiveux10,ALISADORA CADIVEUx10,Title,Default Title,0004645
masc-cap-cadiveux100,MASC CAP CADIVEUx100,Title,Default Title,0004646
aceite-corp-kalux250,ACEITE CORP KALUx250,Title,Default Title,0004674
shamp-davinesx250ml-5,SHAMP DAVINESx250ml,Title,Default Title,0004731
agua-tocador-adolfo-2,AGUA TOCADOR ADOLFO/,Title,Default Title,0004823
agua-tocador-c-hx90m,AGUA TOCADOR C.Hx90m,Title,Default Title,0004857
agua-tocador-d-gx50m,AGUA TOCADOR D&Gx50m,Title,Default Title,0004866
serum-fac-eucerinx50,SERUM FAC EUCERINx50,Title,Default Title,0004935
gafas-pradaxund-opr1-1,GAFAS PRADAxund OPR1,Title,Default Title,0004952
gafas-versacexund-ov-5,GAFAS VERSACExund OV,Title,Default Title,0004955
gafas-versacexund-ov-6,GAFAS VERSACExund OV,Title,Default Title,0005060
sombra-liq-sisleyx6,SOMBRA LIQ SISLEYx6.,Title,Default Title,0005067
sombra-liq-sisleyx6-1,SOMBRA LIQ SISLEYx6.,Title,Default Title,0005068
sombra-liq-sisleyx6-2,SOMBRA LIQ SISLEYx6.,Title,Default Title,0005069
sombra-liq-sisleyx6-3,SOMBRA LIQ SISLEYx6.,Title,Default Title,0005070
sombra-liq-sisleyx6-4,SOMBRA LIQ SISLEYx6.,Title,Default Title,0005071
agua-perfume-sisleyx-4,AGUA PERFUME SISLEYx,Title,Default Title,0005072
masc-fac-sisleyx40g,MASC FAC SISLEYx40g,Title,Default Title,0005073
kit-perf-sisleyx2und,KIT PERF SISLEYx2und,Title,Default Title,0005075
shamp-davinesx1000ml-2,SHAMP DAVINESx1000ml,Title,Default Title,0005087
acond-davinesx1000ml-1,ACOND DAVINESx1000ml,Title,Default Title,0005088
gafas-pradaxund-opr1-3,GAFAS PRADAxund OPR1,Title,Default Title,0005105
kit-cap-lorealx2und-1,KIT CAP LOREALx2und,Title,Default Title,0005131
shamp-wellax1000ml-e,SHAMP WELLAx1000ml E,Title,Default Title,0005167
balsamo-lab-uriagex4,BALSAMO LAB URIAGEx4,Title,Default Title,0005170
oxigenta-wellax1000m-1,OXIGENTA WELLAx1000m,Title,Default Title,0005237
ampolleta-cap-alfapa-2,AMPOLLETA CAP ALFAPA,Title,Default Title,0005238
desmaq-dhemsx100ml-o,DESMAQ DHEMSx100ml O,Title,Default Title,0005256
ampolleta-cap-alfapa-3,AMPOLLETA CAP ALFAPA,Title,Default Title,0005260
shamp-authenticx1000-5,SHAMP AUTHENTICx1000,Title,Default Title,0005262
agua-perfume-h-bossx-9,AGUA PERFUME H/BOSSx,Title,Default Title,0005267
agua-tocador-h-bossx-9,AGUA TOCADOR H/BOSSx,Title,Default Title,0005272
agua-tocador-h-bossx-11,AGUA TOCADOR H/BOSSx,Title,Default Title,0005275
acces-sodhanaxund-ca-11,ACCES SODHANAxund CA,Title,Default Title,0005277
acces-sodhanaxund-pi,ACCES SODHANAxund PI,Title,Default Title,0005283
acces-sodhanaxund-ar-27,ACCES SODHANAxund AR,Title,Default Title,0005285
acces-sodhanaxund-ar-28,ACCES SODHANAxund AR,Title,Default Title,0005294
acces-sodhanaxund-ar-29,ACCES SODHANAxund AR,Title,Default Title,0005295
acces-sodhanaxund-pi-1,ACCES SODHANAxund PI,Title,Default Title,0005297
acces-sodhanaxund-ar-30,ACCES SODHANAxund AR,Title,Default Title,0005299
acces-sodhanaxund-ar-31,ACCES SODHANAxund AR,Title,Default Title,0005301
acces-sodhanaxund-pi-2,ACCES SODHANAxund PI,Title,Default Title,0005304
acces-sodhanaxund-ar-32,ACCES SODHANAxund AR,Title,Default Title,0005305
acces-sodhanaxund-pi-3,ACCES SODHANAxund PI,Title,Default Title,0005306
acces-sodhanaxund-pi-4,ACCES SODHANAxund PI,Title,Default Title,0005312
acces-sodhanaxund-ar-33,ACCES SODHANAxund AR,Title,Default Title,0005315
acces-sodhanaxund-an-7,ACCES SODHANAxund AN,Title,Default Title,0005318
acces-sodhanaxund-an-8,ACCES SODHANAxund AN,Title,Default Title,0005319
acces-sodhanaxund-an-9,ACCES SODHANAxund AN,Title,Default Title,0005320
acces-sodhanaxund-an-10,ACCES SODHANAxund AN,Title,Default Title,0005321
acces-sodhanaxund-an-11,ACCES SODHANAxund AN,Title,Default Title,0005322
acces-sodhanaxund-an-12,ACCES SODHANAxund AN,Title,Default Title,0005323
acces-sodhanaxund-an-13,ACCES SODHANAxund AN,Title,Default Title,0005324
acces-sodhanaxund-an-14,ACCES SODHANAxund AN,Title,Default Title,0005325
acces-sodhanaxund-an-15,ACCES SODHANAxund AN,Title,Default Title,0005328
acces-sodhanaxund-an-16,ACCES SODHANAxund AN,Title,Default Title,0005329
acces-sodhanaxund-ar-34,ACCES SODHANAxund AR,Title,Default Title,0005331
acces-sodhanaxund-ar-35,ACCES SODHANAxund AR,Title,Default Title,0005332
acces-sodhanaxund-ar-36,ACCES SODHANAxund AR,Title,Default Title,0005333
corrector-sisleyx15m-2,CORRECTOR SISLEYx15m,Title,Default Title,0005337
crema-fac-sisleyx50m-11,CREMA FAC SISLEYx50m,Title,Default Title,0005338
oxigenta-inoaxml-20,OXIGENTA INOAxml 20,Title,Default Title,0005350
oxigenta-inoaxml-30,OXIGENTA INOAxml 30,Title,Default Title,0005351
agua-tocador-calvin-3,AGUA TOCADOR CALVIN,Title,Default Title,0005354
agua-tocador-calvin-5,AGUA TOCADOR CALVIN,Title,Default Title,0005356
agua-perfume-montbla-3,AGUA PERFUME MONTBLA,Title,Default Title,0005358
tinte-phytoxund-kit-10,TINTE PHYTOxund KIT,Title,Default Title,0005369
bloq-roche-posayx50m-2,BLOQ ROCHE/POSAYx50m,Title,Default Title,0005381
serum-fac-vichyx20ml,SERUM FAC VICHYx20ml,Title,Default Title,0005382
crema-fac-roche-posa-9,CREMA FAC ROCHE/POSA,Title,Default Title,0005384
agua-tocador-diorx10-8,AGUA TOCADOR DIORx10,Title,Default Title,0005389
base-diorx50ml-backs,BASE DIORx50ml BACKS,Title,Default Title,0005391
base-diorx50ml-backs-1,BASE DIORx50ml BACKS,Title,Default Title,0005393
base-diorx50ml-backs-3,BASE DIORx50ml BACKS,Title,Default Title,0005397
base-diorx50ml-backs-4,BASE DIORx50ml BACKS,Title,Default Title,0005398
base-diorx50ml-backs-5,BASE DIORx50ml BACKS,Title,Default Title,0005399
base-diorx50ml-backs-7,BASE DIORx50ml BACKS,Title,Default Title,0005403
labial-diorx3-2g-ste,LABIAL DIORx3.2g STE,Title,Default Title,0005411
labial-diorx3-2g-ste-1,LABIAL DIORx3.2g STE,Title,Default Title,0005412
base-diorx40ml-under-2,BASE DIORx40ml UNDER,Title,Default Title,0005416
labial-diorx3-2g-ste-2,LABIAL DIORx3.2g STE,Title,Default Title,0005419
primer-iconicx27ml-u,PRIMER ICONICx27ml U,Title,Default Title,0005441
oxigenta-wellaxml-40,OXIGENTA WELLAxml 40,Title,Default Title,0005475
crema-fac-biodermax4,CREMA FAC BIODERMAx4,Title,Default Title,0005487
crema-fac-biodermax4-2,CREMA FAC BIODERMAx4,Title,Default Title,0005489
crema-fac-biodermax4-4,CREMA FAC BIODERMAx4,Title,Default Title,0005492
crema-corp-biodermax-1,CREMA CORP BIODERMAx,Title,Default Title,0005494
crema-fac-biodermax5,CREMA FAC BIODERMAx5,Title,Default Title,0005496
crema-fac-biodermax4-6,CREMA FAC BIODERMAx4,Title,Default Title,0005500
crema-fac-biodermax3,CREMA FAC BIODERMAx3,Title,Default Title,0005501
bloq-biodermax40ml-c-3,BLOQ BIODERMAx40ml C,Title,Default Title,0005503
bloq-biodermax40ml-c-5,BLOQ BIODERMAx40ml C,Title,Default Title,0005505
bloq-biodermax40ml-c-6,BLOQ BIODERMAx40ml C,Title,Default Title,0005506
depilador-cristyxund,DEPILADOR CRISTYxund,Title,Default Title,0005507
bloq-biodermax40ml-c-7,BLOQ BIODERMAx40ml C,Title,Default Title,0005508
bloq-biodermax40ml-c-8,BLOQ BIODERMAx40ml C,Title,Default Title,0005509
bloq-biodermax40ml-c-11,BLOQ BIODERMAx40ml C,Title,Default Title,0005512
bloq-biodermax40ml-c-12,BLOQ BIODERMAx40ml C,Title,Default Title,0005513
gel-fac-biodermax200,GEL FAC BIODERMAx200,Title,Default Title,0005518
desmaq-biodermax200m,DESMAQ BIODERMAx200m,Title,Default Title,0005521
gel-bano-biodermax10,GEL BANO BIODERMAx10,Title,Default Title,0005524
aceite-corp-bioderma,ACEITE CORP BIODERMA,Title,Default Title,0005526
desmaq-biodermax500m-1,DESMAQ BIODERMAx500m,Title,Default Title,0005530
desmaq-biodermax100m,DESMAQ BIODERMAx100m,Title,Default Title,0005532
desmaq-biodermax250m-2,DESMAQ BIODERMAx250m,Title,Default Title,0005533
gel-fac-biodermax200-1,GEL FAC BIODERMAx200,Title,Default Title,0005535
acces-sodhanaxund-ca-12,ACCES SODHANAxund CA,Title,Default Title,0005545
ampolleta-cap-kerast-12,AMPOLLETA CAP KERAST,Title,Default Title,0005548
crema-fac-roche-posa-10,CREMA FAC ROCHE/POSA,Title,Default Title,0005549
gel-fac-uriagex150ml,GEL FAC URIAGEx150ml,Title,Default Title,0005550
esmalte-belierx13ml-116,ESMALTE BELIERx13ml,Title,Default Title,0005556
esmalte-belierx13ml-117,ESMALTE BELIERx13ml,Title,Default Title,0005557
esmalte-belierx13ml-118,ESMALTE BELIERx13ml,Title,Default Title,0005558
esmalte-belierx13ml-119,ESMALTE BELIERx13ml,Title,Default Title,0005559
esmalte-belierx13ml-120,ESMALTE BELIERx13ml,Title,Default Title,0005560
esmalte-belierx13ml-122,ESMALTE BELIERx13ml,Title,Default Title,0005562
esmalte-belierx13ml-126,ESMALTE BELIERx13ml,Title,Default Title,0005567
esmalte-belierx13ml-128,ESMALTE BELIERx13ml,Title,Default Title,0005569
esmalte-belierx13ml-129,ESMALTE BELIERx13ml,Title,Default Title,0005570
shamp-authenticx1000-6,SHAMP AUTHENTICx1000,Title,Default Title,0005585
serum-fac-sesdermax3-11,SERUM FAC SESDERMAx3,Title,Default Title,0005587
leche-fac-sesdermax2,LECHE FAC SESDERMAx2,Title,Default Title,0005589
suplemento-sesdermax-1,SUPLEMENTO SESDERMAx,Title,Default Title,0005592
gel-fac-sesdermax200,GEL FAC SESDERMAx200,Title,Default Title,0005594
gafas-burberryxund-o-1,GAFAS BURBERRYxund O,Title,Default Title,0005599
agua-perfume-c-hx100-5,AGUA PERFUME C.Hx100,Title,Default Title,0005610
agua-tocador-p-raban-7,AGUA TOCADOR P/RABAN,Title,Default Title,0005612
polvo-daphnex14g-c-e,POLVO DAPHNEx14g C/E,Title,Default Title,0005625
base-daphnex50g-natu,BASE DAPHNEx50g NATU,Title,Default Title,0005631
lapiz-ojos-daphnex0,LAPIZ OJOS DAPHNEx0.,Title,Default Title,0005632
lapiz-cejas-daphnex1,LAPIZ CEJAS DAPHNEx1,Title,Default Title,0005635
delineador-daphnex7g,DELINEADOR DAPHNEx7g,Title,Default Title,0005637
agua-micelar-eucerin,AGUA MICELAR EUCERIN,Title,Default Title,0005642
crema-fac-eucerinx50-5,CREMA FAC EUCERINx50,Title,Default Title,0005645
esmalte-belierx13ml-135,ESMALTE BELIERx13ml,Title,Default Title,0005647
esmalte-belierx13ml-136,ESMALTE BELIERx13ml,Title,Default Title,0005648
esmalte-belierx13ml-137,ESMALTE BELIERx13ml,Title,Default Title,0005650
esmalte-belierx13ml-141,ESMALTE BELIERx13ml,Title,Default Title,0005654
acond-wellax1000ml-c,ACOND WELLAx1000ml C,Title,Default Title,0005655
acond-wellax1000ml-e,ACOND WELLAx1000ml E,Title,Default Title,0005656
masc-cap-sebastianx1,MASC CAP SEBASTIANx1,Title,Default Title,0005658
shamp-sebastianx250m-1,SHAMP SEBASTIANx250m,Title,Default Title,0005661
agua-perfume-la-fore-4,AGUA PERFUME LA FORE,Title,Default Title,0005668
panitos-desmaq-biode,PANITOS DESMAQ BIODE,Title,Default Title,0005671
tonico-fac-biodermax,TONICO FAC BIODERMAx,Title,Default Title,0005672
gel-fac-biodermax500-1,GEL FAC BIODERMAx500,Title,Default Title,0005673
trata-cap-olaplexx25-1,TRATA CAP OLAPLEXx25,Title,Default Title,0005682
tonico-cap-alteregox-2,TONICO CAP ALTEREGOx,Title,Default Title,0005687
tonico-cap-alteregox-3,TONICO CAP ALTEREGOx,Title,Default Title,0005688
kit-cap-moroccanoilx-4,KIT CAP MOROCCANOILx,Title,Default Title,0005693
espejo-freestylexund,ESPEJO FREESTYLExund,Title,Default Title,0005716
labial-diorx3-2g-ste-3,LABIAL DIORx3.2g STE,Title,Default Title,0005728
labial-daphnex4g-gra,LABIAL DAPHNEx4g GRA,Title,Default Title,0005731
pestanina-daphnex12m,PESTANINA DAPHNEx12m,Title,Default Title,0005733
polvo-diorx10g-f-nat,POLVO DIORx10g F/NAT,Title,Default Title,0005734
agua-micelar-soskinx,AGUA MICELAR SOSKINx,Title,Default Title,0005746
gel-fac-soskinx250ml,GEL FAC SOSKINx250ml,Title,Default Title,0005747
gel-fac-soskinx250ml-1,GEL FAC SOSKINx250ml,Title,Default Title,0005749
bloq-soskinx50ml-fac,BLOQ SOSKINx50ml FAC,Title,Default Title,0005753
bloq-soskinx50ml-fac-1,BLOQ SOSKINx50ml FAC,Title,Default Title,0005756
bloq-soskinx50ml-fac-2,BLOQ SOSKINx50ml FAC,Title,Default Title,0005757
gel-fac-soskinx40ml,GEL FAC SOSKINx40ml,Title,Default Title,0005758
crema-fac-soskinx50m-1,CREMA FAC SOSKINx50m,Title,Default Title,0005759
crema-fac-soskinx40m,CREMA FAC SOSKINx40m,Title,Default Title,0005760
shamp-schwarzkopfx30-11,SHAMP SCHWARZKOPFx30,Title,Default Title,0005764
potenciador-schwarzk-5,POTENCIADOR SCHWARZK,Title,Default Title,0005765
potenciador-schwarzk-6,POTENCIADOR SCHWARZK,Title,Default Title,0005766
masc-cap-schwarzkopf-8,MASC CAP SCHWARZKOPF,Title,Default Title,0005767
masc-cap-schwarzkopf-9,MASC CAP SCHWARZKOPF,Title,Default Title,0005769
masc-cap-schwarzkopf-10,MASC CAP SCHWARZKOPF,Title,Default Title,0005770
ampolleta-cap-schwar,AMPOLLETA CAP SCHWAR,Title,Default Title,0005771
shamp-schwarzkopfx30-13,SHAMP SCHWARZKOPFx30,Title,Default Title,0005774
shamp-schwarzkopfx30-15,SHAMP SCHWARZKOPFx30,Title,Default Title,0005776
potenciador-schwarzk-8,POTENCIADOR SCHWARZK,Title,Default Title,0005777
potenciador-schwarzk-9,POTENCIADOR SCHWARZK,Title,Default Title,0005778
potenciador-schwarzk-10,POTENCIADOR SCHWARZK,Title,Default Title,0005780
agua-perfume-p-hilto,AGUA PERFUME P/HILTO,Title,Default Title,0005793
agua-tocador-hallowe-3,AGUA TOCADOR HALLOWE,Title,Default Title,0005797
agua-perfume-p-raban-34,AGUA PERFUME P/RABAN,Title,Default Title,0005802
agua-tocador-adolfo-3,AGUA TOCADOR ADOLFO/,Title,Default Title,0005805
agua-tocador-adolfo-4,AGUA TOCADOR ADOLFO/,Title,Default Title,0005806
agua-tocador-adolfo-5,AGUA TOCADOR ADOLFO/,Title,Default Title,0005808
agua-tocador-adolfo-6,AGUA TOCADOR ADOLFO/,Title,Default Title,0005809
agua-tocador-c-hx200,AGUA TOCADOR C.Hx200,Title,Default Title,0005811
agua-tocador-adolfo-7,AGUA TOCADOR ADOLFO/,Title,Default Title,0005816
agua-tocador-adolfo-8,AGUA TOCADOR ADOLFO/,Title,Default Title,0005821
bloq-biodermax40ml-c-13,BLOQ BIODERMAx40ml C,Title,Default Title,0005822
agua-perfume-bvlgari-1,AGUA PERFUME BVLGARI,Title,Default Title,0005823
agua-tocador-pepe-je,AGUA TOCADOR PEPE JE,Title,Default Title,0005824
agua-perfume-polox10,AGUA PERFUME POLOx10,Title,Default Title,0005826
agua-perfume-polox10-1,AGUA PERFUME POLOx10,Title,Default Title,0005827
agua-perfume-polox10-2,AGUA PERFUME POLOx10,Title,Default Title,0005828
agua-perfume-polox10-3,AGUA PERFUME POLOx10,Title,Default Title,0005829
splash-polox200ml-bh,SPLASH POLOx200ml BH,Title,Default Title,0005832
splash-polox200ml-bh-1,SPLASH POLOx200ml BH,Title,Default Title,0005833
splash-polox200ml-bh-2,SPLASH POLOx200ml BH,Title,Default Title,0005834
splash-polox200ml-bh-3,SPLASH POLOx200ml BH,Title,Default Title,0005835
agua-perfume-polox10-4,AGUA PERFUME POLOx10,Title,Default Title,0005844
shamp-phytox150ml-ph,SHAMP PHYTOx150ml PH,Title,Default Title,0005846
splash-guessx250ml-1,SPLASH GUESSx250ml 1,Title,Default Title,0005847
splash-guessx250ml-r,SPLASH GUESSx250ml R,Title,Default Title,0005850
splash-guessx250ml-p,SPLASH GUESSx250ml P,Title,Default Title,0005851
agua-perfume-bvlgari-2,AGUA PERFUME BVLGARI,Title,Default Title,0005852
splash-guessx250ml-g,SPLASH GUESSx250ml G,Title,Default Title,0005858
splash-guessx250ml-f,SPLASH GUESSx250ml F,Title,Default Title,0005865
agua-perfume-montbla-4,AGUA PERFUME MONTBLA,Title,Default Title,0005866
agua-perfume-polox10-5,AGUA PERFUME POLOx10,Title,Default Title,0005867
bloq-vichyx50ml-fac-3,BLOQ VICHYx50ml FAC,Title,Default Title,0005872
bloq-vichyx50ml-fac-4,BLOQ VICHYx50ml FAC,Title,Default Title,0005873
bloq-roche-posayx50m-3,BLOQ ROCHE/POSAYx50m,Title,Default Title,0005876
gel-fac-roche-posayx,GEL FAC ROCHE/POSAYx,Title,Default Title,0005878
espuma-fac-ceravex23,ESPUMA FAC CERAVEx23,Title,Default Title,0005884
gel-bano-roche-posay,GEL BANO ROCHE/POSAY,Title,Default Title,0005886
crema-corp-ceravex50,CREMA CORP CERAVEx50,Title,Default Title,0005887
crema-corp-ceravex45,CREMA CORP CERAVEx45,Title,Default Title,0005888
desod-vichyx50ml-min,DESOD VICHYx50ml MIN,Title,Default Title,0005889
desod-vichyx50ml-ant,DESOD VICHYx50ml ANT,Title,Default Title,0005891
desod-vichyx50ml-pie,DESOD VICHYx50ml PIE,Title,Default Title,0005893
crema-corp-ceravex34-1,CREMA CORP CERAVEx34,Title,Default Title,0005896
tinte-inoax60g-7-34r,TINTE INOAx60g 7.34R,Title,Default Title,0005900
delineador-pupax1-1m-2,DELINEADOR PUPAx1.1m,Title,Default Title,0005903
pestanina-pupax9ml-v-2,PESTANINA PUPAx9ml V,Title,Default Title,0005907
pestanina-pupax9ml-v-3,PESTANINA PUPAx9ml V,Title,Default Title,0005910
pestanina-pupax12ml,PESTANINA PUPAx12ml,Title,Default Title,0005911
agua-perfume-h-bossx-11,AGUA PERFUME H/BOSSx,Title,Default Title,0005916
polvo-pupax7-5g-wond-2,POLVO PUPAx7.5g WOND,Title,Default Title,0005920
rubor-pupax4g-004-ex,RUBOR PUPAx4g 004 EX,Title,Default Title,0005922
rubor-pupax4g-001-ex,RUBOR PUPAx4g 001 EX,Title,Default Title,0005925
corrector-pupax3-8ml,CORRECTOR PUPAx3.8ml,Title,Default Title,0005932
corrector-pupax3-8ml-1,CORRECTOR PUPAx3.8ml,Title,Default Title,0005933
corrector-pupax3-8ml-2,CORRECTOR PUPAx3.8ml,Title,Default Title,0005934
labial-liq-pupax4ml-5,LABIAL LIQ PUPAx4ml,Title,Default Title,0005936
polvo-pupax9g-luminy-2,POLVO PUPAx9g LUMINY,Title,Default Title,0005939
polvo-pupax9g-like-d-2,POLVO PUPAx9g LIKE/D,Title,Default Title,0005941
lapiz-cejas-pupax0-0,LAPIZ CEJAS PUPAx0.0,Title,Default Title,0005951
lapiz-lab-pupax1-2g-4,LAPIZ LAB PUPAx1.2g,Title,Default Title,0005957
oxigenta-diactivateu-1,OXIGENTA DIACTIVATEU,Title,Default Title,0005968
shamp-olaplexx178g-4,SHAMP OLAPLEXx178g 4,Title,Default Title,0005973
tonico-fac-genovex25,TONICO FAC GENOVEx25,Title,Default Title,0005980
bloq-uriagex50ml-cor,BLOQ URIAGEx50ml COR,Title,Default Title,0005981
shamp-kerastasex1000-26,SHAMP KERASTASEx1000,Title,Default Title,0005983
acond-kerastasex200m-6,ACOND KERASTASEx200m,Title,Default Title,0005985
tinte-wellax58g-c-to-8,TINTE WELLAx58g C/TO,Title,Default Title,0005991
tinte-t-italyx113g-v,TINTE T/ITALYx113g V,Title,Default Title,0006003
tinte-t-italyx113g-v-3,TINTE T/ITALYx113g V,Title,Default Title,0006006
tinte-t-italyx86g-7n,TINTE T/ITALYx86g 7N,Title,Default Title,0006011
gel-fac-uriagex150ml-1,GEL FAC URIAGEx150ml,Title,Default Title,0006013
tonico-fac-uriagex10,TONICO FAC URIAGEx10,Title,Default Title,0006014
tinte-wellax60ml-c-t-18,TINTE WELLAx60ml C/T,Title,Default Title,0006015
esmalte-belierx13ml-142,ESMALTE BELIERx13ml,Title,Default Title,0006016
oxigenta-diactivateu-2,OXIGENTA DIACTIVATEU,Title,Default Title,0006018
oxigenta-diactivateu-3,OXIGENTA DIACTIVATEU,Title,Default Title,0006019
acces-sodhanaxund-pi-5,ACCES SODHANAxund PI,Title,Default Title,0006023
acces-sodhanaxund-pi-6,ACCES SODHANAxund PI,Title,Default Title,0006026
acces-sodhanaxund-an-17,ACCES SODHANAxund AN,Title,Default Title,0006027
acces-sodhanaxund-pu-1,ACCES SODHANAxund PU,Title,Default Title,0006035
acces-sodhanaxund-ca-13,ACCES SODHANAxund CA,Title,Default Title,0006036
acces-sodhanaxund-ar-37,ACCES SODHANAxund AR,Title,Default Title,0006042
acces-sodhanaxund-ar-38,ACCES SODHANAxund AR,Title,Default Title,0006044
remov-callos-brescia,REMOV CALLOS BRESCIA,Title,Default Title,0006045
remov-esmalte-bresci-2,REMOV ESMALTE BRESCI,Title,Default Title,0006050
acces-sodhanaxund-pu-2,ACCES SODHANAxund PU,Title,Default Title,0006053
acces-sodhanaxund-pi-7,ACCES SODHANAxund PI,Title,Default Title,0006056
acces-sodhanaxund-an-18,ACCES SODHANAxund AN,Title,Default Title,0006058
acces-sodhanaxund-ar-39,ACCES SODHANAxund AR,Title,Default Title,0006060
acces-sodhanaxund-ar-40,ACCES SODHANAxund AR,Title,Default Title,0006061
acces-sodhanaxund-an-19,ACCES SODHANAxund AN,Title,Default Title,0006062
acces-sodhanaxund-an-20,ACCES SODHANAxund AN,Title,Default Title,0006063
acces-sodhanaxund-an-21,ACCES SODHANAxund AN,Title,Default Title,0006064
acces-sodhanaxund-an-22,ACCES SODHANAxund AN,Title,Default Title,0006065
acces-sodhanaxund-pi-8,ACCES SODHANAxund PI,Title,Default Title,0006068
acces-sodhanaxund-ar-41,ACCES SODHANAxund AR,Title,Default Title,0006069
serum-fac-clarinsx30-4,SERUM FAC CLARINSx30,Title,Default Title,0006074
base-clarinsx30ml-mi-1,BASE CLARINSx30ml MI,Title,Default Title,0006084
base-clarinsx30ml-ev-6,BASE CLARINSx30ml EV,Title,Default Title,0006091
base-clarinsx30ml-ev-7,BASE CLARINSx30ml EV,Title,Default Title,0006092
base-clarinsx30ml-ev-8,BASE CLARINSx30ml EV,Title,Default Title,0006094
base-clarinsx30ml-ev-9,BASE CLARINSx30ml EV,Title,Default Title,0006095
base-clarinsx30ml-ev-10,BASE CLARINSx30ml EV,Title,Default Title,0006096
base-clarinsx30ml-ev-11,BASE CLARINSx30ml EV,Title,Default Title,0006097
base-clarinsx30ml-il-1,BASE CLARINSx30ml IL,Title,Default Title,0006099
base-clarinsx30ml-il-3,BASE CLARINSx30ml IL,Title,Default Title,0006101
base-clarinsx30ml-il-5,BASE CLARINSx30ml IL,Title,Default Title,0006105
polvo-clarinsx10g-e-2,POLVO CLARINSx10g E/,Title,Default Title,0006108
agua-perfume-elie-sa-4,AGUA PERFUME ELIE SA,Title,Default Title,0006121
agua-tocador-issey-m-8,AGUA TOCADOR ISSEY M,Title,Default Title,0006124
agua-tocador-issey-m-9,AGUA TOCADOR ISSEY M,Title,Default Title,0006125
agua-perfume-mancera-23,AGUA PERFUME MANCERA,Title,Default Title,0006135
agua-tocador-victori,AGUA TOCADOR VICTORI,Title,Default Title,0006147
kit-cap-moroccanoilx-6,KIT CAP MOROCCANOILx,Title,Default Title,0006151
lapiz-lab-diorx1-2g,LAPIZ LAB DIORx1.2g,Title,Default Title,0006152
polvo-diorx10g-forev,POLVO DIORx10g FOREV,Title,Default Title,0006154
agua-perfume-diorx60,AGUA PERFUME DIORx60,Title,Default Title,0006166
agua-perfume-diorx10-5,AGUA PERFUME DIORx10,Title,Default Title,0006170
agua-tocador-diorx10-9,AGUA TOCADOR DIORx10,Title,Default Title,0006173
base-diorx50ml-backs-13,BASE DIORx50ml BACKS,Title,Default Title,0006175
labial-diorx3-5g-rou,LABIAL DIORx3.5g ROU,Title,Default Title,0006176
bloq-isdinx50ml-fac-5,BLOQ ISDINx50ml FAC,Title,Default Title,0006191
tonico-corp-isdinx15,TONICO CORP ISDINx15,Title,Default Title,0006192
crema-corp-isdinx250,CREMA CORP ISDINx250,Title,Default Title,0006194
tonico-cap-isdinx125,TONICO CAP ISDINx125,Title,Default Title,0006197
ampolleta-cap-alfapa-4,AMPOLLETA CAP ALFAPA,Title,Default Title,0006201
serum-cap-sebastianx-1,SERUM CAP SEBASTIANx,Title,Default Title,0006203
termoprotector-schwa-1,TERMOPROTECTOR SCHWA,Title,Default Title,0006208
masc-cap-kerastasex2-23,MASC CAP KERASTASEx2,Title,Default Title,0006210
perfume-al-haramainx-9,PERFUME AL HARAMAINx,Title,Default Title,0006216
perfume-al-haramainx-10,PERFUME AL HARAMAINx,Title,Default Title,0006217
perfume-al-haramainx-12,PERFUME AL HARAMAINx,Title,Default Title,0006219
perfume-al-haramainx-16,PERFUME AL HARAMAINx,Title,Default Title,0006226
perfume-al-haramainx-17,PERFUME AL HARAMAINx,Title,Default Title,0006227
perfume-orienticax80,PERFUME ORIENTICAx80,Title,Default Title,0006238
crema-cuticula-maval,CREMA CUTICULA MAVAL,Title,Default Title,0006248
esmalte-mavalax10ml-1,ESMALTE MAVALAx10ml,Title,Default Title,0006249
esmalte-mavalax10ml-2,ESMALTE MAVALAx10ml,Title,Default Title,0006250
crema-unas-mavalax15-1,CREMA UNAS MAVALAx15,Title,Default Title,0006252
trata-cejas-mavalax1,TRATA CEJAS MAVALAx1,Title,Default Title,0006256
crema-corp-mavalax30,CREMA CORP MAVALAx30,Title,Default Title,0006257
termoprotector-moroc-1,TERMOPROTECTOR MOROC,Title,Default Title,0006261
kit-cap-alfaparfx3un-1,KIT CAP ALFAPARFx3un,Title,Default Title,0006263
kit-cap-alfaparfx3un-2,KIT CAP ALFAPARFx3un,Title,Default Title,0006265
serum-cap-sebastianx-2,SERUM CAP SEBASTIANx,Title,Default Title,0006271
serum-fac-uriagex30m,SERUM FAC URIAGEx30m,Title,Default Title,0006283
espuma-fac-dhemsx160,ESPUMA FAC DHEMSx160,Title,Default Title,0006286
gel-fac-biodermax200-3,GEL FAC BIODERMAx200,Title,Default Title,0006358
acces-sodhanaxund-pi-9,ACCES SODHANAxund PI,Title,Default Title,0006359
acond-davinesx1000ml-5,ACOND DAVINESx1000ml,Title,Default Title,0006366
kit-cap-moroccanoilx-7,KIT CAP MOROCCANOILx,Title,Default Title,0006368
trata-cap-moroccanoi-5,TRATA CAP MOROCCANOI,Title,Default Title,0006369
kit-corp-overturexun,KIT CORP OVERTURExun,Title,Default Title,0006377
tinte-lorealx50g-dia-19,TINTE LOREALx50g DIA,Title,Default Title,0006381
shamp-kerastasex1000-27,SHAMP KERASTASEx1000,Title,Default Title,0006382
palos-naranjo-cristy,PALOS NARANJO CRISTY,Title,Default Title,0006385
agua-tocador-d-gx50m-1,AGUA TOCADOR D&Gx50m,Title,Default Title,0006388
agua-tocador-loewex1-4,AGUA TOCADOR LOEWEx1,Title,Default Title,0006396
agua-tocador-d-gx100,AGUA TOCADOR D&Gx100,Title,Default Title,0006401
splash-p-hiltonx236m,SPLASH P/HILTONx236m,Title,Default Title,0006402
agua-perfume-giorgio-8,AGUA PERFUME GIORGIO,Title,Default Title,0006411
agua-tocador-guerlai-6,AGUA TOCADOR GUERLAI,Title,Default Title,0006413
agua-perfume-muglerx-1,AGUA PERFUME MUGLERx,Title,Default Title,0006418
agua-perfume-creedx7-1,AGUA PERFUME CREEDx7,Title,Default Title,0006427
agua-perfume-creedx7-2,AGUA PERFUME CREEDx7,Title,Default Title,0006428
agua-perfume-p-hilto-1,AGUA PERFUME P/HILTO,Title,Default Title,0006430
agua-tocador-hallowe-4,AGUA TOCADOR HALLOWE,Title,Default Title,0006436
splash-j-lopezx240ml,SPLASH J/LOPEZx240ml,Title,Default Title,0006437
splash-j-lopezx240ml-1,SPLASH J/LOPEZx240ml,Title,Default Title,0006438
splash-j-lopezx240ml-2,SPLASH J/LOPEZx240ml,Title,Default Title,0006439
agua-perfume-givench-4,AGUA PERFUME GIVENCH,Title,Default Title,0006443
agua-perfume-givench-5,AGUA PERFUME GIVENCH,Title,Default Title,0006446
agua-tocador-d-gx100-1,AGUA TOCADOR D&Gx100,Title,Default Title,0006448
agua-perfume-d-gx100-3,AGUA PERFUME D&Gx100,Title,Default Title,0006449
agua-perfume-d-gx100-4,AGUA PERFUME D&Gx100,Title,Default Title,0006450
agua-perfume-giorgio-10,AGUA PERFUME GIORGIO,Title,Default Title,0006453
agua-perfume-giorgio-11,AGUA PERFUME GIORGIO,Title,Default Title,0006454
agua-perfume-giorgio-12,AGUA PERFUME GIORGIO,Title,Default Title,0006456
agua-perfume-giorgio-13,AGUA PERFUME GIORGIO,Title,Default Title,0006458
splash-j-lopezx240ml-3,SPLASH J/LOPEZx240ml,Title,Default Title,0006460
agua-tocador-d-gx100-2,AGUA TOCADOR D&Gx100,Title,Default Title,0006462
agua-tocador-tommy-h,AGUA TOCADOR TOMMY/H,Title,Default Title,0006469
agua-perfume-tommy-h,AGUA PERFUME TOMMY/H,Title,Default Title,0006470
agua-tocador-hallowe-5,AGUA TOCADOR HALLOWE,Title,Default Title,0006473
labial-givenchyx2-8g,LABIAL GIVENCHYx2.8g,Title,Default Title,0006487
gel-corp-sesdermax50,GEL CORP SESDERMAx50,Title,Default Title,0006489
kit-fac-sesdermax2un,KIT FAC SESDERMAx2un,Title,Default Title,0006491
kit-perf-p-rabannex2,KIT PERF P/RABANNEx2,Title,Default Title,0006496
crema-fac-genovex20m,CREMA FAC GENOVEx20m,Title,Default Title,0006530
leche-corp-dr-serran,LECHE CORP DR.SERRAN,Title,Default Title,0006546
crema-fac-dr-serrano,CREMA FAC DR.SERRANO,Title,Default Title,0006548
crema-fac-dr-serrano-1,CREMA FAC DR.SERRANO,Title,Default Title,0006549
crema-fac-dr-serrano-2,CREMA FAC DR.SERRANO,Title,Default Title,0006550
serum-fac-dr-serrano,SERUM FAC DR.SERRANO,Title,Default Title,0006555
serum-fac-dr-serrano-1,SERUM FAC DR.SERRANO,Title,Default Title,0006556
cepillo-wet-brushxun,CEPILLO WET/BRUSHxun,Title,Default Title,0006565
esmalte-belierx13ml-145,ESMALTE BELIERx13ml,Title,Default Title,0006583
esmalte-belierx13ml-147,ESMALTE BELIERx13ml,Title,Default Title,0006585
esmalte-belierx13ml-148,ESMALTE BELIERx13ml,Title,Default Title,0006586
esmalte-belierx13ml-150,ESMALTE BELIERx13ml,Title,Default Title,0006589
esmalte-belierx13ml-151,ESMALTE BELIERx13ml,Title,Default Title,0006590
esmalte-belierx13ml-152,ESMALTE BELIERx13ml,Title,Default Title,0006591
esmalte-belierx13ml-157,ESMALTE BELIERx13ml,Title,Default Title,0006596
esmalte-belierx13ml-159,ESMALTE BELIERx13ml,Title,Default Title,0006599
esmalte-belierx13ml-163,ESMALTE BELIERx13ml,Title,Default Title,0006608
esmalte-belierx13ml-165,ESMALTE BELIERx13ml,Title,Default Title,0006611
esmalte-belierx13ml-167,ESMALTE BELIERx13ml,Title,Default Title,0006613
esmalte-belierx13ml-168,ESMALTE BELIERx13ml,Title,Default Title,0006614
brillo-lab-daphnex12,BRILLO LAB DAPHNEx12,Title,Default Title,0006615
acond-benvoleox275ml,ACOND BENVOLEOx275ml,Title,Default Title,0006625
shamp-benvoleox200ml,SHAMP BENVOLEOx200ml,Title,Default Title,0006626
masc-cap-benvoleox25,MASC CAP BENVOLEOx25,Title,Default Title,0006627
shamp-benvoleox450ml,SHAMP BENVOLEOx450ml,Title,Default Title,0006628
masc-cap-benvoleox45,MASC CAP BENVOLEOx45,Title,Default Title,0006629
acond-benvoleox200ml,ACOND BENVOLEOx200ml,Title,Default Title,0006630
termoprotector-benvo,TERMOPROTECTOR BENVO,Title,Default Title,0006631
trata-cap-benvoleox2,TRATA CAP BENVOLEOx2,Title,Default Title,0006632
shamp-benvoleox150ml,SHAMP BENVOLEOx150ml,Title,Default Title,0006633
trata-cap-benvoleox1,TRATA CAP BENVOLEOx1,Title,Default Title,0006635
gafas-versacexund-ov-8,GAFAS VERSACExund OV,Title,Default Title,0006662
shamp-wellax1000ml-u,SHAMP WELLAx1000ml U,Title,Default Title,0006698
acond-wellax500ml-ul,ACOND WELLAx500ml UL,Title,Default Title,0006700
espuma-fac-sensilisx-1,ESPUMA FAC SENSILISx,Title,Default Title,0006710
crema-fac-sensilisx3,CREMA FAC SENSILISx3,Title,Default Title,0006711
serum-fac-sensilisx3-1,SERUM FAC SENSILISx3,Title,Default Title,0006712
serum-fac-endocarex3-2,SERUM FAC ENDOCAREx3,Title,Default Title,0006716
serum-fac-endocarex3-3,SERUM FAC ENDOCAREx3,Title,Default Title,0006717
kit-fac-uriagex2und,KIT FAC URIAGEx2und,Title,Default Title,0006718
labial-liq-pupax4ml-6,LABIAL LIQ PUPAx4ml,Title,Default Title,0006719
labial-pupax3-5g-im-6,LABIAL PUPAx3.5g IM,Title,Default Title,0006721
labial-liq-pupax4ml-7,LABIAL LIQ PUPAx4ml,Title,Default Title,0006722
tonico-corp-ceravex2,TONICO CORP CERAVEx2,Title,Default Title,0006723
tonico-fac-ceravex52,TONICO FAC CERAVEx52,Title,Default Title,0006728
tonico-fac-ceravex52-1,TONICO FAC CERAVEx52,Title,Default Title,0006729
crema-fac-vichyx15ml,CREMA FAC VICHYx15ml,Title,Default Title,0006731
espuma-fac-vichyx150,ESPUMA FAC VICHYx150,Title,Default Title,0006733
acond-dercosx200ml-f,ACOND DERCOSx200ml F,Title,Default Title,0006736
agua-termal-vichyx15,AGUA TERMAL VICHYx15,Title,Default Title,0006738
serum-fac-roche-posa-2,SERUM FAC ROCHE/POSA,Title,Default Title,0006740
kit-cap-davinesx3und,KIT CAP DAVINESx3und,Title,Default Title,0006744
crema-fac-eucerinx15-3,CREMA FAC EUCERINx15,Title,Default Title,0006781
bloq-eucerinx50ml-fa-10,BLOQ EUCERINx50ml FA,Title,Default Title,0006782
serum-fac-lancomex75,SERUM FAC LANCOMEx75,Title,Default Title,0006801
desmaq-lancomex125ml,DESMAQ LANCOMEx125ml,Title,Default Title,0006802
kit-maq-lancomex4und,KIT MAQ LANCOMEx4und,Title,Default Title,0006804
base-lancomex30ml-t,BASE LANCOMEx30ml T/,Title,Default Title,0006809
base-lancomex30ml-t-1,BASE LANCOMEx30ml T/,Title,Default Title,0006810
gel-fac-lancomex125m,GEL FAC LANCOMEx125m,Title,Default Title,0006820
desod-lancomex50ml-b,DESOD LANCOMEx50ml B,Title,Default Title,0006821
corrector-lancomex13,CORRECTOR LANCOMEx13,Title,Default Title,0006822
agua-perfume-versace-3,AGUA PERFUME VERSACE,Title,Default Title,0006823
agua-perfume-polox12,AGUA PERFUME POLOx12,Title,Default Title,0006824
agua-perfume-d-gx50m-11,AGUA PERFUME D&Gx50m,Title,Default Title,0006826
agua-perfume-d-gx100-5,AGUA PERFUME D&Gx100,Title,Default Title,0006827
agua-perfume-polox75,AGUA PERFUME POLOx75,Title,Default Title,0006828
agua-perfume-polox12-1,AGUA PERFUME POLOx12,Title,Default Title,0006829
agua-tocador-polox12-1,AGUA TOCADOR POLOx12,Title,Default Title,0006830
agua-perfume-viktor-3,AGUA PERFUME VIKTOR&,Title,Default Title,0006831
corrector-guerlainx2,CORRECTOR GUERLAINx2,Title,Default Title,0006858
corrector-guerlainx2-1,CORRECTOR GUERLAINx2,Title,Default Title,0006859
delineador-guerlainx,DELINEADOR GUERLAINx,Title,Default Title,0006860
pestanina-guerlainx8,PESTANINA GUERLAINx8,Title,Default Title,0006861
desmaq-guerlainx125m,DESMAQ GUERLAINx125m,Title,Default Title,0006862
labial-guerlainx3-2g,LABIAL GUERLAINx3.2g,Title,Default Title,0006863
polvo-guerlainx25g-2,POLVO GUERLAINx25g 2,Title,Default Title,0006864
polvo-guerlainx25g-3,POLVO GUERLAINx25g 3,Title,Default Title,0006865
polvo-guerlainx25g-4,POLVO GUERLAINx25g 4,Title,Default Title,0006866
labial-givenchyx2-8g-1,LABIAL GIVENCHYx2.8g,Title,Default Title,0006867
labial-givenchyx2-8g-2,LABIAL GIVENCHYx2.8g,Title,Default Title,0006869
labial-givenchyx2-8g-3,LABIAL GIVENCHYx2.8g,Title,Default Title,0006870
labial-givenchyx2-8g-4,LABIAL GIVENCHYx2.8g,Title,Default Title,0006871
corrector-givenchyx1,CORRECTOR GIVENCHYx1,Title,Default Title,0006872
pestanina-lancomex10-2,PESTANINA LANCOMEx10,Title,Default Title,0006880
delineador-lancomex1,DELINEADOR LANCOMEx1,Title,Default Title,0006881
pestanina-lancomex8m-1,PESTANINA LANCOMEx8m,Title,Default Title,0006882
serum-fac-lancomex50-1,SERUM FAC LANCOMEx50,Title,Default Title,0006884
base-lancomex30ml-t-2,BASE LANCOMEx30ml T/,Title,Default Title,0006885
labial-lancomex3-4g-8,LABIAL LANCOMEx3.4g,Title,Default Title,0006887
base-lancomex30ml-t-3,BASE LANCOMEx30ml T/,Title,Default Title,0006888
base-lancomex30ml-t-4,BASE LANCOMEx30ml T/,Title,Default Title,0006890
crema-fac-lancomex50-1,CREMA FAC LANCOMEx50,Title,Default Title,0006891
serum-fac-lancomex30-1,SERUM FAC LANCOMEx30,Title,Default Title,0006892
sombra-lancomex4g-hy-1,SOMBRA LANCOMEx4g HY,Title,Default Title,0006894
base-lancomex30ml-t-5,BASE LANCOMEx30ml T/,Title,Default Title,0006902
base-lancomex30ml-t-6,BASE LANCOMEx30ml T/,Title,Default Title,0006905
serum-fac-lancomex20,SERUM FAC LANCOMEx20,Title,Default Title,0006906
crema-fac-lancomex15,CREMA FAC LANCOMEx15,Title,Default Title,0006908
crema-fac-lancomex15-1,CREMA FAC LANCOMEx15,Title,Default Title,0006909
crema-fac-lancomex50-2,CREMA FAC LANCOMEx50,Title,Default Title,0006910
crema-fac-lancomex15-2,CREMA FAC LANCOMEx15,Title,Default Title,0006911
crema-fac-lancomex20,CREMA FAC LANCOMEx20,Title,Default Title,0006912
base-guerlainx30ml-l,BASE GUERLAINx30ml L,Title,Default Title,0006914
base-lancomex30ml-t-7,BASE LANCOMEx30ml T/,Title,Default Title,0006915
estuche-guerlainxund,ESTUCHE GUERLAINxund,Title,Default Title,0006916
estuche-guerlainxund-1,ESTUCHE GUERLAINxund,Title,Default Title,0006919
gafas-burberryxund-o-2,GAFAS BURBERRYxund O,Title,Default Title,0006924
shamp-uriagex500ml-d,SHAMP URIAGEx500ml D,Title,Default Title,0006925
crema-fac-endocarex5,CREMA FAC ENDOCAREx5,Title,Default Title,0006926
crema-fac-uriagex40m-2,CREMA FAC URIAGEx40m,Title,Default Title,0006927
emulsion-facial-uria,EMULSION FACIAL URIA,Title,Default Title,0006928
serum-fac-uriagex40m,SERUM FAC URIAGEx40m,Title,Default Title,0006929
leche-corp-uriagex50,LECHE CORP URIAGEx50,Title,Default Title,0006930
acces-sodhanaxund-an-23,ACCES SODHANAxund AN,Title,Default Title,0006931
acces-sodhanaxund-an-24,ACCES SODHANAxund AN,Title,Default Title,0006932
acces-sodhanaxund-an-25,ACCES SODHANAxund AN,Title,Default Title,0006933
acces-sodhanaxund-an-26,ACCES SODHANAxund AN,Title,Default Title,0006934
acces-sodhanaxund-an-27,ACCES SODHANAxund AN,Title,Default Title,0006935
acces-sodhanaxund-an-28,ACCES SODHANAxund AN,Title,Default Title,0006936
acces-sodhanaxund-an-29,ACCES SODHANAxund AN,Title,Default Title,0006937
acces-sodhanaxund-an-30,ACCES SODHANAxund AN,Title,Default Title,0006938
acces-sodhanaxund-an-31,ACCES SODHANAxund AN,Title,Default Title,0006939
acces-sodhanaxund-an-32,ACCES SODHANAxund AN,Title,Default Title,0006940
acces-sodhanaxund-an-33,ACCES SODHANAxund AN,Title,Default Title,0006941
acces-sodhanaxund-an-34,ACCES SODHANAxund AN,Title,Default Title,0006942
acces-sodhanaxund-an-35,ACCES SODHANAxund AN,Title,Default Title,0006943
acces-sodhanaxund-an-36,ACCES SODHANAxund AN,Title,Default Title,0006944
acces-sodhanaxund-an-37,ACCES SODHANAxund AN,Title,Default Title,0006945
acces-sodhanaxund-an-38,ACCES SODHANAxund AN,Title,Default Title,0006947
acces-sodhanaxund-an-39,ACCES SODHANAxund AN,Title,Default Title,0006949
acces-sodhanaxund-an-40,ACCES SODHANAxund AN,Title,Default Title,0006950
acces-sodhanaxund-an-41,ACCES SODHANAxund AN,Title,Default Title,0006951
gel-fac-sesdermax50m-8,GEL FAC SESDERMAx50m,Title,Default Title,0006953
crema-fac-dr-serrano-4,CREMA FAC DR.SERRANO,Title,Default Title,0006954
kit-cap-moroccanoilx-9,KIT CAP MOROCCANOILx,Title,Default Title,0006955
kit-cap-moroccanoilx-10,KIT CAP MOROCCANOILx,Title,Default Title,0006956
kit-cap-moroccanoilx-11,KIT CAP MOROCCANOILx,Title,Default Title,0006957
esmalte-belierx13ml-169,ESMALTE BELIERx13ml,Title,Default Title,0006959
exfol-corp-belierx12-2,EXFOL CORP BELIERx12,Title,Default Title,0006960
shamp-saphirax93ml-d,SHAMP SAPHIRAx93ml D,Title,Default Title,0006961
acces-sodhanaxund-pu-3,ACCES SODHANAxund PU,Title,Default Title,0006962
acces-sodhanaxund-ar-42,ACCES SODHANAxund AR,Title,Default Title,0006964
acces-sodhanaxund-pi-10,ACCES SODHANAxund PI,Title,Default Title,0006965
acces-sodhanaxund-ar-43,ACCES SODHANAxund AR,Title,Default Title,0006968
acces-sodhanaxund-pi-11,ACCES SODHANAxund PI,Title,Default Title,0006969
acces-sodhanaxund-ar-44,ACCES SODHANAxund AR,Title,Default Title,0006970
acces-sodhanaxund-pi-12,ACCES SODHANAxund PI,Title,Default Title,0006971
acces-sodhanaxund-pi-13,ACCES SODHANAxund PI,Title,Default Title,0006972
acces-sodhanaxund-pi-14,ACCES SODHANAxund PI,Title,Default Title,0006975
shamp-schwarzkopfx25-1,SHAMP SCHWARZKOPFx25,Title,Default Title,0006976
shamp-schwarzkopfx25-2,SHAMP SCHWARZKOPFx25,Title,Default Title,0006978
acces-sodhanaxund-pi-15,ACCES SODHANAxund PI,Title,Default Title,0006980
acces-sodhanaxund-ar-45,ACCES SODHANAxund AR,Title,Default Title,0006981
acces-sodhanaxund-pi-16,ACCES SODHANAxund PI,Title,Default Title,0006982
acces-sodhanaxund-ar-46,ACCES SODHANAxund AR,Title,Default Title,0006983
acces-sodhanaxund-pi-17,ACCES SODHANAxund PI,Title,Default Title,0006984
acces-sodhanaxund-pi-18,ACCES SODHANAxund PI,Title,Default Title,0006985
acces-sodhanaxund-pi-19,ACCES SODHANAxund PI,Title,Default Title,0006987
acces-sodhanaxund-pi-20,ACCES SODHANAxund PI,Title,Default Title,0006988
acces-sodhanaxund-ar-47,ACCES SODHANAxund AR,Title,Default Title,0006991
acces-sodhanaxund-pi-21,ACCES SODHANAxund PI,Title,Default Title,0006993
acces-sodhanaxund-ar-48,ACCES SODHANAxund AR,Title,Default Title,0006995
acces-sodhanaxund-pi-22,ACCES SODHANAxund PI,Title,Default Title,0007000
shamp-lorealx300ml-s,SHAMP LOREALx300ml S,Title,Default Title,0007001
acces-sodhanaxund-ar-49,ACCES SODHANAxund AR,Title,Default Title,0007002
masc-cap-lorealx500m-4,MASC CAP LOREALx500m,Title,Default Title,0007004
acces-sodhanaxund-ar-50,ACCES SODHANAxund AR,Title,Default Title,0007009
acces-sodhanaxund-ar-51,ACCES SODHANAxund AR,Title,Default Title,0007010
masc-cap-lorealx250m-4,MASC CAP LOREALx250m,Title,Default Title,0007016
acces-sodhanaxund-ar-52,ACCES SODHANAxund AR,Title,Default Title,0007017
masc-cap-lorealx500m-5,MASC CAP LOREALx500m,Title,Default Title,0007018
acces-sodhanaxund-ar-53,ACCES SODHANAxund AR,Title,Default Title,0007019
acces-sodhanaxund-ar-54,ACCES SODHANAxund AR,Title,Default Title,0007020
acces-sodhanaxund-ar-55,ACCES SODHANAxund AR,Title,Default Title,0007022
acces-sodhanaxund-ar-56,ACCES SODHANAxund AR,Title,Default Title,0007027
acces-sodhanaxund-ar-57,ACCES SODHANAxund AR,Title,Default Title,0007029
acces-sodhanaxund-an-42,ACCES SODHANAxund AN,Title,Default Title,0007034
acces-sodhanaxund-an-43,ACCES SODHANAxund AN,Title,Default Title,0007035
acces-sodhanaxund-an-44,ACCES SODHANAxund AN,Title,Default Title,0007036
acces-sodhanaxund-an-45,ACCES SODHANAxund AN,Title,Default Title,0007037
acces-sodhanaxund-an-46,ACCES SODHANAxund AN,Title,Default Title,0007038
acces-sodhanaxund-ca-14,ACCES SODHANAxund CA,Title,Default Title,0007039
acces-sodhanaxund-ca-15,ACCES SODHANAxund CA,Title,Default Title,0007040
acces-sodhanaxund-ca-16,ACCES SODHANAxund CA,Title,Default Title,0007041
acces-sodhanaxund-ca-17,ACCES SODHANAxund CA,Title,Default Title,0007042
acces-sodhanaxund-ca-18,ACCES SODHANAxund CA,Title,Default Title,0007043
acces-sodhanaxund-c-4,ACCES SODHANAxund C/,Title,Default Title,0007049
shamp-saphirax250ml,SHAMP SAPHIRAx250ml,Title,Default Title,0007052
crema-peinar-tigix85,CREMA PEINAR TIGIx85,Title,Default Title,0007054
cera-cap-tigix7g-man,CERA CAP TIGIx7g MAN,Title,Default Title,0007055
gel-cap-tigix250ml-f,GEL CAP TIGIx250ml F,Title,Default Title,0007056
acond-saphirax250ml,ACOND SAPHIRAx250ml,Title,Default Title,0007071
masc-cap-saphirax90m,MASC CAP SAPHIRAx90m,Title,Default Title,0007072
laca-saphirax221ml-d,LACA SAPHIRAx221ml D,Title,Default Title,0007076
agua-perfume-h-bossx-13,AGUA PERFUME H/BOSSx,Title,Default Title,0007079
agua-perfume-h-bossx-14,AGUA PERFUME H/BOSSx,Title,Default Title,0007080
agua-perfume-jacques,AGUA PERFUME JACQUES,Title,Default Title,0007084
agua-perfume-perry-e,AGUA PERFUME PERRY E,Title,Default Title,0007086
labial-pupax3-5ml-vo-7,LABIAL PUPAx3.5ml VO,Title,Default Title,0007087
labial-pupax3-5ml-vo-8,LABIAL PUPAx3.5ml VO,Title,Default Title,0007088
labial-pupax3-5ml-vo-9,LABIAL PUPAx3.5ml VO,Title,Default Title,0007089
labial-pupax3-5ml-vo-10,LABIAL PUPAx3.5ml VO,Title,Default Title,0007090
labial-liq-pupax5ml-3,LABIAL LIQ PUPAx5ml,Title,Default Title,0007091
labial-liq-pupax5ml-4,LABIAL LIQ PUPAx5ml,Title,Default Title,0007094
tinte-t-italyx86g-6n,TINTE T/ITALYx86g 6N,Title,Default Title,0007095
labial-liq-pupax4ml-8,LABIAL LIQ PUPAx4ml,Title,Default Title,0007096
base-pupax30ml-fluid,BASE PUPAx30ml FLUID,Title,Default Title,0007097
base-pupax30ml-fluid-1,BASE PUPAx30ml FLUID,Title,Default Title,0007098
base-pupax30ml-fluid-2,BASE PUPAx30ml FLUID,Title,Default Title,0007099
base-pupax30ml-fluid-3,BASE PUPAx30ml FLUID,Title,Default Title,0007101
base-pupax30ml-fluid-4,BASE PUPAx30ml FLUID,Title,Default Title,0007103
rubor-pupax4g-006-wo,RUBOR PUPAx4g 006 WO,Title,Default Title,0007114
rubor-pupax4g-004-wo,RUBOR PUPAx4g 004 WO,Title,Default Title,0007120
rubor-pupax4g-001-wo,RUBOR PUPAx4g 001 WO,Title,Default Title,0007122
rubor-pupax4g-007-wo,RUBOR PUPAx4g 007 WO,Title,Default Title,0007123
delineador-pupax0-55,DELINEADOR PUPAx0.35,Title,Default Title,0007128
delineador-pupax0-56,DELINEADOR PUPAx0.35,Title,Default Title,0007129
delineador-pupax0-57,DELINEADOR PUPAx0.35,Title,Default Title,0007131
delineador-pupax0-58,DELINEADOR PUPAx0.35,Title,Default Title,0007133
delineador-pupax0-59,DELINEADOR PUPAx0.35,Title,Default Title,0007135
delineador-pupax0-60,DELINEADOR PUPAx0.35,Title,Default Title,0007138
delineador-pupax0-61,DELINEADOR PUPAx0.35,Title,Default Title,0007140
delineador-pupax0-62,DELINEADOR PUPAx0.35,Title,Default Title,0007141
delineador-pupax0-63,DELINEADOR PUPAx0.35,Title,Default Title,0007142
delineador-pupax0-64,DELINEADOR PUPAx0.35,Title,Default Title,0007143
delineador-pupax0-65,DELINEADOR PUPAx0.35,Title,Default Title,0007144
delineador-pupax0-66,DELINEADOR PUPAx0.35,Title,Default Title,0007145
delineador-pupax0-67,DELINEADOR PUPAx0.35,Title,Default Title,0007146
delineador-pupax0-68,DELINEADOR PUPAx0.35,Title,Default Title,0007148
delineador-pupax0-69,DELINEADOR PUPAx0.35,Title,Default Title,0007149
delineador-pupax0-70,DELINEADOR PUPAx0.35,Title,Default Title,0007152
delineador-pupax0-71,DELINEADOR PUPAx0.35,Title,Default Title,0007153
delineador-pupax0-72,DELINEADOR PUPAx0.35,Title,Default Title,0007154
delineador-pupax0-73,DELINEADOR PUPAx0.35,Title,Default Title,0007158
delineador-pupax0-74,DELINEADOR PUPAx0.35,Title,Default Title,0007160
delineador-pupax0-75,DELINEADOR PUPAx0.35,Title,Default Title,0007161
delineador-pupax0-76,DELINEADOR PUPAx0.35,Title,Default Title,0007162
delineador-pupax0-77,DELINEADOR PUPAx0.35,Title,Default Title,0007163
delineador-pupax0-78,DELINEADOR PUPAx0.35,Title,Default Title,0007166
gafas-versacexund-ov-9,GAFAS VERSACExund OV,Title,Default Title,0007182
jabon-fac-sesdermax2,JABON FAC SESDERMAx2,Title,Default Title,0007183
termoprotector-olapl,TERMOPROTECTOR OLAPL,Title,Default Title,0007195
ampolleta-cap-nioxin,AMPOLLETA CAP NIOXIN,Title,Default Title,0007196
serum-cap-kerastasex-18,SERUM CAP KERASTASEx,Title,Default Title,0007202
tinte-inoax60g-10,TINTE INOAx60g 10,Title,Default Title,0007203
bloq-kiehlsx50ml-cor,BLOQ KIEHLSx50ml COR,Title,Default Title,0007204
serum-fac-kiehlsx100,SERUM FAC KIEHLSx100,Title,Default Title,0007205
bloq-kiehlsx60ml-cor,BLOQ KIEHLSx60ml COR,Title,Default Title,0007206
serum-fac-kiehlsx30m,SERUM FAC KIEHLSx30m,Title,Default Title,0007208
serum-fac-kiehlsx50m,SERUM FAC KIEHLSx50m,Title,Default Title,0007209
serum-fac-kiehlsx30m-1,SERUM FAC KIEHLSx30m,Title,Default Title,0007212
serum-fac-kiehlsx30m-2,SERUM FAC KIEHLSx30m,Title,Default Title,0007214
serum-fac-kiehlsx30m-3,SERUM FAC KIEHLSx30m,Title,Default Title,0007217
crema-fac-kiehlsx15m,CREMA FAC KIEHLSx15m,Title,Default Title,0007219
serum-fac-kiehlsx15m,SERUM FAC KIEHLSx15m,Title,Default Title,0007220
crema-fac-kiehlsx15m-1,CREMA FAC KIEHLSx15m,Title,Default Title,0007221
crema-fac-kiehlsx30m,CREMA FAC KIEHLSx30m,Title,Default Title,0007222
crema-fac-kiehlsx50m,CREMA FAC KIEHLSx50m,Title,Default Title,0007223
crema-fac-kiehlsx50m-1,CREMA FAC KIEHLSx50m,Title,Default Title,0007224
crema-fac-kiehlsx50m-2,CREMA FAC KIEHLSx50m,Title,Default Title,0007225
crema-fac-kiehlsx50m-3,CREMA FAC KIEHLSx50m,Title,Default Title,0007226
crema-fac-kiehlsx100,CREMA FAC KIEHLSx100,Title,Default Title,0007227
crema-fac-kiehlsx14m,CREMA FAC KIEHLSx14m,Title,Default Title,0007228
crema-fac-kiehlsx28m,CREMA FAC KIEHLSx28m,Title,Default Title,0007229
masc-fac-kiehlsx100m,MASC FAC KIEHLSx100m,Title,Default Title,0007230
crema-fac-kiehlsx125,CREMA FAC KIEHLSx125,Title,Default Title,0007231
crema-fac-kiehlsx50m-4,CREMA FAC KIEHLSx50m,Title,Default Title,0007232
labial-givenchyx2-8g-5,LABIAL GIVENCHYx2.8g,Title,Default Title,0007233
labial-liq-givenchyx,LABIAL LIQ GIVENCHYx,Title,Default Title,0007234
labial-liq-givenchyx-1,LABIAL LIQ GIVENCHYx,Title,Default Title,0007235
labial-liq-givenchyx-2,LABIAL LIQ GIVENCHYx,Title,Default Title,0007236
corrector-givenchyx1-1,CORRECTOR GIVENCHYx1,Title,Default Title,0007238
corrector-givenchyx1-2,CORRECTOR GIVENCHYx1,Title,Default Title,0007239
corrector-givenchyx1-3,CORRECTOR GIVENCHYx1,Title,Default Title,0007240
pestanina-givenchyx8,PESTANINA GIVENCHYx8,Title,Default Title,0007241
lapiz-lab-givenchyx1,LAPIZ LAB GIVENCHYx1,Title,Default Title,0007242
agua-tocador-moschin-1,AGUA TOCADOR MOSCHIN,Title,Default Title,0007243
agua-perfume-moschin-1,AGUA PERFUME MOSCHIN,Title,Default Title,0007244
agua-perfume-viktor-4,AGUA PERFUME VIKTOR&,Title,Default Title,0007246
agua-perfume-viktor-5,AGUA PERFUME VIKTOR&,Title,Default Title,0007247
agua-perfume-viktor-6,AGUA PERFUME VIKTOR&,Title,Default Title,0007248
agua-perfume-hermesx-6,AGUA PERFUME HERMESx,Title,Default Title,0007250
agua-tocador-versace-5,AGUA TOCADOR VERSACE,Title,Default Title,0007251
agua-perfume-giorgio-15,AGUA PERFUME GIORGIO,Title,Default Title,0007252
agua-tocador-givench-1,AGUA TOCADOR GIVENCH,Title,Default Title,0007253
agua-tocador-givench-2,AGUA TOCADOR GIVENCH,Title,Default Title,0007254
agua-perfume-loewex5-1,AGUA PERFUME LOEWEx5,Title,Default Title,0007255
gel-fac-kiehlsx250ml,GEL FAC KIEHLSx250ml,Title,Default Title,0007256
shamp-kiehlsx250ml-n,SHAMP KIEHLSx250ml N,Title,Default Title,0007258
shamp-kiehlsx250ml-a,SHAMP KIEHLSx250ml A,Title,Default Title,0007259
shamp-kiehlsx500ml-a,SHAMP KIEHLSx500ml A,Title,Default Title,0007261
crema-corp-kiehlsx22,CREMA CORP KIEHLSx22,Title,Default Title,0007263
crema-corp-kiehlsx10-1,CREMA CORP KIEHLSx10,Title,Default Title,0007264
crema-corp-kiehlsx25,CREMA CORP KIEHLSx25,Title,Default Title,0007265
crema-corp-kiehlsx10-2,CREMA CORP KIEHLSx10,Title,Default Title,0007266
crema-corp-kiehlsx25-1,CREMA CORP KIEHLSx25,Title,Default Title,0007267
shamp-kiehlsx250ml-n-1,SHAMP KIEHLSx250ml N,Title,Default Title,0007268
masc-fac-kiehlsx100g,MASC FAC KIEHLSx100g,Title,Default Title,0007269
masc-fac-kiehlsx125m,MASC FAC KIEHLSx125m,Title,Default Title,0007270
masc-fac-kiehlsx100m-1,MASC FAC KIEHLSx100m,Title,Default Title,0007271
masc-fac-kiehlsx100m-2,MASC FAC KIEHLSx100m,Title,Default Title,0007272
labial-lancomex6ml-l,LABIAL LANCOMEx6ml L,Title,Default Title,0007274
serum-fac-kiehlsx30m-4,SERUM FAC KIEHLSx30m,Title,Default Title,0007276
serum-fac-kiehlsx15m-1,SERUM FAC KIEHLSx15m,Title,Default Title,0007277
crema-fac-kiehlsx15m-2,CREMA FAC KIEHLSx15m,Title,Default Title,0007278
balsamo-lab-kiehlsx1,BALSAMO LAB KIEHLSx1,Title,Default Title,0007279
crema-fac-kiehlsx5g,CREMA FAC KIEHLSx5g,Title,Default Title,0007280
serum-fac-kiehlsx30m-5,SERUM FAC KIEHLSx30m,Title,Default Title,0007281
serum-fac-kiehlsx50m-1,SERUM FAC KIEHLSx50m,Title,Default Title,0007282
crema-fac-kiehlsx125-1,CREMA FAC KIEHLSx125,Title,Default Title,0007283
serum-fac-kiehlsx100-1,SERUM FAC KIEHLSx100,Title,Default Title,0007286
tonico-fac-kiehlsx50,TONICO FAC KIEHLSx50,Title,Default Title,0007287
tonico-fac-kiehlsx25,TONICO FAC KIEHLSx25,Title,Default Title,0007288
crema-fac-kiehlsx125-2,CREMA FAC KIEHLSx125,Title,Default Title,0007289
tonico-fac-kiehlsx25-1,TONICO FAC KIEHLSx25,Title,Default Title,0007290
tonico-fac-kiehlsx25-2,TONICO FAC KIEHLSx25,Title,Default Title,0007291
tonico-fac-kiehlsx25-3,TONICO FAC KIEHLSx25,Title,Default Title,0007292
crema-fac-kiehlsx150,CREMA FAC KIEHLSx150,Title,Default Title,0007295
tonico-fac-kiehlsx23,TONICO FAC KIEHLSx23,Title,Default Title,0007296
aceite-fac-kiehlsx17,ACEITE FAC KIEHLSx17,Title,Default Title,0007298
gel-fac-kiehlsx230ml,GEL FAC KIEHLSx230ml,Title,Default Title,0007299
base-guerlainx35ml-p-1,BASE GUERLAINx35ml P,Title,Default Title,0007300
crema-fac-lancomex50-3,CREMA FAC LANCOMEx50,Title,Default Title,0007301
base-la-prairiex30ml-4,BASE LA PRAIRIEx30ml,Title,Default Title,0007302
base-la-prairiex30ml-5,BASE LA PRAIRIEx30ml,Title,Default Title,0007306
agua-perfume-cachare-1,AGUA PERFUME CACHARE,Title,Default Title,0007307
agua-perfume-cachare-2,AGUA PERFUME CACHARE,Title,Default Title,0007309
agua-perfume-cachare-3,AGUA PERFUME CACHARE,Title,Default Title,0007310
agua-perfume-cachare-4,AGUA PERFUME CACHARE,Title,Default Title,0007311
agua-perfume-j-lopez,AGUA PERFUME J/LOPEZ,Title,Default Title,0007312
acond-stmntx675ml,ACOND STMNTx675ml,Title,Default Title,0007314
esmalte-belierx13ml-170,ESMALTE BELIERx13ml,Title,Default Title,0007315
esmalte-belierx13ml-171,ESMALTE BELIERx13ml,Title,Default Title,0007316
esmalte-belierx13ml-172,ESMALTE BELIERx13ml,Title,Default Title,0007317
esmalte-belierx13ml-173,ESMALTE BELIERx13ml,Title,Default Title,0007318
esmalte-belierx13ml-174,ESMALTE BELIERx13ml,Title,Default Title,0007319
esmalte-belierx13ml-175,ESMALTE BELIERx13ml,Title,Default Title,0007320
aceite-corp-belierx1-2,ACEITE CORP BELIERx1,Title,Default Title,0007321
jabon-corp-cetaphilx,JABON CORP CETAPHILx,Title,Default Title,0007322
serum-fac-biodermax3,SERUM FAC BIODERMAx3,Title,Default Title,0007323
aceite-corp-belierx1-3,ACEITE CORP BELIERx1,Title,Default Title,0007324
aceite-corp-belierx1-4,ACEITE CORP BELIERx1,Title,Default Title,0007325
limp-unas-belierx120,LIMP UNAS BELIERx120,Title,Default Title,0007326
remov-esmalte-belier-2,REMOV ESMALTE BELIER,Title,Default Title,0007330
remov-esmalte-belier-3,REMOV ESMALTE BELIER,Title,Default Title,0007331
bloq-biodermax40ml-c-14,BLOQ BIODERMAx40ml C,Title,Default Title,0007332
bloq-biodermax40ml-c-15,BLOQ BIODERMAx40ml C,Title,Default Title,0007333
agua-tocador-m-jacob-1,AGUA TOCADOR M JACOB,Title,Default Title,0007335
agua-tocador-m-jacob-2,AGUA TOCADOR M JACOB,Title,Default Title,0007336
agua-perfume-salvato-5,AGUA PERFUME SALVATO,Title,Default Title,0007337
agua-perfume-salvato-6,AGUA PERFUME SALVATO,Title,Default Title,0007338
agua-tocador-karl-la,AGUA TOCADOR KARL LA,Title,Default Title,0007340
agua-tocador-karl-la-1,AGUA TOCADOR KARL LA,Title,Default Title,0007342
agua-perfume-dknyx10,AGUA PERFUME DKNYx10,Title,Default Title,0007343
agua-perfume-dknyx10-1,AGUA PERFUME DKNYx10,Title,Default Title,0007344
agua-perfume-dknyx10-2,AGUA PERFUME DKNYx10,Title,Default Title,0007345
agua-perfume-dknyx10-3,AGUA PERFUME DKNYx10,Title,Default Title,0007346
exfol-cap-authenticx,EXFOL CAP AUTHENTICx,Title,Default Title,0007347
ampolleta-cap-altere-7,AMPOLLETA CAP ALTERE,Title,Default Title,0007355
gafas-versacexund-ov-10,GAFAS VERSACExund OV,Title,Default Title,0007357
gafas-versacexund-ov-11,GAFAS VERSACExund OV,Title,Default Title,0007359
gafas-versacexund-ov-12,GAFAS VERSACExund OV,Title,Default Title,0007360
gafas-versacexund-ov-13,GAFAS VERSACExund OV,Title,Default Title,0007366
gafas-d-gxund-odg617,GAFAS D&Gxund ODG617,Title,Default Title,0007368
gafas-d-gxund-odg617-1,GAFAS D&Gxund ODG617,Title,Default Title,0007369
gafas-d-gxund-odg444,GAFAS D&Gxund ODG444,Title,Default Title,0007373
gafas-d-gxund-odg619,GAFAS D&Gxund ODG619,Title,Default Title,0007374
gafas-d-gxund-odg445,GAFAS D&Gxund ODG445,Title,Default Title,0007375
gafas-pradaxund-opr2,GAFAS PRADAxund OPR2,Title,Default Title,0007378
gafas-pradaxund-opr2-1,GAFAS PRADAxund OPR2,Title,Default Title,0007379
gafas-pradaxund-opr1-4,GAFAS PRADAxund OPR1,Title,Default Title,0007380
laca-alteregox250ml,LACA ALTEREGOx250ml,Title,Default Title,0007383
shamp-genovex150ml-p,SHAMP GENOVEx150ml P,Title,Default Title,0007384
sombra-daphnex3-5g-b,SOMBRA DAPHNEx3.5g B,Title,Default Title,0007385
bloq-heliocarex100ml,BLOQ HELIOCAREx100ml,Title,Default Title,0007386
serum-fac-uriagex30m-2,SERUM FAC URIAGEx30m,Title,Default Title,0007387
gel-fac-biretixx400m,GEL FAC BIRETIXx400m,Title,Default Title,0007388
bloq-heliocarex50ml-11,BLOQ HELIOCAREx50ml,Title,Default Title,0007389
bloq-heliocarex50ml-12,BLOQ HELIOCAREx50ml,Title,Default Title,0007390
crema-corp-uriagex50-2,CREMA CORP URIAGEx50,Title,Default Title,0007391
gel-fac-biretixx400m-1,GEL FAC BIRETIXx400m,Title,Default Title,0007393
acond-apivitax150ml-1,ACOND APIVITAx150ml,Title,Default Title,0007394
shamp-apivitax250ml-4,SHAMP APIVITAx250ml,Title,Default Title,0007396
bloq-heliocarex25g-f-2,BLOQ HELIOCAREx25g F,Title,Default Title,0007397
gel-fac-apivitax200m,GEL FAC APIVITAx200m,Title,Default Title,0007398
espuma-fac-apivitax2,ESPUMA FAC APIVITAx2,Title,Default Title,0007399
leche-fac-apivitax20,LECHE FAC APIVITAx20,Title,Default Title,0007401
agua-tocador-h-bossx-14,AGUA TOCADOR H/BOSSx,Title,Default Title,0007402
polvo-pupax11g-ext-m-5,POLVO PUPAx11g EXT/M,Title,Default Title,0007404
pestanina-pupax9ml-v-4,PESTANINA PUPAx9ml V,Title,Default Title,0007408
corrector-pupax2-4ml-3,CORRECTOR PUPAx2.4ml,Title,Default Title,0007409
lapiz-ojos-pupax1-2g-12,LAPIZ OJOS PUPAx1.2g,Title,Default Title,0007411
lapiz-lab-pupax1-2g-13,LAPIZ LAB PUPAx1.2g,Title,Default Title,0007413
gafas-versacexund-ov-14,GAFAS VERSACExund OV,Title,Default Title,0007414
gafas-versacexund-ov-15,GAFAS VERSACExund OV,Title,Default Title,0007420
gafas-pradaxund-opra,GAFAS PRADAxund OPRA,Title,Default Title,0007422
gafas-pradaxund-opr0-1,GAFAS PRADAxund OPR0,Title,Default Title,0007423
gafas-pradaxund-opr0-2,GAFAS PRADAxund OPR0,Title,Default Title,0007425
gafas-pradaxund-opr1-5,GAFAS PRADAxund OPR1,Title,Default Title,0007427
gafas-pradaxund-opra-1,GAFAS PRADAxund OPRA,Title,Default Title,0007428
gafas-pradaxund-opra-2,GAFAS PRADAxund OPRA,Title,Default Title,0007429
gafas-versacexund-ov-16,GAFAS VERSACExund OV,Title,Default Title,0007432
gafas-pradaxund-opr2-2,GAFAS PRADAxund OPR2,Title,Default Title,0007435
gafas-versacexund-ov-17,GAFAS VERSACExund OV,Title,Default Title,0007442
agua-perfume-jp-gaul-24,AGUA PERFUME JP/GAUL,Title,Default Title,0007445
agua-perfume-c-hx80m-7,AGUA PERFUME C.Hx80m,Title,Default Title,0007446
agua-perfume-c-hx80m-8,AGUA PERFUME C.Hx80m,Title,Default Title,0007448
agua-perfume-c-hx50m-14,AGUA PERFUME C.Hx50m,Title,Default Title,0007449
agua-perfume-c-hx100-10,AGUA PERFUME C.Hx100,Title,Default Title,0007450
agua-perfume-adolfo,AGUA PERFUME ADOLFO/,Title,Default Title,0007455
agua-perfume-c-hx50m-15,AGUA PERFUME C.Hx50m,Title,Default Title,0007456
agua-perfume-p-raban-47,AGUA PERFUME P/RABAN,Title,Default Title,0007457
agua-perfume-p-raban-48,AGUA PERFUME P/RABAN,Title,Default Title,0007458
tinte-t-italyx86g-60,TINTE T/ITALYx86g 5.,Title,Default Title,0007461
tinte-t-italyx86g-61,TINTE T/ITALYx86g 10,Title,Default Title,0007462
gafas-d-gxund-odg619-1,GAFAS D&Gxund ODG619,Title,Default Title,0007464
gafas-versacexund-ov-18,GAFAS VERSACExund OV,Title,Default Title,0007465
gafas-d-gxund-odg444-1,GAFAS D&Gxund ODG444,Title,Default Title,0007466
crema-fac-sesdermax3-2,CREMA FAC SESDERMAx3,Title,Default Title,0007467
crema-fac-sesdermax5-16,CREMA FAC SESDERMAx5,Title,Default Title,0007468
crema-corp-moroccano-1,CREMA CORP MOROCCANO,Title,Default Title,0007488
gel-bano-moroccanoil,GEL BANO MOROCCANOIL,Title,Default Title,0007489
tonico-corp-moroccan,TONICO CORP MOROCCAN,Title,Default Title,0007490
exfol-corp-moroccano,EXFOL CORP MOROCCANO,Title,Default Title,0007492
aceite-corp-moroccan,ACEITE CORP MOROCCAN,Title,Default Title,0007493
serum-fac-moroccanoi,SERUM FAC MOROCCANOI,Title,Default Title,0007495
aceite-corp-moroccan-1,ACEITE CORP MOROCCAN,Title,Default Title,0007496
crema-corp-moroccano-2,CREMA CORP MOROCCANO,Title,Default Title,0007498
crema-fac-uriagex40m-3,CREMA FAC URIAGEx40m,Title,Default Title,0007499
gafas-d-gxund-odg444-2,GAFAS D&Gxund ODG444,Title,Default Title,0007505
gafas-pradaxund-opr1-6,GAFAS PRADAxund OPR1,Title,Default Title,0007508
gafas-versacexund-ov-19,GAFAS VERSACExund OV,Title,Default Title,0007510
acond-schwarzkopfx20-16,ACOND SCHWARZKOPFx20,Title,Default Title,0007516
crema-peinar-schwarz,CREMA PEINAR SCHWARZ,Title,Default Title,0007517
serum-cap-schwarzkop-1,SERUM CAP SCHWARZKOP,Title,Default Title,0007518
termoprotector-schwa-2,TERMOPROTECTOR SCHWA,Title,Default Title,0007519
crema-peinar-schwarz-1,CREMA PEINAR SCHWARZ,Title,Default Title,0007524
laca-schwarzkopfx100,LACA SCHWARZKOPFx100,Title,Default Title,0007525
gafas-d-gxund-odg230,GAFAS D&Gxund ODG230,Title,Default Title,0007526
gafas-pradaxund-opr2-3,GAFAS PRADAxund OPR2,Title,Default Title,0007527
agua-perfume-calvin-2,AGUA PERFUME CALVIN,Title,Default Title,0007530
agua-perfume-calvin-3,AGUA PERFUME CALVIN,Title,Default Title,0007531
agua-perfume-calvin-4,AGUA PERFUME CALVIN,Title,Default Title,0007532
agua-perfume-guccix1-3,AGUA PERFUME GUCCIx1,Title,Default Title,0007534
agua-perfume-guccix1-4,AGUA PERFUME GUCCIx1,Title,Default Title,0007535
agua-perfume-guccix5,AGUA PERFUME GUCCIx5,Title,Default Title,0007536
agua-tocador-calvin-7,AGUA TOCADOR CALVIN,Title,Default Title,0007537
agua-tocador-burberr-7,AGUA TOCADOR BURBERR,Title,Default Title,0007538
agua-tocador-lacoste-7,AGUA TOCADOR LACOSTE,Title,Default Title,0007541
agua-tocador-jimmy-c-3,AGUA TOCADOR JIMMY C,Title,Default Title,0007543
agua-perfume-jimmy-c-4,AGUA PERFUME JIMMY C,Title,Default Title,0007544
agua-perfume-salvato-7,AGUA PERFUME SALVATO,Title,Default Title,0007545
shamp-phytox250ml-vo,SHAMP PHYTOx250ml VO,Title,Default Title,0007546
acond-phytox175ml-vo,ACOND PHYTOx175ml VO,Title,Default Title,0007547
ampolleta-cap-phytox,AMPOLLETA CAP PHYTOx,Title,Default Title,0007548
ampolleta-cap-phytox-1,AMPOLLETA CAP PHYTOx,Title,Default Title,0007549
kit-cap-olaplexx3und,KIT CAP OLAPLEXx3und,Title,Default Title,0007550
shamp-alteregox100ml-1,SHAMP ALTEREGOx100ml,Title,Default Title,0007554
acond-alteregox50ml,ACOND ALTEREGOx50ml,Title,Default Title,0007557
shamp-alteregox100ml-2,SHAMP ALTEREGOx100ml,Title,Default Title,0007558
shamp-alteregox50ml,SHAMP ALTEREGOx50ml,Title,Default Title,0007559
acond-alteregox50ml-1,ACOND ALTEREGOx50ml,Title,Default Title,0007560
bloq-heliocarex200ml-2,BLOQ HELIOCAREx200ml,Title,Default Title,0007561
masc-cap-wellax500ml-7,MASC CAP WELLAx500ml,Title,Default Title,0007562
masc-cap-wellax150ml-3,MASC CAP WELLAx150ml,Title,Default Title,0007563
trata-cap-authenticx-4,TRATA CAP AUTHENTICx,Title,Default Title,0007564
serum-cap-stmntx150m,SERUM CAP STMNTx150m,Title,Default Title,0007565
protec-labial-isdinx-3,PROTEC LABIAL ISDINx,Title,Default Title,0007566
shamp-apivitax250ml-5,SHAMP APIVITAx250ml,Title,Default Title,0007568
masc-fac-apivitax200,MASC FAC APIVITAx200,Title,Default Title,0007570
agua-perfume-creedx1-1,AGUA PERFUME CREEDx1,Title,Default Title,0007642
agua-perfume-kenzox1,AGUA PERFUME KENZOx1,Title,Default Title,0007643
agua-perfume-loewex1-10,AGUA PERFUME LOEWEx1,Title,Default Title,0007644
agua-tocador-loewex1-6,AGUA TOCADOR LOEWEx1,Title,Default Title,0007645
agua-perfume-loewex1-11,AGUA PERFUME LOEWEx1,Title,Default Title,0007646
agua-perfume-loewex1-12,AGUA PERFUME LOEWEx1,Title,Default Title,0007647
agua-tocador-loewex1-7,AGUA TOCADOR LOEWEx1,Title,Default Title,0007648
agua-tocador-loewex1-8,AGUA TOCADOR LOEWEx1,Title,Default Title,0007649
agua-tocador-kenzox6,AGUA TOCADOR KENZOx6,Title,Default Title,0007651
agua-perfume-kenzox7,AGUA PERFUME KENZOx7,Title,Default Title,0007652
agua-tocador-kenzox5-1,AGUA TOCADOR KENZOx5,Title,Default Title,0007653
agua-tocador-lolitax-1,AGUA TOCADOR LOLITAx,Title,Default Title,0007654
agua-perfume-lolitax-3,AGUA PERFUME LOLITAx,Title,Default Title,0007656
agua-perfume-lolitax-4,AGUA PERFUME LOLITAx,Title,Default Title,0007657
agua-perfume-muglerx-5,AGUA PERFUME MUGLERx,Title,Default Title,0007658
gafas-miu-miuxund-om-3,GAFAS MIU MIUxund OM,Title,Default Title,0007659
gafas-miu-miuxund-om-4,GAFAS MIU MIUxund OM,Title,Default Title,0007660
agua-perfume-viktor-7,AGUA PERFUME VIKTOR&,Title,Default Title,0007661
gafas-miu-miuxund-om-5,GAFAS MIU MIUxund OM,Title,Default Title,0007662
gafas-miu-miuxund-om-6,GAFAS MIU MIUxund OM,Title,Default Title,0007664
gafas-miu-miuxund-om-7,GAFAS MIU MIUxund OM,Title,Default Title,0007665
gafas-miu-miuxund-om-8,GAFAS MIU MIUxund OM,Title,Default Title,0007666
gafas-miu-miuxund-om-9,GAFAS MIU MIUxund OM,Title,Default Title,0007667
gafas-miu-miuxund-om-10,GAFAS MIU MIUxund OM,Title,Default Title,0007669
shamp-kerastasex250m-39,SHAMP KERASTASEx250m,Title,Default Title,0007670
agua-perfume-lancome-9,AGUA PERFUME LANCOME,Title,Default Title,0007671
shamp-kerastasex1000-28,SHAMP KERASTASEx1000,Title,Default Title,0007672
shamp-kerastasex1000-29,SHAMP KERASTASEx1000,Title,Default Title,0007673
agua-perfume-muglerx-6,AGUA PERFUME MUGLERx,Title,Default Title,0007674
masc-cap-kerastasex5-17,MASC CAP KERASTASEx5,Title,Default Title,0007675
agua-perfume-lancome-10,AGUA PERFUME LANCOME,Title,Default Title,0007676
trata-cap-kerastasex-3,TRATA CAP KERASTASEx,Title,Default Title,0007677
shamp-kerastasex250m-40,SHAMP KERASTASEx250m,Title,Default Title,0007678
acond-kerastasex200m-8,ACOND KERASTASEx200m,Title,Default Title,0007679
serum-cap-kerastasex-19,SERUM CAP KERASTASEx,Title,Default Title,0007680
masc-cap-kerastasex2-24,MASC CAP KERASTASEx2,Title,Default Title,0007681
agua-perfume-hermesx-7,AGUA PERFUME HERMESx,Title,Default Title,0007682
agua-perfume-hermesx-8,AGUA PERFUME HERMESx,Title,Default Title,0007683
agua-perfume-d-gx50m-12,AGUA PERFUME D&Gx50m,Title,Default Title,0007684
agua-perfume-d-gx100-6,AGUA PERFUME D&Gx100,Title,Default Title,0007685
agua-perfume-hermesx-9,AGUA PERFUME HERMESx,Title,Default Title,0007686
agua-tocador-lolitax-2,AGUA TOCADOR LOLITAx,Title,Default Title,0007687
agua-perfume-lolitax-5,AGUA PERFUME LOLITAx,Title,Default Title,0007688
agua-tocador-tousx10-7,AGUA TOCADOR TOUSx10,Title,Default Title,0007691
agua-perfume-diselx7,AGUA PERFUME DISELx7,Title,Default Title,0007692
agua-tocador-dieselx-6,AGUA TOCADOR DIESELx,Title,Default Title,0007693
agua-tocador-tousx10-8,AGUA TOCADOR TOUSx10,Title,Default Title,0007694
agua-tocador-tousx10-9,AGUA TOCADOR TOUSx10,Title,Default Title,0007695
agua-perfume-muglerx-7,AGUA PERFUME MUGLERx,Title,Default Title,0007696
agua-perfume-hermesx-10,AGUA PERFUME HERMESx,Title,Default Title,0007697
agua-tocador-hermesx-8,AGUA TOCADOR HERMESx,Title,Default Title,0007698
colonia-hermesx100ml-2,COLONIA HERMESx100ml,Title,Default Title,0007699
colonia-hermesx100ml-3,COLONIA HERMESx100ml,Title,Default Title,0007700
agua-perfume-lancome-11,AGUA PERFUME LANCOME,Title,Default Title,0007701
agua-perfume-lancome-12,AGUA PERFUME LANCOME,Title,Default Title,0007702
agua-tocador-tousx10-10,AGUA TOCADOR TOUSx10,Title,Default Title,0007703
agua-perfume-givench-7,AGUA PERFUME GIVENCH,Title,Default Title,0007704
agua-perfume-lancome-13,AGUA PERFUME LANCOME,Title,Default Title,0007705
agua-perfume-cachare-5,AGUA PERFUME CACHARE,Title,Default Title,0007707
agua-tocador-d-dx100,AGUA TOCADOR D&Dx100,Title,Default Title,0007708
agua-tocador-d-gx50m-3,AGUA TOCADOR D&Gx50m,Title,Default Title,0007709
agua-tocador-givench-3,AGUA TOCADOR GIVENCH,Title,Default Title,0007710
agua-perfume-lancome-14,AGUA PERFUME LANCOME,Title,Default Title,0007711
agua-perfume-scalper,AGUA PERFUME SCALPER,Title,Default Title,0007712
agua-perfume-lancome-15,AGUA PERFUME LANCOME,Title,Default Title,0007713
tonico-fac-lancomex2,TONICO FAC LANCOMEx2,Title,Default Title,0007714
pestanina-lancomex6-1,PESTANINA LANCOMEx6.,Title,Default Title,0007715
delineador-lancomex1-1,DELINEADOR LANCOMEx1,Title,Default Title,0007716
lapiz-cejas-lancomex,LAPIZ CEJAS LANCOMEx,Title,Default Title,0007717
polvo-lancomex15g-tr,POLVO LANCOMEx15g TR,Title,Default Title,0007718
pestanina-lancomex8m-2,PESTANINA LANCOMEx8m,Title,Default Title,0007719
desmaq-lancomex200ml,DESMAQ LANCOMEx200ml,Title,Default Title,0007720
rubor-lancomex5-1g-s-2,RUBOR LANCOMEx5.1g S,Title,Default Title,0007721
delineador-guerlainx-1,DELINEADOR GUERLAINx,Title,Default Title,0007722
lapiz-lab-givenchyx1-1,LAPIZ LAB GIVENCHYx1,Title,Default Title,0007723
rubor-guerlainx5g-te,RUBOR GUERLAINx5g TE,Title,Default Title,0007724
rubor-guerlainx5g-te-1,RUBOR GUERLAINx5g TE,Title,Default Title,0007725
rubor-guerlainx5g-te-2,RUBOR GUERLAINx5g TE,Title,Default Title,0007726
polvo-givenchyx4-3g,POLVO GIVENCHYx4.3g,Title,Default Title,0007727
brillo-lab-guerlainx,BRILLO LAB GUERLAINx,Title,Default Title,0007728
brillo-lab-guerlainx-1,BRILLO LAB GUERLAINx,Title,Default Title,0007729
balsamo-lab-givenchy,BALSAMO LAB GIVENCHY,Title,Default Title,0007730
exfol-fac-kiehlsx200,EXFOL FAC KIEHLSx200,Title,Default Title,0007732
tonico-fac-kiehlsx25-4,TONICO FAC KIEHLSx25,Title,Default Title,0007733
serum-fac-kiehlsx50m-2,SERUM FAC KIEHLSx50m,Title,Default Title,0007734
crema-fac-kiehlsx15m-3,CREMA FAC KIEHLSx15m,Title,Default Title,0007735
acond-kiehlsx200ml-o,ACOND KIEHLSx200ml O,Title,Default Title,0007736
crema-fac-kiehlsx50m-5,CREMA FAC KIEHLSx50m,Title,Default Title,0007738
serum-fac-kiehlsx15m-2,SERUM FAC KIEHLSx15m,Title,Default Title,0007740
polvo-lancomex0-67g,POLVO LANCOMEx0.67g,Title,Default Title,0007741
labial-givenchyx3-4g,LABIAL GIVENCHYx3.4g,Title,Default Title,0007742
labial-givenchyx3-4g-1,LABIAL GIVENCHYx3.4g,Title,Default Title,0007743
labial-givenchyx3-4g-2,LABIAL GIVENCHYx3.4g,Title,Default Title,0007744
remov-cuticula-belie-1,REMOV CUTICULA BELIE,Title,Default Title,0007745
kit-maq-lancomex2und,KIT MAQ LANCOMEx2und,Title,Default Title,0007746
esmalte-belierx13ml-176,ESMALTE BELIERx13ml,Title,Default Title,0007747
esmalte-belierx13ml-177,ESMALTE BELIERx13ml,Title,Default Title,0007748
esmalte-belierx13ml-178,ESMALTE BELIERx13ml,Title,Default Title,0007749
esmalte-belierx13ml-179,ESMALTE BELIERx13ml,Title,Default Title,0007750
esmalte-belierx13ml-180,ESMALTE BELIERx13ml,Title,Default Title,0007751
esmalte-belierx13ml-181,ESMALTE BELIERx13ml,Title,Default Title,0007752
esmalte-belierx13ml-182,ESMALTE BELIERx13ml,Title,Default Title,0007753
esmalte-belierx13ml-183,ESMALTE BELIERx13ml,Title,Default Title,0007754
esmalte-belierx13ml-184,ESMALTE BELIERx13ml,Title,Default Title,0007755
esmalte-belierx13ml-185,ESMALTE BELIERx13ml,Title,Default Title,0007756
esmalte-belierx13ml-186,ESMALTE BELIERx13ml,Title,Default Title,0007757
esmalte-belierx13ml-187,ESMALTE BELIERx13ml,Title,Default Title,0007758
esmalte-belierx13ml-188,ESMALTE BELIERx13ml,Title,Default Title,0007759
esmalte-belierx13ml-189,ESMALTE BELIERx13ml,Title,Default Title,0007760
esmalte-belierx13ml-190,ESMALTE BELIERx13ml,Title,Default Title,0007761
esmalte-belierx13ml-191,ESMALTE BELIERx13ml,Title,Default Title,0007762
esmalte-belierx13ml-192,ESMALTE BELIERx13ml,Title,Default Title,0007763
bloq-soskinx30ml-fac,BLOQ SOSKINx30ml FAC,Title,Default Title,0007767
bloq-soskinx150ml-fa-1,BLOQ SOSKINx150ml FA,Title,Default Title,0007768
crema-fac-sisleyx30m-2,CREMA FAC SISLEYx30m,Title,Default Title,0007769
desmaq-sisleyx125ml-1,DESMAQ SISLEYx125ml,Title,Default Title,0007770
serum-fac-la-foretx3-1,SERUM FAC LA FORETx3,Title,Default Title,0007771
leche-fac-la-foretx2,LECHE FAC LA FORETx2,Title,Default Title,0007772
colonia-la-foretx200,COLONIA LA FORETx200,Title,Default Title,0007773
primer-la-foretx30ml,PRIMER LA FORETx30ml,Title,Default Title,0007774
rubor-la-foretx32g-f,RUBOR LA FORETx32g F,Title,Default Title,0007775
rubor-la-foretx32g-a,RUBOR LA FORETx32g A,Title,Default Title,0007776
base-la-foretx30ml-f,BASE LA FORETx30ml F,Title,Default Title,0007777
base-la-foretx30ml-f-1,BASE LA FORETx30ml F,Title,Default Title,0007778
base-la-foretx30ml-f-2,BASE LA FORETx30ml F,Title,Default Title,0007779
base-la-foretx30ml-f-3,BASE LA FORETx30ml F,Title,Default Title,0007780
polvo-la-foretx21g-l,POLVO LA FORETx21g L,Title,Default Title,0007781
polvo-la-foretx21g-l-1,POLVO LA FORETx21g L,Title,Default Title,0007782
labial-la-foretx2-6g-7,LABIAL LA FORETx2.6g,Title,Default Title,0007783
labial-la-foretx2-6g-8,LABIAL LA FORETx2.6g,Title,Default Title,0007784
labial-la-foretx2-6g-9,LABIAL LA FORETx2.6g,Title,Default Title,0007785
labial-la-foretx2-6g-10,LABIAL LA FORETx2.6g,Title,Default Title,0007786
lapiz-ojos-la-foretx,LAPIZ OJOS LA FORETx,Title,Default Title,0007787
lapiz-ojos-la-foret,LAPIZ OJOS LA FORET.,Title,Default Title,0007788
lapiz-ojos-la-foret-1,LAPIZ OJOS LA FORET.,Title,Default Title,0007789
lapiz-ojos-la-foret-2,LAPIZ OJOS LA FORET.,Title,Default Title,0007790
lapiz-ojos-la-foret-3,LAPIZ OJOS LA FORET.,Title,Default Title,0007791
labial-la-foretx2-6g-11,LABIAL LA FORETx2.6g,Title,Default Title,0007792
corrector-la-foretx3,CORRECTOR LA FORETx3,Title,Default Title,0007793
corrector-la-foretx3-1,CORRECTOR LA FORETx3,Title,Default Title,0007794
corrector-la-foretx3-2,CORRECTOR LA FORETx3,Title,Default Title,0007795
labial-la-foretx3-4g-11,LABIAL LA FORETx3.4g,Title,Default Title,0007796
sombra-la-foretx2-55,SOMBRA LA FORETx2.55,Title,Default Title,0007797
sombra-la-foretx2-56,SOMBRA LA FORETx2.55,Title,Default Title,0007798
sombra-la-foretx2-57,SOMBRA LA FORETx2.55,Title,Default Title,0007799
sombra-la-foretx2-58,SOMBRA LA FORETx2.55,Title,Default Title,0007800
rubor-la-foretx2-2-0,RUBOR LA FORETx2.2 0,Title,Default Title,0007801
rubor-la-foretx2-2-1,RUBOR LA FORETx2.2 0,Title,Default Title,0007802
rubor-la-foretx2-2-2,RUBOR LA FORETx2.2 0,Title,Default Title,0007803
rubor-la-foretx2-2-3,RUBOR LA FORETx2.2 0,Title,Default Title,0007804
rubor-la-foretx2-2-4,RUBOR LA FORETx2.2 0,Title,Default Title,0007805
polvo-la-foretx9g-tw-3,POLVO LA FORETx9g TW,Title,Default Title,0007806
rubor-la-foretx32g-g,RUBOR LA FORETx32g G,Title,Default Title,0007807
maq-cejas-la-foretx3-2,MAQ CEJAS LA FORETx3,Title,Default Title,0007808
rubor-sisleyx15g-lor-2,RUBOR SISLEYx15g LOR,Title,Default Title,0007809
corrector-sisleyx15m-3,CORRECTOR SISLEYx15m,Title,Default Title,0007810
polvo-sisleyx12g-sue-3,POLVO SISLEYx12g SUE,Title,Default Title,0007811
corrector-sisleyx2-7,CORRECTOR SISLEYx2.5,Title,Default Title,0007812
corrector-sisleyx2-8,CORRECTOR SISLEYx2.5,Title,Default Title,0007813
lapiz-ojos-sisleyx1-3,LAPIZ OJOS SISLEYx1.,Title,Default Title,0007814
lapiz-ojos-sisleyx1-4,LAPIZ OJOS SISLEYx1.,Title,Default Title,0007815
lapiz-lab-sisleyx1-7,LAPIZ LAB SISLEYx1.2,Title,Default Title,0007816
lapiz-lab-sisleyx1-8,LAPIZ LAB SISLEYx1.2,Title,Default Title,0007817
labial-sisleyx2-5g-t-9,LABIAL SISLEYx2.5g T,Title,Default Title,0007818
labial-la-foretx2-6g-12,LABIAL LA FORETx2.6g,Title,Default Title,0007819
agua-tocador-diorx10-10,AGUA TOCADOR DIORx10,Title,Default Title,0007820
agua-perfume-diorx10-6,AGUA PERFUME DIORx10,Title,Default Title,0007821
agua-tocador-diorx10-11,AGUA TOCADOR DIORx10,Title,Default Title,0007823
agua-tocador-diorx10-12,AGUA TOCADOR DIORx10,Title,Default Title,0007824
agua-perfume-diorx10-7,AGUA PERFUME DIORx10,Title,Default Title,0007825
gafas-miu-miuxund-om-11,GAFAS MIU MIUxund OM,Title,Default Title,0007828
gafas-miu-miuxund-om-12,GAFAS MIU MIUxund OM,Title,Default Title,0007829
gafas-miu-miuxund-om-13,GAFAS MIU MIUxund OM,Title,Default Title,0007831
tinte-t-italyx86g-5n,TINTE T/ITALYx86g 5N,Title,Default Title,0007835
tinte-shinefinityx60,TINTE SHINEFINITYx60,Title,Default Title,0007837
tinte-shinefinityx60-1,TINTE SHINEFINITYx60,Title,Default Title,0007838
tinte-shinefinityx60-2,TINTE SHINEFINITYx60,Title,Default Title,0007839
tinte-shinefinityx60-3,TINTE SHINEFINITYx60,Title,Default Title,0007840
tinte-shinefinityx60-4,TINTE SHINEFINITYx60,Title,Default Title,0007841
gafas-d-gxund-odg619-2,GAFAS D&Gxund ODG619,Title,Default Title,0007876
labial-pupax3-5g-im-7,LABIAL PUPAx3.5g IM,Title,Default Title,0007879
lapiz-ojos-pupax1-2g-13,LAPIZ OJOS PUPAx1.2g,Title,Default Title,0007882
shamp-alteregox950ml-6,SHAMP ALTEREGOx950ml,Title,Default Title,0007885
shamp-alteregox150ml,SHAMP ALTEREGOx150ml,Title,Default Title,0007886
shamp-alteregox150ml-1,SHAMP ALTEREGOx150ml,Title,Default Title,0007887
acond-alteregox950ml-3,ACOND ALTEREGOx950ml,Title,Default Title,0007888
crema-corp-moroccano-3,CREMA CORP MOROCCANO,Title,Default Title,0007889
gel-cap-stmntx150-gr-1,GEL CAP STMNTx150 GR,Title,Default Title,0007890
laca-stmntx200ml-def-2,LACA STMNTx200ml DEF,Title,Default Title,0007891
gafas-pradaxund-opra-3,GAFAS PRADAxund OPRA,Title,Default Title,0007893
cera-cap-tigix73g-be,CERA CAP TIGIx73g BE,Title,Default Title,0007902
cera-cap-american-cx-2,CERA CAP AMERICAN/Cx,Title,Default Title,0007903
cera-cap-american-cx-3,CERA CAP AMERICAN/Cx,Title,Default Title,0007904
crema-peinar-america,CREMA PEINAR AMERICA,Title,Default Title,0007905
balsamo-fac-american,BALSAMO FAC AMERICAN,Title,Default Title,0007907
shamp-american-cx250,SHAMP AMERICAN/Cx250,Title,Default Title,0007908
shamp-american-cx250-1,SHAMP AMERICAN/Cx250,Title,Default Title,0007911
shamp-american-cx100,SHAMP AMERICAN/Cx100,Title,Default Title,0007912
acond-american-cx250,ACOND AMERICAN/Cx250,Title,Default Title,0007913
crema-fac-uriagex50m,CREMA FAC URIAGEx50m,Title,Default Title,0007929
base-sensilisx30ml-u-1,BASE SENSILISx30ml U,Title,Default Title,0007930
crema-fac-isdinx50ml-4,CREMA FAC ISDINx50ml,Title,Default Title,0007932
crema-fac-isdinx50ml-5,CREMA FAC ISDINx50ml,Title,Default Title,0007933
acond-olaplexx2000ml-1,ACOND OLAPLEXx2000ml,Title,Default Title,0007937
crema-fac-soskinx50m-2,CREMA FAC SOSKINx50m,Title,Default Title,0007938
gel-fac-soskinx60ml,GEL FAC SOSKINx60ml,Title,Default Title,0007939
exfol-fac-soskinx30m,EXFOL FAC SOSKINx30m,Title,Default Title,0007940
masc-fac-soskinx75ml,MASC FAC SOSKINx75ml,Title,Default Title,0007941
agua-perfume-la-fore-5,AGUA PERFUME LA FORE,Title,Default Title,0007942
agua-perfume-la-fore-6,AGUA PERFUME LA FORE,Title,Default Title,0007943
ampolleta-fac-soskin,AMPOLLETA FAC SOSKIN,Title,Default Title,0007944
serum-lab-soskinx4-5,SERUM LAB SOSKINx4.5,Title,Default Title,0007945
crema-fac-soskinx15m-1,CREMA FAC SOSKINx15m,Title,Default Title,0007946
labial-la-foretx2-6g-13,LABIAL LA FORETx2.6g,Title,Default Title,0007947
pestanina-la-foretx1,PESTANINA LA FORETx1,Title,Default Title,0007948
lapiz-ojos-sisleyx1-5,LAPIZ OJOS SISLEYx1.,Title,Default Title,0007949
lapiz-ojos-sisleyx1-6,LAPIZ OJOS SISLEYx1.,Title,Default Title,0007950
lapiz-ojos-sisleyx1-7,LAPIZ OJOS SISLEYx1.,Title,Default Title,0007951
shamp-moroccanoilx25-5,SHAMP MOROCCANOILx25,Title,Default Title,0007953
acond-moroccanoilx25-5,ACOND MOROCCANOILx25,Title,Default Title,0007954
serum-cap-moroccanoi-6,SERUM CAP MOROCCANOI,Title,Default Title,0007956
trata-cap-moroccanoi-6,TRATA CAP MOROCCANOI,Title,Default Title,0007957
shamp-moroccanoilx10-8,SHAMP MOROCCANOILx10,Title,Default Title,0007958
acond-moroccanoilx10-8,ACOND MOROCCANOILx10,Title,Default Title,0007959
delineador-daphnex3m,DELINEADOR DAPHNEx3m,Title,Default Title,0007973
potenciador-alfaparf-4,POTENCIADOR ALFAPARF,Title,Default Title,0007986
brocha-wonderxund-w3,BROCHA WONDERxund W3,Title,Default Title,0007987
brocha-wonderxund-w0-1,BROCHA WONDERxund W0,Title,Default Title,0007989
brocha-wonderxund-w1-2,BROCHA WONDERxund W1,Title,Default Title,0007998
pomo-wonderxund-w901-1,POMO WONDERxund W901,Title,Default Title,0008017
cosmetiquera-alfapar,COSMETIQUERA ALFAPAR,Title,Default Title,0008018
perfume-lattafax100m-11,PERFUME LATTAFAx100m,Title,Default Title,0008022
perfume-lattafax100m-12,PERFUME LATTAFAx100m,Title,Default Title,0008024
perfume-lattafax100m-13,PERFUME LATTAFAx100m,Title,Default Title,0008025
perfume-lattafax100m-14,PERFUME LATTAFAx100m,Title,Default Title,0008026
perfume-lattafax100m-15,PERFUME LATTAFAx100m,Title,Default Title,0008027
perfume-lattafax100m-16,PERFUME LATTAFAx100m,Title,Default Title,0008028
perfume-lattafax100m-17,PERFUME LATTAFAx100m,Title,Default Title,0008029
gafas-voguexund-0vo5-10,GAFAS VOGUExund 0VO5,Title,Default Title,0008115
gafas-voguexund-0vo5-11,GAFAS VOGUExund 0VO5,Title,Default Title,0008117
gafas-voguexund-0vo5-12,GAFAS VOGUExund 0VO5,Title,Default Title,0008118
gafas-voguexund-0vo5-13,GAFAS VOGUExund 0VO5,Title,Default Title,0008119
gafas-voguexund-0vo5-14,GAFAS VOGUExund 0VO5,Title,Default Title,0008121
gafas-voguexund-0vo5-15,GAFAS VOGUExund 0VO5,Title,Default Title,0008125
gafas-voguexund-0vo5-16,GAFAS VOGUExund 0VO5,Title,Default Title,0008126
gafas-voguexund-0vo5-17,GAFAS VOGUExund 0VO5,Title,Default Title,0008130
brocha-sp-proxund-8,BROCHA SP PROxund 8,Title,Default Title,0008142
masc-fac-nevadax20un,MASC FAC NEVADAx20un,Title,Default Title,0008154
rubor-revlonx5g-c-st,RUBOR REVLONx5g C/ST,Title,Default Title,0008274
shamp-lorealx1500ml-5,SHAMP LOREALx1500ml,Title,Default Title,0008325
shamp-lorealx300ml-l,SHAMP LOREALx300ml L,Title,Default Title,0008328
shamp-lorealx1500ml-6,SHAMP LOREALx1500ml,Title,Default Title,0008329
ampolleta-lorealx6ml,AMPOLLETA LOREALx6ml,Title,Default Title,0008343
oxigenta-lmarx100ml,OXIGENTA LMARx100ml,Title,Default Title,0008376
bajalenguas-generico,BAJALENGUAS GENERICO,Title,Default Title,0008644
endurecedor-bresciax-1,ENDURECEDOR BRESCIAx,Title,Default Title,0008654
laca-schwarzkopfx200,LACA SCHWARZKOPFx200,Title,Default Title,0008815
pestanas-kholxund-en,PESTANAS KHOLxund EN,Title,Default Title,0009184
shamp-lorealx300ml-i,SHAMP LOREALx300ml I,Title,Default Title,0009223
shamp-lorealx1500ml-7,SHAMP LOREALx1500ml,Title,Default Title,0009224
masc-cap-lorealx250m-5,MASC CAP LOREALx250m,Title,Default Title,0009810
ampolleta-alfaparfx1-3,AMPOLLETA ALFAPARFx1,Title,Default Title,0009891
masc-cap-lorealx500m-6,MASC CAP LOREALx500m,Title,Default Title,0009899
acond-schwarzkopfx20-17,ACOND SCHWARZKOPFx20,Title,Default Title,0010074
masc-cap-lorealx500m-7,MASC CAP LOREALx500m,Title,Default Title,0010080
shamp-schwarzkopfx25-3,SHAMP SCHWARZKOPFx25,Title,Default Title,0010100
shamp-alfaparfx250ml-10,SHAMP ALFAPARFx250ml,Title,Default Title,0010113
masc-cap-lorealx250m-6,MASC CAP LOREALx250m,Title,Default Title,0010189
shamp-lorealx300ml-a-1,SHAMP LOREALx300ml A,Title,Default Title,0010190
acond-lorealx200ml-s,ACOND LOREALx200ml S,Title,Default Title,0010242
masc-cap-lorealx500m-8,MASC CAP LOREALx500m,Title,Default Title,0010341
polvo-dapnhex20g-sue,POLVO DAPNHEx20g SUE,Title,Default Title,0010345
kit-cap-naissantx3un,KIT CAP NAISSANTx3un,Title,Default Title,0010352
polvo-revlonx8-4g-c-1,POLVO REVLONx8.4g C/,Title,Default Title,0010663
polvo-revlonx8-4g-c-2,POLVO REVLONx8.4g C/,Title,Default Title,0010664
polvo-revlonx8-4g-c-3,POLVO REVLONx8.4g C/,Title,Default Title,0010665
polvo-revlonx15g-sue,POLVO REVLONx15g SUE,Title,Default Title,0010666
rubor-revlonx5g-c-st-1,RUBOR REVLONx5g C/ST,Title,Default Title,0010667
rubor-revlonx5g-c-st-2,RUBOR REVLONx5g C/ST,Title,Default Title,0010668
delineador-revlonx2-1,DELINEADOR REVLONx2.,Title,Default Title,0010669
balsamo-lab-revlonx2,BALSAMO LAB REVLONx2,Title,Default Title,0010740
balsamo-lab-revlonx2-1,BALSAMO LAB REVLONx2,Title,Default Title,0010741
balsamo-lab-revlonx2-2,BALSAMO LAB REVLONx2,Title,Default Title,0010742
polvo-revlonx7-1g-p,POLVO REVLONx7.1g P/,Title,Default Title,0010750
base-revlonx30ml-c-s-1,BASE REVLONx30ml C/S,Title,Default Title,0010757
corrector-daphnex8g,CORRECTOR DAPHNEx8g,Title,Default Title,0010931
delineador-daphnex7g-1,DELINEADOR DAPHNEx7g,Title,Default Title,0010932
labial-daphnex2-5g-l,LABIAL DAPHNEx2.5g L,Title,Default Title,0010933
labial-daphnex2-5g-l-1,LABIAL DAPHNEx2.5g L,Title,Default Title,0010934
labial-daphnex2-5g-l-2,LABIAL DAPHNEx2.5g L,Title,Default Title,0010935
labial-daphnex2-5g-l-3,LABIAL DAPHNEx2.5g L,Title,Default Title,0010936
labial-daphnex2-5g-l-4,LABIAL DAPHNEx2.5g L,Title,Default Title,0010937
labial-daphnex2-5g-l-5,LABIAL DAPHNEx2.5g L,Title,Default Title,0010940
labial-daphnex2-5g-l-6,LABIAL DAPHNEx2.5g L,Title,Default Title,0010941
labial-daphnex2-5g-l-7,LABIAL DAPHNEx2.5g L,Title,Default Title,0010942
lapiz-ojosx1-3g-daph,LAPIZ OJOSx1.3g DAPH,Title,Default Title,0010946
lapiz-ojos-daphnex0-1,LAPIZ OJOS DAPHNEx0.,Title,Default Title,0010951
lapiz-cejas-daphnex1-1,LAPIZ CEJAS DAPHNEx1,Title,Default Title,0010952
lapiz-cejas-daphnex1-2,LAPIZ CEJAS DAPHNEx1,Title,Default Title,0010953
labial-daphnex4g-bro,LABIAL DAPHNEx4g BRO,Title,Default Title,0010954
labial-daphnex4g-rom,LABIAL DAPHNEx4g ROM,Title,Default Title,0010955
labial-daphnex4g-gol,LABIAL DAPHNEx4g GOL,Title,Default Title,0010956
lapiz-ojos-daphnex0-2,LAPIZ OJOS DAPHNEx0.,Title,Default Title,0010957
labial-liq-daphnex6m,LABIAL LIQ DAPHNEx6m,Title,Default Title,0010958
labial-liq-daphnex6m-1,LABIAL LIQ DAPHNEx6m,Title,Default Title,0010959
labial-liq-daphnex6m-2,LABIAL LIQ DAPHNEx6m,Title,Default Title,0010960
labial-liq-daphnex6m-3,LABIAL LIQ DAPHNEx6m,Title,Default Title,0010964
rubor-daphnex3-5g-mi,RUBOR DAPHNEx3.5g MI,Title,Default Title,0010972
polvo-daphnex14g-c-e-1,POLVO DAPHNEx14g C/E,Title,Default Title,0010973
rubor-daphnex3-5g-mi-1,RUBOR DAPHNEx3.5g MI,Title,Default Title,0010974
polvo-daphnex14g-c-e-2,POLVO DAPHNEx14g C/E,Title,Default Title,0010975
rubor-daphnex3-5g-mi-2,RUBOR DAPHNEx3.5g MI,Title,Default Title,0010976
polvo-daphnex14g-c-e-3,POLVO DAPHNEx14g C/E,Title,Default Title,0010977
rubor-daphnex3-5g-mi-3,RUBOR DAPHNEx3.5g MI,Title,Default Title,0010978
polvo-daphnex14g-c-e-4,POLVO DAPHNEx14g C/E,Title,Default Title,0010979
polvo-dapnhex20g-sue-1,POLVO DAPNHEx20g SUE,Title,Default Title,0010985
polvo-dapnhex20g-sue-2,POLVO DAPNHEx20g SUE,Title,Default Title,0010986
sombra-daphnex3-5g-k,SOMBRA DAPHNEx3.5g K,Title,Default Title,0010991
sombra-daphnex3-5g-b-1,SOMBRA DAPHNEx3.5g B,Title,Default Title,0010992
labial-daphnex4g-ten,LABIAL DAPHNEx4g TEN,Title,Default Title,0011250
labial-daphnex4g-chi,LABIAL DAPHNEx4g CHI,Title,Default Title,0011252
labial-daphnex4g-ext,LABIAL DAPHNEx4g EXT,Title,Default Title,0011253
labial-daphnex4g-sex,LABIAL DAPHNEx4g SEX,Title,Default Title,0011254
labial-daphnex4g-cla,LABIAL DAPHNEx4g CLA,Title,Default Title,0011255
labial-daphnex4g-apa,LABIAL DAPHNEx4g APA,Title,Default Title,0011256
labial-daphnex4g-vin,LABIAL DAPHNEx4g VIN,Title,Default Title,0011257
dispensador-coholx60,DISPENSADOR COHOLx60,Title,Default Title,0011449
tinte-alfaparfx60ml,TINTE ALFAPARFx60ml,Title,Default Title,0011953
tinte-alfaparfx60ml-1,TINTE ALFAPARFx60ml,Title,Default Title,0011954
tinte-alfaparfx60ml-2,TINTE ALFAPARFx60ml,Title,Default Title,0011964
tinte-alfaparfx60ml-3,TINTE ALFAPARFx60ml,Title,Default Title,0011974
tinte-alfaparfx60ml-4,TINTE ALFAPARFx60ml,Title,Default Title,0011975
tinte-alfaparfx60ml-5,TINTE ALFAPARFx60ml,Title,Default Title,0011985
tinte-alfaparfx60ml-6,TINTE ALFAPARFx60ml,Title,Default Title,0011989
tinte-alfaparfx60ml-7,TINTE ALFAPARFx60ml,Title,Default Title,0011992
tinte-alfaparfx60ml-8,TINTE ALFAPARFx60ml,Title,Default Title,0011994
tinte-alfaparfx60ml-9,TINTE ALFAPARFx60ml,Title,Default Title,0011997
tinte-alfaparfx60ml-10,TINTE ALFAPARFx60ml,Title,Default Title,0012003
tinte-alfaparfx60ml-11,TINTE ALFAPARFx60ml,Title,Default Title,0012006
tinte-alfaparfx60ml-12,TINTE ALFAPARFx60ml,Title,Default Title,0012009
tinte-alfaparfx60ml-13,TINTE ALFAPARFx60ml,Title,Default Title,0012010
tinte-alfaparfx60ml-14,TINTE ALFAPARFx60ml,Title,Default Title,0012011
tinte-alfaparfx60ml-15,TINTE ALFAPARFx60ml,Title,Default Title,0012040
tinte-alfaparfx60ml-16,TINTE ALFAPARFx60ml,Title,Default Title,0012050
tinte-alfaparfx60ml-17,TINTE ALFAPARFx60ml,Title,Default Title,0012058
tinte-yellowx60ml-7,TINTE YELLOWx60ml 7.,Title,Default Title,0012090
tinte-wellax60ml-c-p-34,TINTE WELLAx60ml C/P,Title,Default Title,0012091
tinte-wellax60ml-c-p-35,TINTE WELLAx60ml C/P,Title,Default Title,0012092
tinte-wellax60ml-c-p-36,TINTE WELLAx60ml C/P,Title,Default Title,0012093
tinte-wellax60ml-c-p-37,TINTE WELLAx60ml C/P,Title,Default Title,0012094
tinte-wellax60ml-c-p-38,TINTE WELLAx60ml C/P,Title,Default Title,0012095
tinte-wellax60ml-c-p-39,TINTE WELLAx60ml C/P,Title,Default Title,0012096
tinte-wellax60ml-c-p-40,TINTE WELLAx60ml C/P,Title,Default Title,0012097
tinte-wellax60ml-c-p-41,TINTE WELLAx60ml C/P,Title,Default Title,0012098
tinte-wellax60ml-c-p-42,TINTE WELLAx60ml C/P,Title,Default Title,0012099
tinte-wellax60ml-c-p-43,TINTE WELLAx60ml C/P,Title,Default Title,0012100
tinte-wellax60ml-c-p-44,TINTE WELLAx60ml C/P,Title,Default Title,0012102
tinte-wellax60ml-c-p-45,TINTE WELLAx60ml C/P,Title,Default Title,0012104
tinte-wellax60ml-c-p-46,TINTE WELLAx60ml C/P,Title,Default Title,0012106
tinte-yellowx60ml-8,TINTE YELLOWx60ml 8,Title,Default Title,0012109
tinte-wellax60ml-c-p-47,TINTE WELLAx60ml C/P,Title,Default Title,0012114
tinte-wellax60ml-c-p-48,TINTE WELLAx60ml C/P,Title,Default Title,0012116
tinte-wellax60ml-c-p-49,TINTE WELLAx60ml C/P,Title,Default Title,0012119
tinte-wellax60ml-c-p-50,TINTE WELLAx60ml C/P,Title,Default Title,0012121
tinte-wellax60ml-c-p-51,TINTE WELLAx60ml C/P,Title,Default Title,0012122
tinte-wellax60ml-c-p-52,TINTE WELLAx60ml C/P,Title,Default Title,0012123
tinte-wellax60ml-c-p-53,TINTE WELLAx60ml C/P,Title,Default Title,0012125
tinte-wellax60ml-c-p-54,TINTE WELLAx60ml C/P,Title,Default Title,0012140
tinte-wellax60ml-c-p-55,TINTE WELLAx60ml C/P,Title,Default Title,0012143
tinte-wellax60ml-c-p-56,TINTE WELLAx60ml C/P,Title,Default Title,0012145
tinte-wellax60ml-c-p-57,TINTE WELLAx60ml C/P,Title,Default Title,0012146
tinte-wellax60ml-c-p-58,TINTE WELLAx60ml C/P,Title,Default Title,0012148
tinte-wellax60ml-c-p-59,TINTE WELLAx60ml C/P,Title,Default Title,0012151
tinte-wellax60ml-c-p-60,TINTE WELLAx60ml C/P,Title,Default Title,0012153
tinte-wellax60ml-c-p-61,TINTE WELLAx60ml C/P,Title,Default Title,0012155
tinte-wellax60ml-c-p-62,TINTE WELLAx60ml C/P,Title,Default Title,0012156
tinte-wellax60ml-c-p-63,TINTE WELLAx60ml C/P,Title,Default Title,0012158
tinte-wellax60ml-c-p-64,TINTE WELLAx60ml C/P,Title,Default Title,0012160
tinte-wellax60ml-c-p-65,TINTE WELLAx60ml C/P,Title,Default Title,0012163
tinte-wellax60ml-c-p-66,TINTE WELLAx60ml C/P,Title,Default Title,0012164
tinte-wellax60ml-c-p-67,TINTE WELLAx60ml C/P,Title,Default Title,0012165
tinte-wellax60ml-c-p-68,TINTE WELLAx60ml C/P,Title,Default Title,0012166
tinte-wellax60ml-c-p-69,TINTE WELLAx60ml C/P,Title,Default Title,0012167
tinte-wellax60ml-c-p-70,TINTE WELLAx60ml C/P,Title,Default Title,0012168
tinte-wellax60ml-c-p-71,TINTE WELLAx60ml C/P,Title,Default Title,0012169
tinte-wellax60ml-c-p-72,TINTE WELLAx60ml C/P,Title,Default Title,0012176
tinte-wellax60ml-c-p-73,TINTE WELLAx60ml C/P,Title,Default Title,0012177
polvo-maybellinex12g,POLVO MAYBELLINEx12g,Title,Default Title,0012178
tinte-lorealx50ml-ri-2,TINTE LOREALx50ml RI,Title,Default Title,0012194
tinte-lorealx50ml-ri-3,TINTE LOREALx50ml RI,Title,Default Title,0012198
tinte-wellax60ml-c-t-19,TINTE WELLAx60ml C/T,Title,Default Title,0012202
tinte-wellax60ml-c-t-20,TINTE WELLAx60ml C/T,Title,Default Title,0012203
tinte-wellax60ml-c-t-21,TINTE WELLAx60ml C/T,Title,Default Title,0012206
tinte-lorealx50ml-ri-4,TINTE LOREALx50ml RI,Title,Default Title,0012207
tinte-wellax60ml-c-t-22,TINTE WELLAx60ml C/T,Title,Default Title,0012208
tinte-lorealx50ml-ri-5,TINTE LOREALx50ml RI,Title,Default Title,0012209
tinte-wellax60ml-c-t-23,TINTE WELLAx60ml C/T,Title,Default Title,0012210
tinte-lorealx50g-dia-20,TINTE LOREALx50g DIA,Title,Default Title,0012211
tinte-wellax60ml-c-t-24,TINTE WELLAx60ml C/T,Title,Default Title,0012212
tinte-wellax60ml-c-t-25,TINTE WELLAx60ml C/T,Title,Default Title,0012213
tinte-lorealx50ml-ri-6,TINTE LOREALx50ml RI,Title,Default Title,0012214
tinte-wellax60ml-c-t-26,TINTE WELLAx60ml C/T,Title,Default Title,0012215
tinte-lorealx50g-dia-21,TINTE LOREALx50g DIA,Title,Default Title,0012216
tinte-lorealx50g-dia-22,TINTE LOREALx50g DIA,Title,Default Title,0012217
tinte-lorealx50g-dia-23,TINTE LOREALx50g DIA,Title,Default Title,0012218
tinte-wellax60ml-c-t-27,TINTE WELLAx60ml C/T,Title,Default Title,0012219
tinte-lorealx50g-dia-24,TINTE LOREALx50g DIA,Title,Default Title,0012220
tinte-wellax60ml-c-t-28,TINTE WELLAx60ml C/T,Title,Default Title,0012221
tinte-lorealx50g-dia-25,TINTE LOREALx50g DIA,Title,Default Title,0012222
tinte-wellax60ml-c-t-29,TINTE WELLAx60ml C/T,Title,Default Title,0012223
tinte-wellax60ml-c-t-30,TINTE WELLAx60ml C/T,Title,Default Title,0012224
tinte-lorealx50g-dia-26,TINTE LOREALx50g DIA,Title,Default Title,0012225
tinte-wellax60ml-c-t-31,TINTE WELLAx60ml C/T,Title,Default Title,0012226
tinte-lorealx50g-dia-27,TINTE LOREALx50g DIA,Title,Default Title,0012227
tinte-wellax60ml-c-t-32,TINTE WELLAx60ml C/T,Title,Default Title,0012228
tinte-wellax60ml-c-t-33,TINTE WELLAx60ml C/T,Title,Default Title,0012229
tinte-wellax60ml-c-t-34,TINTE WELLAx60ml C/T,Title,Default Title,0012230
tinte-wellax60ml-c-t-35,TINTE WELLAx60ml C/T,Title,Default Title,0012231
tinte-lorealx50g-dia-28,TINTE LOREALx50g DIA,Title,Default Title,0012232
tinte-wellax60ml-c-t-36,TINTE WELLAx60ml C/T,Title,Default Title,0012233
tinte-wellax60ml-c-t-37,TINTE WELLAx60ml C/T,Title,Default Title,0012234
tinte-lorealx50g-dia-29,TINTE LOREALx50g DIA,Title,Default Title,0012235
tinte-wellax60ml-c-t-38,TINTE WELLAx60ml C/T,Title,Default Title,0012236
tinte-wellax60ml-c-t-39,TINTE WELLAx60ml C/T,Title,Default Title,0012237
tinte-wellax60ml-c-t-40,TINTE WELLAx60ml C/T,Title,Default Title,0012238
tinte-wellax60ml-c-t-41,TINTE WELLAx60ml C/T,Title,Default Title,0012239
tinte-wellax60ml-c-t-42,TINTE WELLAx60ml C/T,Title,Default Title,0012240
tinte-wellax60ml-c-t-43,TINTE WELLAx60ml C/T,Title,Default Title,0012241
tinte-wellax60ml-c-t-44,TINTE WELLAx60ml C/T,Title,Default Title,0012242
tinte-wellax60ml-c-t-45,TINTE WELLAx60ml C/T,Title,Default Title,0012243
tinte-wellax60ml-c-t-46,TINTE WELLAx60ml C/T,Title,Default Title,0012244
tinte-wellax60ml-c-t-47,TINTE WELLAx60ml C/T,Title,Default Title,0012245
tinte-wellax60ml-c-t-48,TINTE WELLAx60ml C/T,Title,Default Title,0012246
tinte-lorealx50g-maj-12,TINTE LOREALx50g MAJ,Title,Default Title,0012247
tinte-lorealx50g-maj-13,TINTE LOREALx50g MAJ,Title,Default Title,0012248
tinte-lorealx50g-maj-14,TINTE LOREALx50g MAJ,Title,Default Title,0012249
tinte-lorealx50g-maj-15,TINTE LOREALx50g MAJ,Title,Default Title,0012250
tinte-lorealx50g-maj-16,TINTE LOREALx50g MAJ,Title,Default Title,0012251
tinte-lorealx50g-maj-17,TINTE LOREALx50g MAJ,Title,Default Title,0012253
tinte-lorealx50g-maj-18,TINTE LOREALx50g MAJ,Title,Default Title,0012254
tinte-lorealx50g-maj-19,TINTE LOREALx50g MAJ,Title,Default Title,0012255
tinte-lorealx50g-maj-20,TINTE LOREALx50g MAJ,Title,Default Title,0012256
tinte-lorealx50g-maj-21,TINTE LOREALx50g MAJ,Title,Default Title,0012257
tinte-lorealx50g-maj-22,TINTE LOREALx50g MAJ,Title,Default Title,0012258
tinte-lorealx50g-maj-23,TINTE LOREALx50g MAJ,Title,Default Title,0012259
tinte-lorealx50g-maj-24,TINTE LOREALx50g MAJ,Title,Default Title,0012260
tinte-lorealx50g-maj-25,TINTE LOREALx50g MAJ,Title,Default Title,0012261
tinte-lorealx50g-maj-26,TINTE LOREALx50g MAJ,Title,Default Title,0012262
tinte-lorealx50g-maj-27,TINTE LOREALx50g MAJ,Title,Default Title,0012263
tinte-lorealx50g-maj-28,TINTE LOREALx50g MAJ,Title,Default Title,0012264
tinte-lorealx50g-maj-29,TINTE LOREALx50g MAJ,Title,Default Title,0012265
tinte-lorealx50g-maj-30,TINTE LOREALx50g MAJ,Title,Default Title,0012266
tinte-lorealx50g-maj-31,TINTE LOREALx50g MAJ,Title,Default Title,0012267
tinte-lorealx50g-maj-32,TINTE LOREALx50g MAJ,Title,Default Title,0012269
tinte-lorealx50g-maj-33,TINTE LOREALx50g MAJ,Title,Default Title,0012270
tinte-lorealx50g-maj-34,TINTE LOREALx50g MAJ,Title,Default Title,0012271
tinte-lorealx50g-maj-35,TINTE LOREALx50g MAJ,Title,Default Title,0012272
tinte-lorealx50g-maj-36,TINTE LOREALx50g MAJ,Title,Default Title,0012273
tinte-lorealx50g-maj-37,TINTE LOREALx50g MAJ,Title,Default Title,0012274
tinte-lorealx50g-maj-38,TINTE LOREALx50g MAJ,Title,Default Title,0012275
tinte-lorealx50g-maj-39,TINTE LOREALx50g MAJ,Title,Default Title,0012276
tinte-lorealx50g-maj-40,TINTE LOREALx50g MAJ,Title,Default Title,0012278
tinte-lorealx50g-maj-41,TINTE LOREALx50g MAJ,Title,Default Title,0012279
tinte-lorealx50g-maj-42,TINTE LOREALx50g MAJ,Title,Default Title,0012280
tinte-lorealx50g-maj-43,TINTE LOREALx50g MAJ,Title,Default Title,0012281
tinte-lorealx50g-maj-44,TINTE LOREALx50g MAJ,Title,Default Title,0012282
tinte-lorealx50g-maj-45,TINTE LOREALx50g MAJ,Title,Default Title,0012283
tinte-lorealx50g-maj-46,TINTE LOREALx50g MAJ,Title,Default Title,0012284
tinte-lorealx50g-maj-47,TINTE LOREALx50g MAJ,Title,Default Title,0012285
tinte-lorealx50g-maj-48,TINTE LOREALx50g MAJ,Title,Default Title,0012286
tinte-lorealx50g-maj-49,TINTE LOREALx50g MAJ,Title,Default Title,0012287
tinte-lorealx50g-coo-7,TINTE LOREALx50g COO,Title,Default Title,0012290
tinte-lorealx50g-coo-8,TINTE LOREALx50g COO,Title,Default Title,0012291
tinte-lorealx50g-coo-9,TINTE LOREALx50g COO,Title,Default Title,0012292
tinte-lorealx50g-coo-10,TINTE LOREALx50g COO,Title,Default Title,0012293
tinte-lorealx50g-coo-11,TINTE LOREALx50g COO,Title,Default Title,0012294
tinte-lorealx50g-coo-12,TINTE LOREALx50g COO,Title,Default Title,0012295
tinte-lorealx50g-coo-13,TINTE LOREALx50g COO,Title,Default Title,0012296
tinte-lorealx50g-coo-14,TINTE LOREALx50g COO,Title,Default Title,0012297
tinte-lorealx50g-hig,TINTE LOREALx50g HIG,Title,Default Title,0012298
tinte-lorealx50g-hig-1,TINTE LOREALx50g HIG,Title,Default Title,0012299
tinte-lorealx50g-hig-2,TINTE LOREALx50g HIG,Title,Default Title,0012301
tinte-wellax60ml-c-p-74,TINTE WELLAx60ml C/P,Title,Default Title,0012302
tinte-wellax60ml-c-t-49,TINTE WELLAx60ml C/T,Title,Default Title,0012303
tinte-recamierx60g-t,TINTE RECAMIERx60g T,Title,Default Title,0012339
tinte-recamierx60g-t-1,TINTE RECAMIERx60g T,Title,Default Title,0012347
tinte-recamierx60g-t-2,TINTE RECAMIERx60g T,Title,Default Title,0012356
tinte-lorealx50ml-ri-7,TINTE LOREALx50ml RI,Title,Default Title,0012366
tinte-lorealx50g-maj-50,TINTE LOREALx50g MAJ,Title,Default Title,0012367
tinte-lorealx50g-coo-15,TINTE LOREALx50g COO,Title,Default Title,0012368
tinte-lorealx50g-maj-51,TINTE LOREALx50g MAJ,Title,Default Title,0012369
tinte-lorealx50g-maj-52,TINTE LOREALx50g MAJ,Title,Default Title,0012370
tinte-lorealx50g-maj-53,TINTE LOREALx50g MAJ,Title,Default Title,0012371
tinte-lorealx50g-maj-54,TINTE LOREALx50g MAJ,Title,Default Title,0012372
tinte-lorealx50g-maj-55,TINTE LOREALx50g MAJ,Title,Default Title,0012373
tinte-lorealx50g-maj-56,TINTE LOREALx50g MAJ,Title,Default Title,0012374
tinte-lorealx50g-maj-57,TINTE LOREALx50g MAJ,Title,Default Title,0012375
esmalte-bresciax12-5,ESMALTE BRESCIAx12.5,Title,Default Title,0012384
esmalte-bresciax12-6,ESMALTE BRESCIAx12.5,Title,Default Title,0012386
esmalte-bresciax12-7,ESMALTE BRESCIAx12.5,Title,Default Title,0012389
tinte-wellax60ml-c-t-50,TINTE WELLAx60ml C/T,Title,Default Title,0012393
esmalte-bresciax12-8,ESMALTE BRESCIAx12.5,Title,Default Title,0012397
esmalte-bresciax12-9,ESMALTE BRESCIAx12.5,Title,Default Title,0012398
tinte-salermx75ml-vi,TINTE SALERMx75ml VI,Title,Default Title,0012449
tinte-lorealx50g-maj-58,TINTE LOREALx50g MAJ,Title,Default Title,0012513
tinte-lorealx50g-maj-59,TINTE LOREALx50g MAJ,Title,Default Title,0012569
tinte-lorealx50g-maj-60,TINTE LOREALx50g MAJ,Title,Default Title,0012592
tinte-lorealx50g-coo-16,TINTE LOREALx50g COO,Title,Default Title,0012595
tinte-lorealx50g-maj-61,TINTE LOREALx50g MAJ,Title,Default Title,0012596
tinte-lorealx50g-dia-30,TINTE LOREALx50g DIA,Title,Default Title,0012598
tinte-wellax60ml-c-t-51,TINTE WELLAx60ml C/T,Title,Default Title,0012599
tinte-alfaparfx90ml,TINTE ALFAPARFx90ml,Title,Default Title,0012607
tinte-alfaparfx90ml-1,TINTE ALFAPARFx90ml,Title,Default Title,0012610
tinte-bysx60g-espect,TINTE BYSx60g ESPECT,Title,Default Title,0012614
tinte-bysx60g-espect-1,TINTE BYSx60g ESPECT,Title,Default Title,0012616
tinte-alfaparfx60ml-18,TINTE ALFAPARFx60ml,Title,Default Title,0012656
tinte-wellax60ml-c-p-75,TINTE WELLAx60ml C/P,Title,Default Title,0012729
tinte-wellax60ml-c-p-76,TINTE WELLAx60ml C/P,Title,Default Title,0012730
tinte-wellax60ml-c-p-77,TINTE WELLAx60ml C/P,Title,Default Title,0012731
tinte-wellax60ml-c-p-78,TINTE WELLAx60ml C/P,Title,Default Title,0012732
tinte-wellax60ml-c-t-52,TINTE WELLAx60ml C/T,Title,Default Title,0012733
tinte-bigenx6g-tradi-1,TINTE BIGENx6g TRADI,Title,Default Title,0012752
tinte-bigenx6g-tradi-2,TINTE BIGENx6g TRADI,Title,Default Title,0012755
tinte-wellax60ml-c-p-79,TINTE WELLAx60ml C/P,Title,Default Title,0012763
tinte-wellax60ml-c-p-80,TINTE WELLAx60ml C/P,Title,Default Title,0012764
tinte-schwarzkopfx60-4,TINTE SCHWARZKOPFx60,Title,Default Title,0012765
tinte-schwarzkopfx60-5,TINTE SCHWARZKOPFx60,Title,Default Title,0012771
tinte-schwarzkopfx60-6,TINTE SCHWARZKOPFx60,Title,Default Title,0012774
tinte-schwarzkopfx60-7,TINTE SCHWARZKOPFx60,Title,Default Title,0012777
tinte-schwarzkopfx60-8,TINTE SCHWARZKOPFx60,Title,Default Title,0012785
tinte-schwarzkopfx60-9,TINTE SCHWARZKOPFx60,Title,Default Title,0012792
tinte-schwarzkopfx60-10,TINTE SCHWARZKOPFx60,Title,Default Title,0012793
tinte-schwarzkopfx60-11,TINTE SCHWARZKOPFx60,Title,Default Title,0012794
tinte-schwarzkopfx60-12,TINTE SCHWARZKOPFx60,Title,Default Title,0012795
tinte-schwarzkopfx60-13,TINTE SCHWARZKOPFx60,Title,Default Title,0012796
tinte-schwarzkopfx60-14,TINTE SCHWARZKOPFx60,Title,Default Title,0012799
tinte-schwarzkopfx60-15,TINTE SCHWARZKOPFx60,Title,Default Title,0012801
tinte-schwarzkopfx60-16,TINTE SCHWARZKOPFx60,Title,Default Title,0012813
tinte-nouvellex100ml,TINTE NOUVELLEx100ml,Title,Default Title,0013040
tinte-nouvellex100ml-1,TINTE NOUVELLEx100ml,Title,Default Title,0013041
primer-daphnex30ml-m,PRIMER DAPHNEx30ml M,Title,Default Title,0013112
tinte-wellax60ml-c-t-53,TINTE WELLAx60ml C/T,Title,Default Title,0013318
labial-daphnex4g-cir,LABIAL DAPHNEx4g CIR,Title,Default Title,0013342
tonico-cap-alfaparfx-3,TONICO CAP ALFAPARFx,Title,Default Title,0013344
delineador-revlonx0-1,DELINEADOR REVLONx0.,Title,Default Title,0013346
oxigenta-majicremex1-2,OXIGENTA MAJICREMEx1,Title,Default Title,0013350
shamp-lorealx300ml-p-1,SHAMP LOREALx300ml P,Title,Default Title,0013376
acond-lorealx200ml-p-1,ACOND LOREALx200ml P,Title,Default Title,0013377
masc-cap-lorealx250m-7,MASC CAP LOREALx250m,Title,Default Title,0013378
trata-cap-lorealx190-2,TRATA CAP LOREALx190,Title,Default Title,0013402
esmalte-bresciax12-10,ESMALTE BRESCIAx12.5,Title,Default Title,0013437
tinte-lorealx50g-maj-62,TINTE LOREALx50g MAJ,Title,Default Title,0013498
tinte-wellax60ml-c-p-81,TINTE WELLAx60ml C/P,Title,Default Title,0013554
tinte-alfaparfx60ml-19,TINTE ALFAPARFx60ml,Title,Default Title,0013848
tinte-alfaparfx60ml-20,TINTE ALFAPARFx60ml,Title,Default Title,0013853
agua-perfume-overtur,AGUA PERFUME OVERTUR,Title,Default Title,0013973
brillo-lab-daphnex12-1,BRILLO LAB DAPHNEx12,Title,Default Title,0014002
acond-wellax200ml-in-1,ACOND WELLAx200ml IN,Title,Default Title,0014009
shamp-wellax250ml-in-6,SHAMP WELLAx250ml IN,Title,Default Title,0014010
masc-cap-wellax150ml-4,MASC CAP WELLAx150ml,Title,Default Title,0014011
tinte-wellax60ml-c-t-54,TINTE WELLAx60ml C/T,Title,Default Title,0014013
tinte-wellax60ml-c-t-55,TINTE WELLAx60ml C/T,Title,Default Title,0014014
tinte-wellax60ml-c-t-56,TINTE WELLAx60ml C/T,Title,Default Title,0014015
emulsion-wellax1000m-2,EMULSION WELLAx1000m,Title,Default Title,0014033
emulsion-wellax120ml-1,EMULSION WELLAx120ml,Title,Default Title,0014034
oxigenta-wellax60ml-1,OXIGENTA WELLAx60ml,Title,Default Title,0014035
cera-dep-kalux1000g,CERA DEP KALUx1000g,Title,Default Title,0014071
shamp-wellax250ml-in-7,SHAMP WELLAx250ml IN,Title,Default Title,0014109
acond-wellax200ml-in-2,ACOND WELLAx200ml IN,Title,Default Title,0014110
masc-cap-wellax150ml-5,MASC CAP WELLAx150ml,Title,Default Title,0014111
trata-cap-wellax150m,TRATA CAP WELLAx150m,Title,Default Title,0014112
trata-cap-wellax150m-1,TRATA CAP WELLAx150m,Title,Default Title,0014116
shamp-wellax250ml-in-8,SHAMP WELLAx250ml IN,Title,Default Title,0014118
acond-wellax200ml-bl-1,ACOND WELLAx200ml BL,Title,Default Title,0014119
brillo-lab-daphnex12-2,BRILLO LAB DAPHNEx12,Title,Default Title,0014140
oxigenta-wellax1000m-2,OXIGENTA WELLAx1000m,Title,Default Title,0014157
cera-dep-kalux1000g-1,CERA DEP KALUx1000g,Title,Default Title,0014158
polvo-daphnex14g-c-e-5,POLVO DAPHNEx14g C/E,Title,Default Title,0014187
polvo-daphnex14g-c-e-6,POLVO DAPHNEx14g C/E,Title,Default Title,0014188
polvo-daphnex14g-c-e-7,POLVO DAPHNEx14g C/E,Title,Default Title,0014206
tinte-lorealx50g-maj-63,TINTE LOREALx50g MAJ,Title,Default Title,0014226
tinte-lorealx50g-maj-64,TINTE LOREALx50g MAJ,Title,Default Title,0014227
oxigenta-yellowx90ml,OXIGENTA YELLOWx90ml,Title,Default Title,0014268
labial-daphnex4g-mis,LABIAL DAPHNEx4g MIS,Title,Default Title,0014270
tinte-schwarzkopfx60-17,TINTE SCHWARZKOPFx60,Title,Default Title,0014670
tinte-inoax60g-7,TINTE INOAx60g 7,Title,Default Title,0014722
tinte-inoax60g-7-0,TINTE INOAx60g 7.0,Title,Default Title,0014723
tinte-inoax60g-7-1,TINTE INOAx60g 7.1,Title,Default Title,0014724
tinte-inoax60g-7-13,TINTE INOAx60g 7.13,Title,Default Title,0014725
tinte-inoax60g-7-3,TINTE INOAx60g 7.3,Title,Default Title,0014726
tinte-inoax60g-7-31,TINTE INOAx60g 7.31,Title,Default Title,0014727
tinte-inoax60g-7-8,TINTE INOAx60g 7.8,Title,Default Title,0014728
tinte-inoax60g-7-35,TINTE INOAx60g 7.35,Title,Default Title,0014729
tinte-inoax60g-8,TINTE INOAx60g 8,Title,Default Title,0014730
tinte-inoax60g-8-1,TINTE INOAx60g 8.1,Title,Default Title,0014731
tinte-inoax60g-8-31,TINTE INOAx60g 8.31,Title,Default Title,0014732
tinte-inoax60g-9,TINTE INOAx60g 9,Title,Default Title,0014733
tinte-schwarzkopfx60-18,TINTE SCHWARZKOPFx60,Title,Default Title,0014736
tinte-inoax60g-3,TINTE INOAx60g 3,Title,Default Title,0014741
tinte-inoax60g-5-35,TINTE INOAx60g 5.35,Title,Default Title,0014742
tinte-inoax60g-5-4,TINTE INOAx60g 5.4,Title,Default Title,0014743
tinte-inoax60g-8-3,TINTE INOAx60g 8.3,Title,Default Title,0014744
tinte-inoax60g-8-34,TINTE INOAx60g 8.34,Title,Default Title,0014745
oxigenta-lorealx1000,OXIGENTA LOREALx1000,Title,Default Title,0014746
tinte-inoax60g-8-13,TINTE INOAx60g 8.13,Title,Default Title,0014747
tinte-inoax60g-9-1,TINTE INOAx60g 9.1,Title,Default Title,0014748
tinte-inoax60g-6-66,TINTE INOAx60g 6.66,Title,Default Title,0014749
tinte-inoax60g-7-18,TINTE INOAx60g 7.18,Title,Default Title,0014750
tinte-inoax60g-8-8,TINTE INOAx60g 8.8,Title,Default Title,0014751
tinte-inoax60g-8-21,TINTE INOAx60g 8.21,Title,Default Title,0014752
masc-cap-lorealx500m-9,MASC CAP LOREALx500m,Title,Default Title,0014755
serum-cap-lorealx90m,SERUM CAP LOREALx90m,Title,Default Title,0014771
serum-cap-lorealx125,SERUM CAP LOREALx125,Title,Default Title,0014772
tinte-inoax60g-6-23,TINTE INOAx60g 6.23,Title,Default Title,0014785
shamp-lorealx300ml-b-1,SHAMP LOREALx300ml B,Title,Default Title,0014796
shamp-lorealx1500ml-8,SHAMP LOREALx1500ml,Title,Default Title,0014888
shamp-lorealx300ml-m,SHAMP LOREALx300ml M,Title,Default Title,0014890
masc-cap-lorealx500m-10,MASC CAP LOREALx500m,Title,Default Title,0014891
masc-cap-lorealx250m-8,MASC CAP LOREALx250m,Title,Default Title,0014892
kit-cap-salon-lx2und,KIT CAP SALON Lx2und,Title,Default Title,0014912
oxigenta-inoax60ml-v,OXIGENTA INOAx60ml V,Title,Default Title,0014984
exfol-cap-alfaparfx1-1,EXFOL CAP ALFAPARFx1,Title,Default Title,0014994
tinte-inoax60g-6-1,TINTE INOAx60g 6.1,Title,Default Title,0015010
tinte-inoax60g-6-32,TINTE INOAx60g 6.32,Title,Default Title,0015011
tinte-inoax60g-9-12,TINTE INOAx60g 9.12,Title,Default Title,0015012
esmalte-masglox13-5m,ESMALTE MASGLOx13.5m,Title,Default Title,0015017
lienzo-belottix80und,LIENZO BELOTTIx80und,Title,Default Title,0015024
pestanas-m-beautyxun,PESTANAS M/BEAUTYxun,Title,Default Title,0015032
pestanas-m-beautyxun-1,PESTANAS M/BEAUTYxun,Title,Default Title,0015034
pestanas-m-beautyxun-2,PESTANAS M/BEAUTYxun,Title,Default Title,0015035
rubor-ateneax56g-sub,RUBOR ATENEAx56g SUB,Title,Default Title,0015135
aceite-corp-biocorp,ACEITE CORP BIOCORP,Title,Default Title,0015139
esmalte-belierx7-5ml,ESMALTE BELIERx7.5ml,Title,Default Title,0015229
esmalte-belierx7-5ml-1,ESMALTE BELIERx7.5ml,Title,Default Title,0015231
esmalte-belierx7-5ml-2,ESMALTE BELIERx7.5ml,Title,Default Title,0015232
esmalte-belierx7-5ml-3,ESMALTE BELIERx7.5ml,Title,Default Title,0015234
esmalte-belierx7-5ml-4,ESMALTE BELIERx7.5ml,Title,Default Title,0015236
esmalte-belierx7-5ml-5,ESMALTE BELIERx7.5ml,Title,Default Title,0015239
esmalte-belierx7-5ml-6,ESMALTE BELIERx7.5ml,Title,Default Title,0015246
esmalte-belierx7-5ml-7,ESMALTE BELIERx7.5ml,Title,Default Title,0015247
esmalte-belierx7-5ml-8,ESMALTE BELIERx7.5ml,Title,Default Title,0015250
trata-cap-natursensx,TRATA CAP NATURSENSx,Title,Default Title,0015281
tinte-recamierx60g-g,TINTE RECAMIERx60g G,Title,Default Title,0015314
splash-overturex180m,SPLASH OVERTUREx180m,Title,Default Title,0015319
splash-overturex180m-1,SPLASH OVERTUREx180m,Title,Default Title,0015320
tinte-wellax60ml-c-t-57,TINTE WELLAx60ml C/T,Title,Default Title,0015325
tinte-wellax60ml-c-t-58,TINTE WELLAx60ml C/T,Title,Default Title,0015326
tinte-wellax60ml-c-t-59,TINTE WELLAx60ml C/T,Title,Default Title,0015327
masc-fac-dhemsx75ml,MASC FAC DHEMSx75ml,Title,Default Title,0015421
pestanas-ateneaxund,PESTANAS ATENEAxund,Title,Default Title,0015460
pestanas-ateneaxund-1,PESTANAS ATENEAxund,Title,Default Title,0015462
pestanas-ateneaxund-2,PESTANAS ATENEAxund,Title,Default Title,0015467
recipiente-genericox,RECIPIENTE GENERICOx,Title,Default Title,0015517
sombra-daphnex8g-qui,SOMBRA DAPHNEx8g QUI,Title,Default Title,0015735
sombra-daphnex8g-qui-1,SOMBRA DAPHNEx8g QUI,Title,Default Title,0015736
sombra-daphnex8g-qui-2,SOMBRA DAPHNEx8g QUI,Title,Default Title,0015737
sombra-daphnex8g-qui-3,SOMBRA DAPHNEx8g QUI,Title,Default Title,0015738
sombra-daphnex8g-qui-4,SOMBRA DAPHNEx8g QUI,Title,Default Title,0015739
bloq-dhemsx50ml-fac,BLOQ DHEMSx50ml FAC,Title,Default Title,0015845
bloq-dhemsx50ml-fac-1,BLOQ DHEMSx50ml FAC,Title,Default Title,0015846
contorno-daphnex3-5g,CONTORNO DAPHNEx3.5g,Title,Default Title,0015886
contorno-daphnex3-5g-1,CONTORNO DAPHNEx3.5g,Title,Default Title,0015887
contorno-daphnex3-5g-2,CONTORNO DAPHNEx3.5g,Title,Default Title,0015888
contorno-daphnex3-5g-3,CONTORNO DAPHNEx3.5g,Title,Default Title,0015889
contorno-daphnex3-5g-4,CONTORNO DAPHNEx3.5g,Title,Default Title,0015890
pestanina-revlonx10m,PESTANINA REVLONx10m,Title,Default Title,0015925
cera-dep-bell-franzx,CERA DEP BELL FRANZx,Title,Default Title,0015976
kit-cap-natursensx3u,KIT CAP NATURSENSx3u,Title,Default Title,0016212
shamp-wellax250ml-in-9,SHAMP WELLAx250ml IN,Title,Default Title,0016216
trata-cap-wellax95ml,TRATA CAP WELLAx95ml,Title,Default Title,0016217
pestanina-revlonx10m-1,PESTANINA REVLONx10m,Title,Default Title,0016263
esmalte-bresciax12-11,ESMALTE BRESCIAx12.5,Title,Default Title,0016292
esmalte-bresciax12-12,ESMALTE BRESCIAx12.5,Title,Default Title,0016293
esmalte-bresciax12-13,ESMALTE BRESCIAx12.5,Title,Default Title,0016294
tinte-inoax60g-4-45,TINTE INOAx60g 4.45,Title,Default Title,0016343
shamp-natursensx90ml,SHAMP NATURSENSx90ml,Title,Default Title,0016347
alisadora-natursensx,ALISADORA NATURSENSx,Title,Default Title,0016348
pestanas-ateneaxund-3,PESTANAS ATENEAxund,Title,Default Title,0016468
trata-cap-schwarzkop-4,TRATA CAP SCHWARZKOP,Title,Default Title,0016543
trata-cap-schwarzkop-5,TRATA CAP SCHWARZKOP,Title,Default Title,0016545
crema-fac-pilix450g,CREMA FAC PILIx450g,Title,Default Title,0016602
serum-fac-kurax30ml-1,SERUM FAC KURAx30ml,Title,Default Title,0016606
crema-fac-kurax40ml,CREMA FAC KURAx40ml,Title,Default Title,0016610
bruma-fac-kurax55ml-1,BRUMA FAC KURAx55ml,Title,Default Title,0016611
bruma-fac-kurax55ml-2,BRUMA FAC KURAx55ml,Title,Default Title,0016612
bruma-fac-kurax55ml-3,BRUMA FAC KURAx55ml,Title,Default Title,0016613
desmaq-kurax250ml-bi-1,DESMAQ KURAx250ml BI,Title,Default Title,0016614
oxigenta-alfaparfx90,OXIGENTA ALFAPARFx90,Title,Default Title,0016618
oxigenta-alfaparfx90-1,OXIGENTA ALFAPARFx90,Title,Default Title,0016619
oxigenta-alfaparfx90-2,OXIGENTA ALFAPARFx90,Title,Default Title,0016620
emulsion-alfaparfx12,EMULSION ALFAPARFx12,Title,Default Title,0016622
oxigenta-schwarzkopf-2,OXIGENTA SCHWARZKOPF,Title,Default Title,0016626
oxigenta-schwarzkopf-3,OXIGENTA SCHWARZKOPF,Title,Default Title,0016627
oxigenta-schwarzkopf-4,OXIGENTA SCHWARZKOPF,Title,Default Title,0016628
emulsion-schwarzkopf,EMULSION SCHWARZKOPF,Title,Default Title,0016630
oxigenta-recamierx90,OXIGENTA RECAMIERx90,Title,Default Title,0016631
emulsion-lorealx75ml,EMULSION LOREALx75ml,Title,Default Title,0016633
emulsion-lorealx75ml-1,EMULSION LOREALx75ml,Title,Default Title,0016634
oxigenta-salermx112,OXIGENTA SALERMx112.,Title,Default Title,0016637
shamp-lorealx300ml-c,SHAMP LOREALx300ml C,Title,Default Title,0016698
masc-cap-lorealx250m-9,MASC CAP LOREALx250m,Title,Default Title,0016699
crema-peinar-lorealx-1,CREMA PEINAR LOREALx,Title,Default Title,0016700
espuma-cap-lorealx23,ESPUMA CAP LOREALx23,Title,Default Title,0016701
trata-cap-lorealx190-3,TRATA CAP LOREALx190,Title,Default Title,0016702
shamp-lorealx1500ml-9,SHAMP LOREALx1500ml,Title,Default Title,0016703
masc-cap-lorealx500m-11,MASC CAP LOREALx500m,Title,Default Title,0016704
cepillo-elec-babylis,CEPILLO ELEC BABYLIS,Title,Default Title,0016722
primer-revlonx30ml-p,PRIMER REVLONx30ml P,Title,Default Title,0016725
base-amex30g-semimat,BASE AMEx30g SEMIMAT,Title,Default Title,0016786
acond-naissantx300ml,ACOND NAISSANTx300ml,Title,Default Title,0017310
crema-fac-dhemsx50ml,CREMA FAC DHEMSx50ml,Title,Default Title,0017373
splash-overturex180m-2,SPLASH OVERTUREx180m,Title,Default Title,0017499
splash-overturex180m-3,SPLASH OVERTUREx180m,Title,Default Title,0017501
splash-overturex180m-4,SPLASH OVERTUREx180m,Title,Default Title,0017502
splash-overturex180m-5,SPLASH OVERTUREx180m,Title,Default Title,0017503
oxigenta-lorealx1000-1,OXIGENTA LOREALx1000,Title,Default Title,0017515
emulsion-alfaparfx12-1,EMULSION ALFAPARFx12,Title,Default Title,0017569
sombra-raiax10-8g-9t-1,SOMBRA RAIAx10.8g 9T,Title,Default Title,0017586
delineador-raiax1ml-1,DELINEADOR RAIAx1ml,Title,Default Title,0017587
lapiz-cejas-raiax0-8,LAPIZ CEJAS RAIAx0.6,Title,Default Title,0017588
lapiz-cejas-raiax0-9,LAPIZ CEJAS RAIAx0.6,Title,Default Title,0017589
lapiz-cejas-raiax0-10,LAPIZ CEJAS RAIAx0.6,Title,Default Title,0017590
brillo-lab-raiax4ml-6,BRILLO LAB RAIAx4ml,Title,Default Title,0017591
labial-liq-raiax5ml-6,LABIAL LIQ RAIAx5ml,Title,Default Title,0017592
labial-liq-raiax5ml-7,LABIAL LIQ RAIAx5ml,Title,Default Title,0017593
labial-liq-raiax5ml-8,LABIAL LIQ RAIAx5ml,Title,Default Title,0017594
labial-liq-raiax5ml-9,LABIAL LIQ RAIAx5ml,Title,Default Title,0017595
labial-liq-raiax5ml-10,LABIAL LIQ RAIAx5ml,Title,Default Title,0017596
labial-liq-raiax5ml-11,LABIAL LIQ RAIAx5ml,Title,Default Title,0017597
brillo-lab-raiax4ml-7,BRILLO LAB RAIAx4ml,Title,Default Title,0017598
brillo-lab-raiax4ml-8,BRILLO LAB RAIAx4ml,Title,Default Title,0017599
brillo-lab-raiax4ml-9,BRILLO LAB RAIAx4ml,Title,Default Title,0017600
brillo-lab-raiax4ml-10,BRILLO LAB RAIAx4ml,Title,Default Title,0017601
brillo-lab-raiax4ml-11,BRILLO LAB RAIAx4ml,Title,Default Title,0017602
pestanina-raiax8ml-b-1,PESTANINA RAIAx8ml B,Title,Default Title,0017603
oxigenta-bysx45ml-vo,OXIGENTA BYSx45ml VO,Title,Default Title,0017626
tinte-wellax60ml-c-p-82,TINTE WELLAx60ml C/P,Title,Default Title,0017638
tinte-wellax60ml-c-p-83,TINTE WELLAx60ml C/P,Title,Default Title,0017639
tinte-wellax60ml-c-p-84,TINTE WELLAx60ml C/P,Title,Default Title,0017640
tinte-wellax60ml-c-p-85,TINTE WELLAx60ml C/P,Title,Default Title,0017641
tinte-rootsx60ml-1-0,TINTE ROOTSx60ml 1.0,Title,Default Title,0017679
oxigenta-rootsx90ml,OXIGENTA ROOTSx90ml,Title,Default Title,0017816
shamp-wellax250ml-in-10,SHAMP WELLAx250ml IN,Title,Default Title,0017891
decolorante-wellax40-1,DECOLORANTE WELLAx40,Title,Default Title,0017918
trata-cap-wellax50-1,TRATA CAP WELLAx50,Title,Default Title,0017919
shamp-schwarzkopfx25-4,SHAMP SCHWARZKOPFx25,Title,Default Title,0017944
acond-schwarzkopfx20-18,ACOND SCHWARZKOPFx20,Title,Default Title,0017945
trata-cap-schwarzkop-6,TRATA CAP SCHWARZKOP,Title,Default Title,0017947
tinte-wellax60ml-c-p-86,TINTE WELLAx60ml C/P,Title,Default Title,0017954
tinte-wellax60ml-c-p-87,TINTE WELLAx60ml C/P,Title,Default Title,0017955
tinte-wellax60ml-c-p-88,TINTE WELLAx60ml C/P,Title,Default Title,0017956
tinte-wellax60ml-c-p-89,TINTE WELLAx60ml C/P,Title,Default Title,0017957
tinte-rootsx60ml-1-1,TINTE ROOTSx60ml 1.1,Title,Default Title,0018159
labial-revlonx2-55g,LABIAL REVLONx2.55g,Title,Default Title,0018665
labial-revlonx2-55g-1,LABIAL REVLONx2.55g,Title,Default Title,0018666
labial-revlonx2-55g-2,LABIAL REVLONx2.55g,Title,Default Title,0018667
labial-revlonx2-55g-3,LABIAL REVLONx2.55g,Title,Default Title,0018668
labial-revlonx2-55g-4,LABIAL REVLONx2.55g,Title,Default Title,0018669
labial-revlonx2-55g-5,LABIAL REVLONx2.55g,Title,Default Title,0018670
labial-revlonx2-55g-6,LABIAL REVLONx2.55g,Title,Default Title,0018671
labial-revlonx2-55g-7,LABIAL REVLONx2.55g,Title,Default Title,0018672
labial-revlonx2-55g-8,LABIAL REVLONx2.55g,Title,Default Title,0018673
labial-revlonx2-55g-9,LABIAL REVLONx2.55g,Title,Default Title,0018674
labial-revlonx1-4g-l,LABIAL REVLONx1.4g L,Title,Default Title,0018675
labial-revlonx1-4g-l-1,LABIAL REVLONx1.4g L,Title,Default Title,0018676
labial-revlonx1-4g-l-2,LABIAL REVLONx1.4g L,Title,Default Title,0018677
labial-revlonx1-4g-l-3,LABIAL REVLONx1.4g L,Title,Default Title,0018678
labial-revlonx1-4g-l-4,LABIAL REVLONx1.4g L,Title,Default Title,0018679
labial-revlonx1-4g-l-5,LABIAL REVLONx1.4g L,Title,Default Title,0018680
desmaq-dhemsx100ml-m,DESMAQ DHEMSx100ml M,Title,Default Title,0018681
shamp-lorealx300ml-s-1,SHAMP LOREALx300ml S,Title,Default Title,0018712
shamp-lorealx300ml-s-2,SHAMP LOREALx300ml S,Title,Default Title,0018739
shamp-lorealx300ml-s-3,SHAMP LOREALx300ml S,Title,Default Title,0018740
splash-overturex200m,SPLASH OVERTUREx200m,Title,Default Title,0018748
splash-overturex200m-1,SPLASH OVERTUREx200m,Title,Default Title,0018749
oxigenta-inoax60ml-v-1,OXIGENTA INOAx60ml V,Title,Default Title,0018894
oxigenta-nouvellex50,OXIGENTA NOUVELLEx50,Title,Default Title,0018947
pestanina-daphnex12m-1,PESTANINA DAPHNEx12m,Title,Default Title,0018975
alisadora-maxybeltxu,ALISADORA MAXYBELTxu,Title,Default Title,0019045
acond-schwarzkopfx25-5,ACOND SCHWARZKOPFx25,Title,Default Title,0019092
masc-cap-schwarzkopf-11,MASC CAP SCHWARZKOPF,Title,Default Title,0019093
shamp-schwarzkopfx30-16,SHAMP SCHWARZKOPFx30,Title,Default Title,0019095
acond-schwarzkopfx20-19,ACOND SCHWARZKOPFx20,Title,Default Title,0019096
tinte-lorealx50g-dia-31,TINTE LOREALx50g DIA,Title,Default Title,0019115
tinte-lorealx50g-dia-32,TINTE LOREALx50g DIA,Title,Default Title,0019116
tinte-lorealx50g-dia-33,TINTE LOREALx50g DIA,Title,Default Title,0019117
tinte-schwarzkopfx60-19,TINTE SCHWARZKOPFx60,Title,Default Title,0019651
tinte-schwarzkopfx60-20,TINTE SCHWARZKOPFx60,Title,Default Title,0019652
tinte-schwarzkopfx60-21,TINTE SCHWARZKOPFx60,Title,Default Title,0019655
tinte-schwarzkopfx60-22,TINTE SCHWARZKOPFx60,Title,Default Title,0019658
tinte-schwarzkopfx60-23,TINTE SCHWARZKOPFx60,Title,Default Title,0019659
tinte-schwarzkopfx60-24,TINTE SCHWARZKOPFx60,Title,Default Title,0019671
tinte-schwarzkopfx60-25,TINTE SCHWARZKOPFx60,Title,Default Title,0019672
plancha-alizzxund-ne,PLANCHA ALIZZxund NE,Title,Default Title,0019956
shamp-lorealx1500ml-10,SHAMP LOREALx1500ml,Title,Default Title,0020025
shamp-lorealx300ml-s-4,SHAMP LOREALx300ml S,Title,Default Title,0020026
serum-cap-lorealx90m-1,SERUM CAP LOREALx90m,Title,Default Title,0020027
shamp-lorealx1500ml-11,SHAMP LOREALx1500ml,Title,Default Title,0020028
trata-cap-lorealx200-1,TRATA CAP LOREALx200,Title,Default Title,0020029
shamp-lorealx1500ml-12,SHAMP LOREALx1500ml,Title,Default Title,0020030
masc-cap-lorealx250m-10,MASC CAP LOREALx250m,Title,Default Title,0020031
trata-cap-lorealx190-4,TRATA CAP LOREALx190,Title,Default Title,0020032
shamp-lorealx300ml-a-2,SHAMP LOREALx300ml A,Title,Default Title,0020033
shamp-lorealx1500ml-13,SHAMP LOREALx1500ml,Title,Default Title,0020034
shamp-lorealx500ml-a,SHAMP LOREALx500ml A,Title,Default Title,0020035
serum-cap-lorealx250,SERUM CAP LOREALx250,Title,Default Title,0020036
trata-cap-lorealx100,TRATA CAP LOREALx100,Title,Default Title,0020037
tinte-lorealx50g-dia-34,TINTE LOREALx50g DIA,Title,Default Title,0020038
tinte-lorealx50g-dia-35,TINTE LOREALx50g DIA,Title,Default Title,0020039
tinte-lorealx50g-dia-36,TINTE LOREALx50g DIA,Title,Default Title,0020040
tinte-lorealx50g-dia-37,TINTE LOREALx50g DIA,Title,Default Title,0020041
tinte-lorealx50g-dia-38,TINTE LOREALx50g DIA,Title,Default Title,0020042
tinte-lorealx50g-dia-39,TINTE LOREALx50g DIA,Title,Default Title,0020043
tinte-inoax60g-7-43,TINTE INOAx60g 7.43,Title,Default Title,0020045
tinte-inoax60g-8-12,TINTE INOAx60g 8.12,Title,Default Title,0020046
tinte-inoax60g-8-23,TINTE INOAx60g 8.23,Title,Default Title,0020047
serum-cap-lorealx50m,SERUM CAP LOREALx50m,Title,Default Title,0020048
serum-cap-wellax30ml,SERUM CAP WELLAx30ml,Title,Default Title,0020052
shamp-wellax250ml-oi-1,SHAMP WELLAx250ml OI,Title,Default Title,0020053
acond-wellax200ml-oi,ACOND WELLAx200ml OI,Title,Default Title,0020054
masc-cap-wellax150ml-6,MASC CAP WELLAx150ml,Title,Default Title,0020055
crema-peinar-salon-l,CREMA PEINAR SALON L,Title,Default Title,0020068
tinte-inoax60g-8-0,TINTE INOAx60g 8.0,Title,Default Title,0020092
pestanas-inventagexu-2,PESTANAS INVENTAGExu,Title,Default Title,0020113
pestanas-inventagexu-3,PESTANAS INVENTAGExu,Title,Default Title,0020114
trata-cap-luxentx300,TRATA CAP LUXENTx300,Title,Default Title,0020276
tinte-wellax60ml-ill-2,TINTE WELLAx60ml ILL,Title,Default Title,0020315
tinte-wellax60ml-ill-3,TINTE WELLAx60ml ILL,Title,Default Title,0020316
tinte-wellax60ml-ill-4,TINTE WELLAx60ml ILL,Title,Default Title,0020317
tinte-wellax60ml-ill-5,TINTE WELLAx60ml ILL,Title,Default Title,0020318
tinte-wellax60ml-ill-6,TINTE WELLAx60ml ILL,Title,Default Title,0020319
tinte-wellax60ml-ill-7,TINTE WELLAx60ml ILL,Title,Default Title,0020320
tinte-wellax60ml-ill-8,TINTE WELLAx60ml ILL,Title,Default Title,0020321
tinte-wellax60ml-ill-9,TINTE WELLAx60ml ILL,Title,Default Title,0020322
tinte-wellax60ml-ill-10,TINTE WELLAx60ml ILL,Title,Default Title,0020323
tinte-wellax60ml-ill-11,TINTE WELLAx60ml ILL,Title,Default Title,0020324
tinte-wellax60ml-ill-12,TINTE WELLAx60ml ILL,Title,Default Title,0020325
tinte-wellax60ml-ill-13,TINTE WELLAx60ml ILL,Title,Default Title,0020326
tinte-wellax60ml-ill-14,TINTE WELLAx60ml ILL,Title,Default Title,0020327
tinte-wellax60ml-ill-15,TINTE WELLAx60ml ILL,Title,Default Title,0020328
tinte-wellax60ml-ill-16,TINTE WELLAx60ml ILL,Title,Default Title,0020330
tinte-wellax60ml-ill-17,TINTE WELLAx60ml ILL,Title,Default Title,0020335
tinte-wellax60ml-ill-18,TINTE WELLAx60ml ILL,Title,Default Title,0020336
tinte-wellax60ml-ill-19,TINTE WELLAx60ml ILL,Title,Default Title,0020337
tinte-wellax60ml-ill-20,TINTE WELLAx60ml ILL,Title,Default Title,0020338
tinte-wellax60ml-ill-21,TINTE WELLAx60ml ILL,Title,Default Title,0020339
tinte-wellax60ml-ill-22,TINTE WELLAx60ml ILL,Title,Default Title,0020340
tinte-wellax60ml-ill-23,TINTE WELLAx60ml ILL,Title,Default Title,0020341
tinte-wellax60ml-ill-24,TINTE WELLAx60ml ILL,Title,Default Title,0020342
tinte-wellax60ml-ill-25,TINTE WELLAx60ml ILL,Title,Default Title,0020343
tinte-wellax60ml-ill-26,TINTE WELLAx60ml ILL,Title,Default Title,0020344
tinte-wellax60ml-ill-27,TINTE WELLAx60ml ILL,Title,Default Title,0020345
tinte-wellax60ml-ill-28,TINTE WELLAx60ml ILL,Title,Default Title,0020346
tinte-wellax60ml-ill-29,TINTE WELLAx60ml ILL,Title,Default Title,0020347
tinte-wellax60ml-ill-30,TINTE WELLAx60ml ILL,Title,Default Title,0020348
tinte-wellax60ml-ill-31,TINTE WELLAx60ml ILL,Title,Default Title,0020349
tinte-wellax60ml-ill-32,TINTE WELLAx60ml ILL,Title,Default Title,0020350
tinte-wellax60ml-ill-33,TINTE WELLAx60ml ILL,Title,Default Title,0020351
tinte-wellax60ml-ill-34,TINTE WELLAx60ml ILL,Title,Default Title,0020352
tinte-schwarzkopfx60-26,TINTE SCHWARZKOPFx60,Title,Default Title,0020387
acond-wellax200ml-co-1,ACOND WELLAx200ml CO,Title,Default Title,0020527
masc-cap-wellax150ml-7,MASC CAP WELLAx150ml,Title,Default Title,0020528
shamp-wellax250ml-co-1,SHAMP WELLAx250ml CO,Title,Default Title,0020529
serum-cap-wellax100m-1,SERUM CAP WELLAx100m,Title,Default Title,0020530
kit-cap-schwarzkopfx,KIT CAP SCHWARZKOPFx,Title,Default Title,0020551
corrector-revlonx8ml,CORRECTOR REVLONx8ml,Title,Default Title,0020568
corrector-revlonx8ml-1,CORRECTOR REVLONx8ml,Title,Default Title,0020569
corrector-revlonx8ml-2,CORRECTOR REVLONx8ml,Title,Default Title,0020570
iluminador-revlonx8g,ILUMINADOR REVLONx8g,Title,Default Title,0020571
iluminador-revlonx8g-1,ILUMINADOR REVLONx8g,Title,Default Title,0020572
lapiz-cejas-revlonx1-1,LAPIZ CEJAS REVLONx1,Title,Default Title,0020573
lapiz-cejas-revlonx1-2,LAPIZ CEJAS REVLONx1,Title,Default Title,0020574
lapiz-cejas-revlonx1-3,LAPIZ CEJAS REVLONx1,Title,Default Title,0020575
serum-fac-dhemsx30ml,SERUM FAC DHEMSx30ml,Title,Default Title,0020576
acond-moroccanoilx25-6,ACOND MOROCCANOILx25,Title,Default Title,0021025
masc-cap-moroccanoil-14,MASC CAP MOROCCANOIL,Title,Default Title,0021026
masc-cap-moroccanoil-15,MASC CAP MOROCCANOIL,Title,Default Title,0021027
shamp-moroccanoilx25-6,SHAMP MOROCCANOILx25,Title,Default Title,0021028
masc-cap-moroccanoil-16,MASC CAP MOROCCANOIL,Title,Default Title,0021029
shamp-moroccanoilx20-3,SHAMP MOROCCANOILx20,Title,Default Title,0021030
shamp-moroccanoilx20-4,SHAMP MOROCCANOILx20,Title,Default Title,0021031
crema-peinar-morocca-5,CREMA PEINAR MOROCCA,Title,Default Title,0021032
crema-peinar-morocca-6,CREMA PEINAR MOROCCA,Title,Default Title,0021033
laca-moroccanoilx330-3,LACA MOROCCANOILx330,Title,Default Title,0021034
serum-cap-moroccanoi-7,SERUM CAP MOROCCANOI,Title,Default Title,0021035
serum-cap-moroccanoi-8,SERUM CAP MOROCCANOI,Title,Default Title,0021036
espuma-cap-moroccano-2,ESPUMA CAP MOROCCANO,Title,Default Title,0021037
shamp-moroccanoilx25-7,SHAMP MOROCCANOILx25,Title,Default Title,0021038
acond-moroccanoilx25-7,ACOND MOROCCANOILx25,Title,Default Title,0021039
shamp-moroccanoilx25-8,SHAMP MOROCCANOILx25,Title,Default Title,0021040
pegante-salon-prox30,PEGANTE SALON PROx30,Title,Default Title,0021070
rubor-revlonx11ml-il,RUBOR REVLONx11ml IL,Title,Default Title,0021074
rubor-revlonx11ml-il-1,RUBOR REVLONx11ml IL,Title,Default Title,0021075
rubor-revlonx11ml-il-2,RUBOR REVLONx11ml IL,Title,Default Title,0021076
rubor-revlonx11ml-il-3,RUBOR REVLONx11ml IL,Title,Default Title,0021077
corrector-revlonx10m,CORRECTOR REVLONx10m,Title,Default Title,0021078
corrector-revlonx10m-1,CORRECTOR REVLONx10m,Title,Default Title,0021079
corrector-revlonx10m-2,CORRECTOR REVLONx10m,Title,Default Title,0021080
