SKU,Marca,Titulo,URL
WS4242407,,Diferencia pedido #16244,https://www.farmaciaschester.com.ar/shop/product/diferencia-pedido-16244-WS4242407
WS4671926,Aller Atucha,Atucha Chata Plástica,https://www.farmaciaschester.com.ar/shop/product/atucha-chata-plastica-WS4671926
WS4672537,Aller Atucha,Atucha Irrigador 2 lt,https://www.farmaciaschester.com.ar/shop/product/atucha-irrigador-2-lt-WS4672537
WS4672801,Aller Atucha,Atucha Orinal Hombre Con Tapa,https://www.farmaciaschester.com.ar/shop/product/atucha-orinal-hombre-con-tapa-WS4672801
WS4673210,Aller Atucha,Atucha Orinal Mujer,https://www.farmaciaschester.com.ar/shop/product/atucha-orinal-mujer-WS4673210
WS4672480,Aller Atucha,Atucha Tubo Para Irrigador,https://www.farmaciaschester.com.ar/shop/product/atucha-tubo-para-irrigador-WS4672480
WS4673095,Aller Atucha,Pera de Goma N° 6 - Atucha,https://www.farmaciaschester.com.ar/shop/product/pera-de-goma-n-6---atucha-WS4673095
WS4672496,Aller Atucha,Pera de Goma N°14 - Atucha,https://www.farmaciaschester.com.ar/shop/product/pera-de-goma-n14---atucha-WS4672496
WS4672825,Aller Atucha,Pera de Goma N°16 - Atucha,https://www.farmaciaschester.com.ar/shop/product/pera-de-goma-n16---atucha-WS4672825
WS4673073,Aller Atucha,Pera de Goma N°18 - Atucha,https://www.farmaciaschester.com.ar/shop/product/pera-de-goma-n18---atucha-WS4673073
WS4672604,Apper,Apper Pinza de Depilar Curva Estampa,https://www.farmaciaschester.com.ar/shop/product/apper-pinza-de-depilar-curva-estampa-WS4672604
WS4671825,Atom-Protect,Mascarilla Atom-Protect Social Black,https://www.farmaciaschester.com.ar/shop/product/mascarilla-atom-protect-social-black-WS4671825
WS4672702,Avene,Concentrado Facial Avene Cleanance Comedomed 30 ml,https://www.farmaciaschester.com.ar/shop/product/concentrado-facial-avene-cleanance-comedomed-30-ml-WS4672702
WS4673247,Avene,Mascarilla Detox Avene Cleanance x 50 ml Capacidad,https://www.farmaciaschester.com.ar/shop/product/mascarilla-detox-avene-cleanance-x-50-ml-capacidad-WS4673247
WS4672844,Babelito,Chupete Babelito Simétrico de Silicona Celeste T1,https://www.farmaciaschester.com.ar/shop/product/chupete-babelito-simetrico-de-silicona-celeste-t1-WS4672844
WS4673109,Babelito,Mamadera Boca Ancha T1 Babelito x 125 ml (Color Sujeto a Stock),https://www.farmaciaschester.com.ar/shop/product/mamadera-boca-ancha-t1-babelito-x-125-ml-color-sujeto-a-stock-WS4673109
WS4673315,Babelito,Set de Regalo Babelito Recien Nacido x 4 Unid.,https://www.farmaciaschester.com.ar/shop/product/set-de-regalo-babelito-recien-nacido-x-4-unid-WS4673315
WS4673251,Band Aid,Apósitos Band-Aid Ultra Flex Variados x 20 un,https://www.farmaciaschester.com.ar/shop/product/apositos-band-aid-ultra-flex-variados-x-20-un-WS4673251
WS4671798,Banderas,Set Edt Banderas The Icon x 100 ml + Desodorante x 150 ml,https://www.farmaciaschester.com.ar/shop/product/set-edt-banderas-the-icon-x-100-ml-desodorante-x-150-ml-WS4671798
WS4671747,Bensimon,Set Bensimon Blue Edp 100 ml + Cool Spray 50 ml,https://www.farmaciaschester.com.ar/shop/product/set-bensimon-blue-edp-100-ml-cool-spray-50-ml-WS4671747
WS4672205,Bensimon,Set Bensimon Blue Night Edp 100 ml + Cool Spray 50 ml,https://www.farmaciaschester.com.ar/shop/product/set-bensimon-blue-night-edp-100-ml-cool-spray-50-ml-WS4672205
WS4671946,Bensimon,Set Bensimon Blue Night Extreme Edp 100 ml + Cool Spray 50 ml,https://www.farmaciaschester.com.ar/shop/product/set-bensimon-blue-night-extreme-edp-100-ml-cool-spray-50-ml-WS4671946
WS4672236,Bensimon,Set Bensimon Bold Edp 100 ml + Bolso Bensimon de Regalo,https://www.farmaciaschester.com.ar/shop/product/set-bensimon-bold-edp-100-ml-bolso-bensimon-de-regalo-WS4672236
WS4673056,Boos,Edt Boos Acqua x 100 ml + Desodoreante en Aerosol x 150 ml,https://www.farmaciaschester.com.ar/shop/product/edt-boos-acqua-x-100-ml-desodoreante-en-aerosol-x-150-ml-WS4673056
WS4671700,Boos,Edt Boos Black x 100 ml + Desodoreante en Aerosol x 150 ml,https://www.farmaciaschester.com.ar/shop/product/edt-boos-black-x-100-ml-desodoreante-en-aerosol-x-150-ml-WS4671700
WS4672674,Boos,Edt Boos Red x 100 ml + Desodoreante en Aerosol x 150 ml,https://www.farmaciaschester.com.ar/shop/product/edt-boos-red-x-100-ml-desodoreante-en-aerosol-x-150-ml-WS4672674
WS4671853,Boos,Set Edp Boos Intense Signature x 90 ml + Botella Térmica,https://www.farmaciaschester.com.ar/shop/product/set-edp-boos-intense-signature-x-90-ml-botella-termica-WS4671853
WS4672246,Burgues,Edp Burgues Balzac 8 100 ml,https://www.farmaciaschester.com.ar/shop/product/edp-burgues-balzac-8-100-ml-WS4672246
WS4672651,Burgues,Edp Burgues Montagne 56 100 ml,https://www.farmaciaschester.com.ar/shop/product/edp-burgues-montagne-56-100-ml-WS4672651
WS4672609,Carefree,Toallitas Higienicas Carefree Compact Sin Perfume Pro Dia X 20 Unidades,https://www.farmaciaschester.com.ar/shop/product/toallitas-higienicas-carefree-compact-sin-perfume-pro-dia-x-20-unidades-WS4672609
WS4671673,Carolina Herrera,Carolina Herrera Bad Boy Cobalt Elixir Edp | 100 Ml,https://www.farmaciaschester.com.ar/shop/product/carolina-herrera-bad-boy-cobalt-elixir-edp-100-ml-WS4671673
WS4673221,Carolina Herrera,Carolina Herrera Bad Boy Le Parfum Edp Presentación 150 ml,https://www.farmaciaschester.com.ar/shop/product/carolina-herrera-bad-boy-le-parfum-edp-presentacion-150-ml-WS4673221
WS4671720,Carolina Herrera,Carolina Herrera Ch la Bomba Edp 50 ml,https://www.farmaciaschester.com.ar/shop/product/carolina-herrera-ch-la-bomba-edp-50-ml-WS4671720
WS4672244,Carolina Herrera,Carolina Herrera Ch la Bomba Edp 80 ml,https://www.farmaciaschester.com.ar/shop/product/carolina-herrera-ch-la-bomba-edp-80-ml-WS4672244
WS4671815,Carolina Herrera,Carolina Herrera Cofre Fragancia 212 Vip Black For Men (Edt 100 ml + Shower Gel) Estuches,https://www.farmaciaschester.com.ar/shop/product/carolina-herrera-cofre-fragancia-212-vip-black-for-men-edt-100-ml-shower-gel-estuches-WS4671815
WS4672639,Carolina Herrera,Carolina Herrera Set Ch Pasión Men Edp 100 ml + Shower Gel + Travel Size Tamaño 3 Unid,https://www.farmaciaschester.com.ar/shop/product/carolina-herrera-set-ch-pasion-men-edp-100-ml-shower-gel-travel-size-tamano-3-unid-WS4672639
WS4672757,Caviahue,Contorno de Ojos Palta Hidratante Ojeras y Bolsas 15gr,https://www.farmaciaschester.com.ar/shop/product/contorno-de-ojos-palta-hidratante-ojeras-y-bolsas-15gr-WS4672757
WS4672375,Caviahue,Serum Antiedad Retinal Caviahue 30 ml,https://www.farmaciaschester.com.ar/shop/product/serum-antiedad-retinal-caviahue-30-ml-WS4672375
WS4672861,CeraVe,Cerave Rutina Piel Mixta: Limpiador + Gel-Crema Oil Control,https://www.farmaciaschester.com.ar/shop/product/cerave-rutina-piel-mixta-limpiador-gel-crema-oil-control-WS4672861
WS4671911,Cheeky,Cheeky Pack Mood Lovely Girls (Edt 100 ml + Espuma Baño),https://www.farmaciaschester.com.ar/shop/product/cheeky-pack-mood-lovely-girls-edt-100-ml-espuma-bano-WS4671911
WS4672964,Cher,Cher Body Splash Dieciocho 135 ml,https://www.farmaciaschester.com.ar/shop/product/cher-body-splash-dieciocho-135-ml-WS4672964
WS4671722,Cher,Cher Body Splash Dieciocho Glossy 135 ml,https://www.farmaciaschester.com.ar/shop/product/cher-body-splash-dieciocho-glossy-135-ml-WS4671722
WS4671993,Cher,Cher Cofre Mix Creamy Pistachio Body Mist 135 ml + Buttercream,https://www.farmaciaschester.com.ar/shop/product/cher-cofre-mix-creamy-pistachio-body-mist-135-ml-buttercream-WS4671993
WS4673089,Cher,Cher Dieciocho Rocket Body Splash 125 ml,https://www.farmaciaschester.com.ar/shop/product/cher-dieciocho-rocket-body-splash-125-ml-WS4673089
WS4672216,Cher,Cher Dieciocho Sarcastic Multi Stick | Color Blush Cherry,https://www.farmaciaschester.com.ar/shop/product/cher-dieciocho-sarcastic-multi-stick-color-blush-cherry-WS4672216
WS4672976,Cher,Cher Mix Cofre Be Bold Edt 75 ml + Body Lotion,https://www.farmaciaschester.com.ar/shop/product/cher-mix-cofre-be-bold-edt-75-ml-body-lotion-WS4672976
WS4672472,Cher,Cher Mix Cofre Speak Love Edt 75 ml + Body Lotion,https://www.farmaciaschester.com.ar/shop/product/cher-mix-cofre-speak-love-edt-75-ml-body-lotion-WS4672472
WS4672527,Cher,Cher Onyx Tiare Woman Edp 100 ml,https://www.farmaciaschester.com.ar/shop/product/cher-onyx-tiare-woman-edp-100-ml-WS4672527
WS4671752,Cher,Cofre Cher Mix Body Mist Salted Caramel 125 ml + Buttercream 150 Gr,https://www.farmaciaschester.com.ar/shop/product/cofre-cher-mix-body-mist-salted-caramel-125-ml-buttercream-150-gr-WS4671752
WS4672618,Cher,Cofre Cher Mix Cotton Candy Body Mist 125 ml + Buttercream 150 Gr,https://www.farmaciaschester.com.ar/shop/product/cofre-cher-mix-cotton-candy-body-mist-125-ml-buttercream-150-gr-WS4672618
WS4672369,Cher,Cofre Cher Mix Lemon Cookie Body Mist 125 ml + Buttercream 150 Gr,https://www.farmaciaschester.com.ar/shop/product/cofre-cher-mix-lemon-cookie-body-mist-125-ml-buttercream-150-gr-WS4672369
WS4672744,Cher,Edp Cher Onyx Tiare x 50 ml,https://www.farmaciaschester.com.ar/shop/product/edp-cher-onyx-tiare-x-50-ml-WS4672744
WS4672108,Cher,Edt Cher Mix Deli Choco Cake 75 ml,https://www.farmaciaschester.com.ar/shop/product/edt-cher-mix-deli-choco-cake-75-ml-WS4672108
WS4672489,Cher,Edt Cher Mix Deli Creamy Latte 75 ml,https://www.farmaciaschester.com.ar/shop/product/edt-cher-mix-deli-creamy-latte-75-ml-WS4672489
WS4672998,Cher,Edt Cher Mix Deli Sugar Melo 75 ml,https://www.farmaciaschester.com.ar/shop/product/edt-cher-mix-deli-sugar-melo-75-ml-WS4672998
WS4672159,Cher,Onyx EDP 50 ml + Tote Bag + Travel Size 20 ml Set de Cher,https://www.farmaciaschester.com.ar/shop/product/onyx-edp-50-ml-tote-bag-travel-size-20-ml-set-de-cher-WS4672159
WS4672016,Chester Ice,Set Edt Chester Ice 60 ml + Deo 150 ml,https://www.farmaciaschester.com.ar/shop/product/set-edt-chester-ice-60-ml-deo-150-ml-WS4672016
WS4673112,Chicco,Chicco Biberon Natural Feeling Flujo Normal 0 meses 150 ml,https://www.farmaciaschester.com.ar/shop/product/chicco-biberon-natural-feeling-flujo-normal-0-meses-150-ml-WS4673112
WS4673001,Chicco,Chicco Pezoneras Protectoras de Silicona Skin To Skin 1 Par,https://www.farmaciaschester.com.ar/shop/product/chicco-pezoneras-protectoras-de-silicona-skin-to-skin-1-par-WS4673001
WS4673041,Ciel,Ciel Neceser (Edp 50 ml + Deo 123 ml) For Woman,https://www.farmaciaschester.com.ar/shop/product/ciel-neceser-edp-50-ml-deo-123-ml-for-woman-WS4673041
WS4672446,Clericot,Clericot Bajalengua de Madera Adulto 100 Unidades,https://www.farmaciaschester.com.ar/shop/product/clericot-bajalengua-de-madera-adulto-100-unidades-WS4672446
WS4672785,Colgate,Cepillo Dental Colgate 360 limpieza Completa Bi-Pack,https://www.farmaciaschester.com.ar/shop/product/cepillo-dental-colgate-360-limpieza-completa-bi-pack-WS4672785
WS4671872,Colgate,Cepillo de Dientes Colgate Brilliantstar White | 2 unidades,https://www.farmaciaschester.com.ar/shop/product/cepillo-de-dientes-colgate-brilliantstar-white-2-unidades-WS4671872
WS4672304,Colgate,Colgate Cepillo Dental Pro Cuidado Carbon,https://www.farmaciaschester.com.ar/shop/product/colgate-cepillo-dental-pro-cuidado-carbon-WS4672304
WS4672709,Colgate,Colgate Cepillo Dental Slim Soft Limpieza Profunda | 2 Unidades,https://www.farmaciaschester.com.ar/shop/product/colgate-cepillo-dental-slim-soft-limpieza-profunda-2-unidades-WS4672709
WS4673267,Colgate,Colgate Enjuague Nucal Periogard Udo Diario 500 ml,https://www.farmaciaschester.com.ar/shop/product/colgate-enjuague-nucal-periogard-udo-diario-500-ml-WS4673267
WS4671697,Colgate,Colgate Gel Max White Crystal Mint 100 ml,https://www.farmaciaschester.com.ar/shop/product/colgate-gel-max-white-crystal-mint-100-ml-WS4671697
WS4671757,Colgate,Colgate Plax Enjuague Bucal Total 12 clean Mint 60 ml,https://www.farmaciaschester.com.ar/shop/product/colgate-plax-enjuague-bucal-total-12-clean-mint-60-ml-WS4671757
WS4673090,Colgate,Pasta Dental Colgate Herbal Natural Protect x 90 g,https://www.farmaciaschester.com.ar/shop/product/pasta-dental-colgate-herbal-natural-protect-x-90-g-WS4673090
WS4671713,Colibrí,Colibri Anilina En Frío Marron Oscuro X20gr,https://www.farmaciaschester.com.ar/shop/product/colibri-anilina-en-frio-marron-oscuro-x20gr-WS4671713
WS4672555,Colibrí,Colibri Anilina Frio Azul Marino 817,https://www.farmaciaschester.com.ar/shop/product/colibri-anilina-frio-azul-marino-817-WS4672555
WS4673127,Colibrí,Colibri Anilina Frio Lila 830,https://www.farmaciaschester.com.ar/shop/product/colibri-anilina-frio-lila-830-WS4673127
WS4672033,Colibrí,Colibri Anilina Frio Rosa 819,https://www.farmaciaschester.com.ar/shop/product/colibri-anilina-frio-rosa-819-WS4672033
WS4671970,Comodin,Comodin Apositos Incontinencia Extrema (10 Unidades),https://www.farmaciaschester.com.ar/shop/product/comodin-apositos-incontinencia-extrema-10-unidades-WS4671970
WS4673190,Comodin,Comodin Apositos Incontinencia Extrema (20 Unidades),https://www.farmaciaschester.com.ar/shop/product/comodin-apositos-incontinencia-extrema-20-unidades-WS4673190
WS4673252,Comodin,Comodin Apósitos Refuerza Pañal g,https://www.farmaciaschester.com.ar/shop/product/comodin-apositos-refuerza-panal-g-WS4673252
WS4673102,Comodin,Comodin Apósitos Refuerza Pañal m,https://www.farmaciaschester.com.ar/shop/product/comodin-apositos-refuerza-panal-m-WS4673102
WS4672919,Comodin,Comodin Bombacha Plastica g,https://www.farmaciaschester.com.ar/shop/product/comodin-bombacha-plastica-g-WS4672919
WS4672560,Comodin,Comodin Pañal Adulto Anatomico Xg (8 Unidades),https://www.farmaciaschester.com.ar/shop/product/comodin-panal-adulto-anatomico-xg-8-unidades-WS4672560
WS4672194,Comodin,Comodin Pañal Adulto Anatomico g (8 Unidades),https://www.farmaciaschester.com.ar/shop/product/comodin-panal-adulto-anatomico-g-8-unidades-WS4672194
WS4672619,Comodin,Comodin Pañal Adulto Clasico Talle Xxg 20 Unidades,https://www.farmaciaschester.com.ar/shop/product/comodin-panal-adulto-clasico-talle-xxg-20-unidades-WS4672619
WS4673115,Comodin,Comodin Pañal Adulto Clasico Xg (20 Unidades),https://www.farmaciaschester.com.ar/shop/product/comodin-panal-adulto-clasico-xg-20-unidades-WS4673115
WS4672248,Comodin,Comodin Pañal Adulto Clasico g (20 Unidades),https://www.farmaciaschester.com.ar/shop/product/comodin-panal-adulto-clasico-g-20-unidades-WS4672248
WS4673032,Comodin,Comodin Pañales Adulto Clasico Xg (10 Unidades),https://www.farmaciaschester.com.ar/shop/product/comodin-panales-adulto-clasico-xg-10-unidades-WS4673032
WS4671797,Comodin,Comodin Pañales Adulto Clasico g (10 Unidades),https://www.farmaciaschester.com.ar/shop/product/comodin-panales-adulto-clasico-g-10-unidades-WS4671797
WS4672427,Comodin,Comodin Pañales Anatomicos Para Adultos Xg (16 Unidades),https://www.farmaciaschester.com.ar/shop/product/comodin-panales-anatomicos-para-adultos-xg-16-unidades-WS4672427
WS4672689,Comodin,Comodin Pañales Anatomicos Para Adultos g (16 Unidades),https://www.farmaciaschester.com.ar/shop/product/comodin-panales-anatomicos-para-adultos-g-16-unidades-WS4672689
WS4673162,Comodin,Comodin Paños Jabonosos Descartables con Manzanilla | 10 Unidades,https://www.farmaciaschester.com.ar/shop/product/comodin-panos-jabonosos-descartables-con-manzanilla-10-unidades-WS4673162
WS4672259,Comodin,Comodin Refuerzo Pañal Talle Grande (20 Unidades) g,https://www.farmaciaschester.com.ar/shop/product/comodin-refuerzo-panal-talle-grande-20-unidades-g-WS4672259
WS4673035,Comodin,Comodin Refuerzo Pañal Xg (10 Unidades),https://www.farmaciaschester.com.ar/shop/product/comodin-refuerzo-panal-xg-10-unidades-WS4673035
WS4672020,Comodin,Comodin Refuerzo Pañal Xg (20 Unidades),https://www.farmaciaschester.com.ar/shop/product/comodin-refuerzo-panal-xg-20-unidades-WS4672020
WS4671800,Comodin,Comodin Ropa Interior Adulto Descartable (8 Unidades) Talle G/Xg,https://www.farmaciaschester.com.ar/shop/product/comodin-ropa-interior-adulto-descartable-8-unidades-talle-gxg-WS4671800
WS4672197,Comodin,Comodin Ropa Interior Adulto Descartable (8 Unidades) Talle P/M,https://www.farmaciaschester.com.ar/shop/product/comodin-ropa-interior-adulto-descartable-8-unidades-talle-pm-WS4672197
WS4671901,Comodin,Comodin Ropa Interior Adulto Descartable - 16 Unidades | Talle P / M,https://www.farmaciaschester.com.ar/shop/product/comodin-ropa-interior-adulto-descartable---16-unidades-talle-p-m-WS4671901
WS4672898,Corega,Ultra Corega Adhesivo Dental 40 grs,https://www.farmaciaschester.com.ar/shop/product/ultra-corega-adhesivo-dental-40-grs-WS4672898
WS4672322,Curaprox,Curaprox Cepillo Dental Kids Ultra Soft 5500 Curen,https://www.farmaciaschester.com.ar/shop/product/curaprox-cepillo-dental-kids-ultra-soft-5500-curen-WS4672322
WS4672896,Curaprox,Curaprox Cepillo Dental Para Ortodoncia Ultra Soft - Cs Ortho,https://www.farmaciaschester.com.ar/shop/product/curaprox-cepillo-dental-para-ortodoncia-ultra-soft---cs-ortho-WS4672896
WS4672415,Curaprox,Curaprox Cepillo Interdental Cps 011 Prime Handy Green,https://www.farmaciaschester.com.ar/shop/product/curaprox-cepillo-interdental-cps-011-prime-handy-green-WS4672415
WS4671751,Curaprox,Curaprox Cepillo Interdental Cps 06-011 Prime Handy Blue,https://www.farmaciaschester.com.ar/shop/product/curaprox-cepillo-interdental-cps-06-011-prime-handy-blue-WS4671751
WS4673081,Curaprox,Curaprox Cepillo Interdental Cps 08 prime Handy Pink,https://www.farmaciaschester.com.ar/shop/product/curaprox-cepillo-interdental-cps-08-prime-handy-pink-WS4673081
WS4673038,Curaprox,Curaprox Cepillo Interdental Cps 09 prime Handy Yellow,https://www.farmaciaschester.com.ar/shop/product/curaprox-cepillo-interdental-cps-09-prime-handy-yellow-WS4673038
WS4672600,Curaprox,Curaprox Set Interdentales Prime Start 06,https://www.farmaciaschester.com.ar/shop/product/curaprox-set-interdentales-prime-start-06-WS4672600
WS4671987,Curitas,Curitas Apositos Para Dedos Tela Elastica (16 Unidades),https://www.farmaciaschester.com.ar/shop/product/curitas-apositos-para-dedos-tela-elastica-16-unidades-WS4671987
WS4672967,Curitas,Curitas Unguento Para Heridas,https://www.farmaciaschester.com.ar/shop/product/curitas-unguento-para-heridas-WS4672967
WS4672352,Cutex,Cutex Esmalte Pack Duo French Summer Golden Sand,https://www.farmaciaschester.com.ar/shop/product/cutex-esmalte-pack-duo-french-summer-golden-sand-WS4672352
WS4673044,Cutex,Cutex Esmalte Pack Duo French Summer Ocean Mist,https://www.farmaciaschester.com.ar/shop/product/cutex-esmalte-pack-duo-french-summer-ocean-mist-WS4673044
WS4672030,Cutex,Cutex Esmalte Pack Duo French Summer Pink Sunset,https://www.farmaciaschester.com.ar/shop/product/cutex-esmalte-pack-duo-french-summer-pink-sunset-WS4672030
WS4672717,Cutex,Cutex Esmalte Pack Duo French Summer Sunny Bloom,https://www.farmaciaschester.com.ar/shop/product/cutex-esmalte-pack-duo-french-summer-sunny-bloom-WS4672717
WS4671809,Cutex,Cutex Esmalte de Uñas Wine Collection | Color Cabernet,https://www.farmaciaschester.com.ar/shop/product/cutex-esmalte-de-unas-wine-collection-color-cabernet-WS4671809
WS4672491,Cutex,Cutex Esmalte de Uñas Wine Collection | Color Malbec,https://www.farmaciaschester.com.ar/shop/product/cutex-esmalte-de-unas-wine-collection-color-malbec-WS4672491
WS4672812,Cutex,Cutex Esmalte de Uñas Wine Collection | Color Merlot,https://www.farmaciaschester.com.ar/shop/product/cutex-esmalte-de-unas-wine-collection-color-merlot-WS4672812
WS4672100,Cutex,Cutex Esmalte de Uñas Wine Collection | Color Pinot,https://www.farmaciaschester.com.ar/shop/product/cutex-esmalte-de-unas-wine-collection-color-pinot-WS4672100
WS4673204,Cutex,Cutex Esmalte de Uñas Wine Collection | Color Rose,https://www.farmaciaschester.com.ar/shop/product/cutex-esmalte-de-unas-wine-collection-color-rose-WS4673204
WS4672748,Cutex,Esmalte Para Uñas Cutex Color Classic Negro Noche,https://www.farmaciaschester.com.ar/shop/product/esmalte-para-unas-cutex-color-classic-negro-noche-WS4672748
WS4672382,Davidoff,Davidoff Cool Elixir Edp 100 ml,https://www.farmaciaschester.com.ar/shop/product/davidoff-cool-elixir-edp-100-ml-WS4672382
WS4672756,Davidoff,Davidoff Cool Elixir Woman Edp 100 ml,https://www.farmaciaschester.com.ar/shop/product/davidoff-cool-elixir-woman-edp-100-ml-WS4672756
WS4671912,Depimiel,"Depimiel Depimiel, Bandas De Papel Para Retirar Cera 10 un",https://www.farmaciaschester.com.ar/shop/product/depimiel-depimiel-bandas-de-papel-para-retirar-cera-10-un-WS4671912
WS4673047,Depimiel,Depimiel Roll On Clasico 100 gr,https://www.farmaciaschester.com.ar/shop/product/depimiel-roll-on-clasico-100-gr-WS4673047
WS4672954,Depimiel,Rollon Alta Adherencia | 100 ml,https://www.farmaciaschester.com.ar/shop/product/rollon-alta-adherencia-100-ml-WS4672954
WS4672129,Dior,Dior Sauvage Parfum Presentación 60 ml,https://www.farmaciaschester.com.ar/shop/product/dior-sauvage-parfum-presentacion-60-ml-WS4672129
WS4672235,Dior,Miss Dior Blooming Bouquet Edt 100 ml,https://www.farmaciaschester.com.ar/shop/product/miss-dior-blooming-bouquet-edt-100-ml-WS4672235
WS4672733,Disney,Disney Esmalte Bella Dorado Con Glitter,https://www.farmaciaschester.com.ar/shop/product/disney-esmalte-bella-dorado-con-glitter-WS4672733
WS4672113,Disney,Disney Esmalte Cenicienta Plata Con Glitter,https://www.farmaciaschester.com.ar/shop/product/disney-esmalte-cenicienta-plata-con-glitter-WS4672113
WS4671684,Disney,Disney Labial Frozen Ii,https://www.farmaciaschester.com.ar/shop/product/disney-labial-frozen-ii-WS4671684
WS4672803,Disney,Disney Perfume Con Glitter 50 ml - Princesa,https://www.farmaciaschester.com.ar/shop/product/disney-perfume-con-glitter-50-ml---princesa-WS4672803
WS4672199,Disney,Disney Set de Maquillaje 100 en Valija (Maquillaje + Esmalte + Labial),https://www.farmaciaschester.com.ar/shop/product/disney-set-de-maquillaje-100-en-valija-maquillaje-esmalte-labial-WS4672199
WS4672325,Disney,Shampoo Infantil Disney en Carterita Wonder Woman 300 ml,https://www.farmaciaschester.com.ar/shop/product/shampoo-infantil-disney-en-carterita-wonder-woman-300-ml-WS4672325
WS4672603,Dolce & Gabbana,Dolce & Gabbana Light Blue New Pour Homme Edt 100 ml,https://www.farmaciaschester.com.ar/shop/product/dolce-gabbana-light-blue-new-pour-homme-edt-100-ml-WS4672603
WS4672963,Doncella,Doncella Algodon Plegado 500 gr,https://www.farmaciaschester.com.ar/shop/product/doncella-algodon-plegado-500-gr-WS4672963
WS4672442,Donna,Donna Pompones de Algodón 50 Unidades,https://www.farmaciaschester.com.ar/shop/product/donna-pompones-de-algodon-50-unidades-WS4672442
WS4672209,Dove,Dove Antitranspirante Men Comfort Protection 148 gr,https://www.farmaciaschester.com.ar/shop/product/dove-antitranspirante-men-comfort-protection-148-gr-WS4672209
WS4671760,Dove,Dove Antitraspirante Men Energy Boost 89 gr,https://www.farmaciaschester.com.ar/shop/product/dove-antitraspirante-men-energy-boost-89-gr-WS4671760
WS4672583,Dove,Dove Desodorante Antitranspirante Original en Barra 53 gr,https://www.farmaciaschester.com.ar/shop/product/dove-desodorante-antitranspirante-original-en-barra-53-gr-WS4672583
WS4672478,Dove,Dove Desodorante Barra Invisible Dry 50 gr,https://www.farmaciaschester.com.ar/shop/product/dove-desodorante-barra-invisible-dry-50-gr-WS4672478
WS4672643,Dove,Dove Reconstrucción Completa Shampoo x 200 ml,https://www.farmaciaschester.com.ar/shop/product/dove-reconstruccion-completa-shampoo-x-200-ml-WS4672643
WS4671960,Dove,Dove Ritual de Reparación Shampoo x 200 ml,https://www.farmaciaschester.com.ar/shop/product/dove-ritual-de-reparacion-shampoo-x-200-ml-WS4671960
WS4672058,Dove,Dove Óleo Nutrición Acondicionador x 200 ml,https://www.farmaciaschester.com.ar/shop/product/dove-oleo-nutricion-acondicionador-x-200-ml-WS4672058
WS4673154,Dove,Shampoo Dove Óleo Nutrición Superior x 400 ml,https://www.farmaciaschester.com.ar/shop/product/shampoo-dove-oleo-nutricion-superior-x-400-ml-WS4673154
WS4672044,Dove,Shampoo Dove Óleo Nutrición x 200 ml,https://www.farmaciaschester.com.ar/shop/product/shampoo-dove-oleo-nutricion-x-200-ml-WS4672044
WS4671676,Dr Uze,Dr Uze Peine Antipediculosis Max,https://www.farmaciaschester.com.ar/shop/product/dr-uze-peine-antipediculosis-max-WS4671676
WS4673282,Ducray,Ducray Shampo Extra Doux 400 ml,https://www.farmaciaschester.com.ar/shop/product/ducray-shampo-extra-doux-400-ml-WS4673282
WS4672685,Ducray,Ducray Shampoo Extra Doux 200 ml,https://www.farmaciaschester.com.ar/shop/product/ducray-shampoo-extra-doux-200-ml-WS4672685
WS4673148,Ducray,Ducray Shampoo Kertyol P.S.O 125 ml,https://www.farmaciaschester.com.ar/shop/product/ducray-shampoo-kertyol-pso-125-ml-WS4673148
WS4673231,Ducray,Ducray Shampoo Squanorm Graso 200 ml,https://www.farmaciaschester.com.ar/shop/product/ducray-shampoo-squanorm-graso-200-ml-WS4673231
WS4672941,Duracell,Duracell Pila Audifono Tamaño 10 (6 Blister),https://www.farmaciaschester.com.ar/shop/product/duracell-pila-audifono-tamano-10-6-blister-WS4672941
WS4673287,Duracell,Duracell Pila Audifono Tamaño 13 (6 Blister),https://www.farmaciaschester.com.ar/shop/product/duracell-pila-audifono-tamano-13-6-blister-WS4673287
WS4672014,Duracell,Duracell Pila Audifono Tamaño 312 (6 Blister),https://www.farmaciaschester.com.ar/shop/product/duracell-pila-audifono-tamano-312-6-blister-WS4672014
WS4672401,Duracell,Duracell Pila Audifono Tamaño 675 (6 Blister),https://www.farmaciaschester.com.ar/shop/product/duracell-pila-audifono-tamano-675-6-blister-WS4672401
WS4672949,Duracell,Duracell Pila Grande D (2 Unidades),https://www.farmaciaschester.com.ar/shop/product/duracell-pila-grande-d-2-unidades-WS4672949
WS4671792,Duracell,Duracell Pila Mediana C (2 Unidades),https://www.farmaciaschester.com.ar/shop/product/duracell-pila-mediana-c-2-unidades-WS4671792
WS4672862,Elmex,Crema Dental Elmex Sensitive Pack 2 x 110 g,https://www.farmaciaschester.com.ar/shop/product/crema-dental-elmex-sensitive-pack-2-x-110-g-WS4672862
WS4673305,Elmex,Elmex Crema Dental Sensitive Professional 75 gr,https://www.farmaciaschester.com.ar/shop/product/elmex-crema-dental-sensitive-professional-75-gr-WS4673305
WS4672579,Encanto,Encanto Maquillaje Cremoso Infantil,https://www.farmaciaschester.com.ar/shop/product/encanto-maquillaje-cremoso-infantil-WS4672579
WS4672735,Epica,Epica Grasse Perfume Hombre Edp 50 ml,https://www.farmaciaschester.com.ar/shop/product/epica-grasse-perfume-hombre-edp-50-ml-WS4672735
WS4672808,Espadol,Espadol Jabón Líquido Antibacterial Original 220 ml,https://www.farmaciaschester.com.ar/shop/product/espadol-jabon-liquido-antibacterial-original-220-ml-WS4672808
WS4672429,Estrella,Estrella Pañales Pants Ropa Interior Talle Medium (8 Unidades),https://www.farmaciaschester.com.ar/shop/product/estrella-panales-pants-ropa-interior-talle-medium-8-unidades-WS4672429
WS4672805,Estrella,Estrella Pañales Pants Ropa Interior Talle Xg (8 Unidades),https://www.farmaciaschester.com.ar/shop/product/estrella-panales-pants-ropa-interior-talle-xg-8-unidades-WS4672805
WS4673031,Eucerin,Crema Eucerin Hyaluron Filler Elasticity Repuesto Spf 30 x 50 ml,https://www.farmaciaschester.com.ar/shop/product/crema-eucerin-hyaluron-filler-elasticity-repuesto-spf-30-x-50-ml-WS4673031
WS4671930,Eucerin,Crema de Noche Eucerin Hyaluron Filler Elasticity Repuesto x 50 ml,https://www.farmaciaschester.com.ar/shop/product/crema-de-noche-eucerin-hyaluron-filler-elasticity-repuesto-x-50-ml-WS4671930
WS4672132,Eucerin,Eucerin Exfoliante Dermopure Oil Control Para Piel Grasa 100 ml,https://www.farmaciaschester.com.ar/shop/product/eucerin-exfoliante-dermopure-oil-control-para-piel-grasa-100-ml-WS4672132
WS4672623,Eucerin,Sérum Eucerin Sun Oil Control Uv Ultra Light Fps 50+ 30 ml,https://www.farmaciaschester.com.ar/shop/product/serum-eucerin-sun-oil-control-uv-ultra-light-fps-50-30-ml-WS4672623
WS4672266,Exatherm,Termómetro Digital Exatherm Dt-K11b,https://www.farmaciaschester.com.ar/shop/product/termometro-digital-exatherm-dt-k11b-WS4672266
WS4672991,Farmaco,Farmaco Glicerina Jabón en Barra Con Aloe Piel Normal 100 g,https://www.farmaciaschester.com.ar/shop/product/farmaco-glicerina-jabon-en-barra-con-aloe-piel-normal-100-g-WS4672991
WS4672487,Farmaco,Jabón Glicerina Farmaco Piel Seca X 120 G,https://www.farmaciaschester.com.ar/shop/product/jabon-glicerina-farmaco-piel-seca-x-120-g-WS4672487
WS4672377,Fascino,Fascino Make Up Brochas Set x 6 Rainbow Line,https://www.farmaciaschester.com.ar/shop/product/fascino-make-up-brochas-set-x-6-rainbow-line-WS4672377
WS4671761,Fave,Fave Venda Enyesada N° 10 4 metros Fraguado Rápido 1 Unidad Único,https://www.farmaciaschester.com.ar/shop/product/fave-venda-enyesada-n-10-4-metros-fraguado-rapido-1-unidad-unico-WS4671761
WS4672167,Fave,Fave Venda Ovata N10 1 Unidad 10 cm x 3 mts Único,https://www.farmaciaschester.com.ar/shop/product/fave-venda-ovata-n10-1-unidad-10-cm-x-3-mts-unico-WS4672167
WS4671810,Fave,Fave Venda Ovata N15 1 Unidad 15 cm x 3 mts Único,https://www.farmaciaschester.com.ar/shop/product/fave-venda-ovata-n15-1-unidad-15-cm-x-3-mts-unico-WS4671810
WS4672608,Fave,Venda Yeso Gypsofix Rapido 20 cm x 4 m - Fave,https://www.farmaciaschester.com.ar/shop/product/venda-yeso-gypsofix-rapido-20-cm-x-4-m---fave-WS4672608
WS4673108,Forlano,Forlano Bolsa Colectora de Orina F-2002 Sonda,https://www.farmaciaschester.com.ar/shop/product/forlano-bolsa-colectora-de-orina-f-2002-sonda-WS4673108
WS4673025,Franklin,Franklin Termómetro Digital Flex Hz5 1 Unidad,https://www.farmaciaschester.com.ar/shop/product/franklin-termometro-digital-flex-hz5-1-unidad-WS4673025
WS4671729,Franklin,Franklin Termómetro Digital Infrarrojo Hz10,https://www.farmaciaschester.com.ar/shop/product/franklin-termometro-digital-infrarrojo-hz10-WS4671729
WS4672079,Frozen,Frozen Maquillaje Cremoso Infantil,https://www.farmaciaschester.com.ar/shop/product/frozen-maquillaje-cremoso-infantil-WS4672079
WS4672214,Garden House,Garden House Suplemendo Dietario Ginkgo Biloba Extracto 80 mg (30 Comprimidos),https://www.farmaciaschester.com.ar/shop/product/garden-house-suplemendo-dietario-ginkgo-biloba-extracto-80-mg-30-comprimidos-WS4672214
WS4672366,Garden House,Garden House Suplemento Dietario Centella Asiática (60 Comprimidos),https://www.farmaciaschester.com.ar/shop/product/garden-house-suplemento-dietario-centella-asiatica-60-comprimidos-WS4672366
WS4672665,Gasana,Gasa Esteril 10x10x10 Sobre Esteril Caja Expend X100 - Gasan,https://www.farmaciaschester.com.ar/shop/product/gasa-esteril-10x10x10-sobre-esteril-caja-expend-x100---gasan-WS4672665
WS4672558,Genomma,Tafirol Forte Plus | 8 cápsulas blandas | Diclofenac sódico + Paracetamol,https://www.farmaciaschester.com.ar/shop/product/tafirol-forte-plus-8-capsulas-blandas-diclofenac-sodico-paracetamol-WS4672558
WS4672398,Giesso,Giesso Estuche In Blue (Edt 50 ml + Deo),https://www.farmaciaschester.com.ar/shop/product/giesso-estuche-in-blue-edt-50-ml-deo-WS4672398
WS4673283,Giesso,Giesso Perfume Eau de Parfum para Hombres Intuition 100 ml,https://www.farmaciaschester.com.ar/shop/product/giesso-perfume-eau-de-parfum-para-hombres-intuition-100-ml-WS4673283
WS4672034,Giesso,Giesso Puro Mujer EDT 19ml + Body Lotion,https://www.farmaciaschester.com.ar/shop/product/giesso-puro-mujer-edt-19ml-body-lotion-WS4672034
WS4673093,Giesso,Giesso Set Puro Edt 50 ml + Deo Tamaño 2 Unid,https://www.farmaciaschester.com.ar/shop/product/giesso-set-puro-edt-50-ml-deo-tamano-2-unid-WS4673093
WS4672249,Giesso,Set Edt Giesso Puro Femenino x 19 ml + Body Lotion x 100 g,https://www.farmaciaschester.com.ar/shop/product/set-edt-giesso-puro-femenino-x-19-ml-body-lotion-x-100-g-WS4672249
WS4672706,Gillette,Desodorante Antitranspirante Gillette Specialized Pro Cool Ware x 45 g,https://www.farmaciaschester.com.ar/shop/product/desodorante-antitranspirante-gillette-specialized-pro-cool-ware-x-45-g-WS4672706
WS4671919,Gillette,Gillette Antitranspirante en Gel Cool Wave Clear 82 gr,https://www.farmaciaschester.com.ar/shop/product/gillette-antitranspirante-en-gel-cool-wave-clear-82-gr-WS4671919
WS4672640,Gillette,Gillette Maquina Desechable Corpo Cuerpo (4 Unidades),https://www.farmaciaschester.com.ar/shop/product/gillette-maquina-desechable-corpo-cuerpo-4-unidades-WS4672640
WS4671887,Gillette,Gillette Maquina de Afeitar Cooling (8 Unidades),https://www.farmaciaschester.com.ar/shop/product/gillette-maquina-de-afeitar-cooling-8-unidades-WS4671887
WS4673169,Gillette,Maquina Afeitar Desechable Gillette Prestobarba Carbono 8 Uds,https://www.farmaciaschester.com.ar/shop/product/maquina-afeitar-desechable-gillette-prestobarba-carbono-8-uds-WS4673169
WS4672751,Gillette,Máquina de Afeitar Gillette Prestobarba 3 Carbono x 2 un,https://www.farmaciaschester.com.ar/shop/product/maquina-de-afeitar-gillette-prestobarba-3-carbono-x-2-un-WS4672751
WS4672438,Gillette,Máquina de Afeitar Gillette Prestobarba 3 Carbono x 4 un,https://www.farmaciaschester.com.ar/shop/product/maquina-de-afeitar-gillette-prestobarba-3-carbono-x-4-un-WS4672438
WS4673309,Gillette,Repuesto Máquina de Afeitar Gillette 3 mach Carbón x 4 un,https://www.farmaciaschester.com.ar/shop/product/repuesto-maquina-de-afeitar-gillette-3-mach-carbon-x-4-un-WS4673309
WS4672476,Givenchy,Givenchy Irresistible Nude Velvet Edp Presentación Fragancias 35 ml,https://www.farmaciaschester.com.ar/shop/product/givenchy-irresistible-nude-velvet-edp-presentacion-fragancias-35-ml-WS4672476
WS4673296,Givenchy,Givenchy Irresistible Nude Velvet Edp Presentación Fragancias 50 ml,https://www.farmaciaschester.com.ar/shop/product/givenchy-irresistible-nude-velvet-edp-presentacion-fragancias-50-ml-WS4673296
WS4672002,Givenchy,Givenchy Irresistible Nude Velvet Edp Presentación Fragancias 80 ml,https://www.farmaciaschester.com.ar/shop/product/givenchy-irresistible-nude-velvet-edp-presentacion-fragancias-80-ml-WS4672002
WS4672610,Givenchy,Givenchy L´Interdit Angélique Rouge Edp Presentación 50 ml,https://www.farmaciaschester.com.ar/shop/product/givenchy-linterdit-angelique-rouge-edp-presentacion-50-ml-WS4672610
WS4672730,Gl,Gl Peine Pediculicida Metalico,https://www.farmaciaschester.com.ar/shop/product/gl-peine-pediculicida-metalico-WS4672730
WS4672022,Gum,Gum Caja Protectora,https://www.farmaciaschester.com.ar/shop/product/gum-caja-protectora-WS4672022
WS4672107,Gum,Gum Cepillo Classic Stranger Things 409 Suave,https://www.farmaciaschester.com.ar/shop/product/gum-cepillo-classic-stranger-things-409-suave-WS4672107
WS4672003,Gum,Gum Cepillo Dental Classic Bio 409,https://www.farmaciaschester.com.ar/shop/product/gum-cepillo-dental-classic-bio-409-WS4672003
WS4672514,Gum,Gum Cepillo Dental Kids Suave Trolls (Con Timer Luz),https://www.farmaciaschester.com.ar/shop/product/gum-cepillo-dental-kids-suave-trolls-con-timer-luz-WS4672514
WS4671795,Gum,Gum Cepillo Dental Miraculus Ladybug Timer Light (2 Unidades),https://www.farmaciaschester.com.ar/shop/product/gum-cepillo-dental-miraculus-ladybug-timer-light-2-unidades-WS4671795
WS4672301,Gum,Gum Cepillo Dental Paw Patrol Baby,https://www.farmaciaschester.com.ar/shop/product/gum-cepillo-dental-paw-patrol-baby-WS4672301
WS4672914,Gum,Gum Cepillo Dental Post-Operation Delicate 317 Ultra Suave,https://www.farmaciaschester.com.ar/shop/product/gum-cepillo-dental-post-operation-delicate-317-ultra-suave-WS4672914
WS4671771,Gum,Gum Cepillo de Dientes Bob Esponja (2 Unidades),https://www.farmaciaschester.com.ar/shop/product/gum-cepillo-de-dientes-bob-esponja-2-unidades-WS4671771
WS4672810,Gum,Gum Gel Dental Carbon Activado Stranger Things 100 gr,https://www.farmaciaschester.com.ar/shop/product/gum-gel-dental-carbon-activado-stranger-things-100-gr-WS4672810
WS4673185,Gut,Gasa Estuche N°5 15x15 - Gut,https://www.farmaciaschester.com.ar/shop/product/gasa-estuche-n5-15x15---gut-WS4673185
WS4673023,Gut,Gasa Estuche N°5 30x30 - Gut,https://www.farmaciaschester.com.ar/shop/product/gasa-estuche-n5-30x30---gut-WS4673023
WS4673302,Halloween,Halloween Bliss Edt Presentación 30 ml,https://www.farmaciaschester.com.ar/shop/product/halloween-bliss-edt-presentacion-30-ml-WS4673302
WS4672984,Halloween,Halloween Bliss Edt Presentación Fragancias 100 ml,https://www.farmaciaschester.com.ar/shop/product/halloween-bliss-edt-presentacion-fragancias-100-ml-WS4672984
WS4671826,Head & Shoulders,Shampoo Head & Shoulders Romero Anti Caida 375 ml,https://www.farmaciaschester.com.ar/shop/product/shampoo-head-shoulders-romero-anti-caida-375-ml-WS4671826
WS4673194,Head & Shoulders,Shampoo Head & Shoulders Romero Anti Caida x 180 ml,https://www.farmaciaschester.com.ar/shop/product/shampoo-head-shoulders-romero-anti-caida-x-180-ml-WS4673194
WS4671721,Herbal Essences,Perfume Capilar Herbal Essences 90 ml,https://www.farmaciaschester.com.ar/shop/product/perfume-capilar-herbal-essences-90-ml-WS4671721
WS4673258,Hinds,Hinds Rosa Plus 75 ml,https://www.farmaciaschester.com.ar/shop/product/hinds-rosa-plus-75-ml-WS4673258
WS4671966,Hipoalergic,Cinta Adhesiva Neuromuscular Hipoalergic Kin 5 cm x 1 m (1 tira color azul),https://www.farmaciaschester.com.ar/shop/product/cinta-adhesiva-neuromuscular-hipoalergic-kin-5-cm-x-1-m-1-tira-color-azul-WS4671966
WS4672666,Hipoalergic,Cinta Adhesiva Neuromuscular Hipoalergic Kin 5 cm x 5 m (1 rollo color azul),https://www.farmaciaschester.com.ar/shop/product/cinta-adhesiva-neuromuscular-hipoalergic-kin-5-cm-x-5-m-1-rollo-color-azul-WS4672666
WS4673086,Hipoalergic,Cinta Adhesiva Neuromuscular Hipoalergic Kin 5 cm x 5 m (1 rollo color beige),https://www.farmaciaschester.com.ar/shop/product/cinta-adhesiva-neuromuscular-hipoalergic-kin-5-cm-x-5-m-1-rollo-color-beige-WS4673086
WS4672425,Hipoalergic,Cinta Adhesiva de Algodón Hipoalergic Sport 5 cm x 9 m (1 rollo),https://www.farmaciaschester.com.ar/shop/product/cinta-adhesiva-de-algodon-hipoalergic-sport-5-cm-x-9-m-1-rollo-WS4672425
WS4673039,Hipoalergic,"Cinta Elástica Autoadherente Hipoalergic Flex 5 cm x 4,5 m (1 rollo color beige)",https://www.farmaciaschester.com.ar/shop/product/cinta-elastica-autoadherente-hipoalergic-flex-5-cm-x-45-m-1-rollo-color-beige-WS4673039
WS4672578,Hipoalergic,"Cinta Elástica Autoadherente Hipoalergic Flex 7,5 cm x 4,5 m (1 rollo color beige)",https://www.farmaciaschester.com.ar/shop/product/cinta-elastica-autoadherente-hipoalergic-flex-75-cm-x-45-m-1-rollo-color-beige-WS4672578
WS4671934,Hipoalergic,Hipoalergic Parches Oculares Pediatricos (caja x 20 unidades),https://www.farmaciaschester.com.ar/shop/product/hipoalergic-parches-oculares-pediatricos-caja-x-20-unidades-WS4671934
WS4671851,Hipoalergic,Tiras Adhesivas de Sutura Hipoalergic Strip 6 mm x 100 mm (caja x 10 unidades),https://www.farmaciaschester.com.ar/shop/product/tiras-adhesivas-de-sutura-hipoalergic-strip-6-mm-x-100-mm-caja-x-10-unidades-WS4671851
WS4672781,Hugo Boss,Hugo Boss Boss Bottled Parfum 50 ml,https://www.farmaciaschester.com.ar/shop/product/hugo-boss-boss-bottled-parfum-50-ml-WS4672781
WS4672865,Hugo Boss,Hugo Boss Hugo Jeans Edt Presentación 125 ml,https://www.farmaciaschester.com.ar/shop/product/hugo-boss-hugo-jeans-edt-presentacion-125-ml-WS4672865
WS4672337,Issue,Issue Color Pack Keratina Nº7.1 Rubio Ceniza 7.1 Rubio Ceniza Intenso,https://www.farmaciaschester.com.ar/shop/product/issue-color-pack-keratina-no71-rubio-ceniza-71-rubio-ceniza-intenso-WS4672337
WS4673098,Issue,Issue Keratin Color 9 Rubio Claro Claro 9 Rubio Muy Claro,https://www.farmaciaschester.com.ar/shop/product/issue-keratin-color-9-rubio-claro-claro-9-rubio-muy-claro-WS4673098
WS4672306,Issue,Issue Kit Sin Amoniaco Tono 7,https://www.farmaciaschester.com.ar/shop/product/issue-kit-sin-amoniaco-tono-7-WS4672306
WS4671865,Issue,Issue Shampoo Color Express 5 min Rubio Claro,https://www.farmaciaschester.com.ar/shop/product/issue-shampoo-color-express-5-min-rubio-claro-WS4671865
WS4672349,Jactans,Disney Brillo Labial Moana,https://www.farmaciaschester.com.ar/shop/product/disney-brillo-labial-moana-WS4672349
WS4673048,Jactans,Disney Brillo Labial Princesa Frozen Ii,https://www.farmaciaschester.com.ar/shop/product/disney-brillo-labial-princesa-frozen-ii-WS4673048
WS4673030,Jactans,Disney Esmalte Fucsia La Sirenita,https://www.farmaciaschester.com.ar/shop/product/disney-esmalte-fucsia-la-sirenita-WS4673030
WS4672581,Jactans,Disney Esmalte Infantil Princesas en Bolsita,https://www.farmaciaschester.com.ar/shop/product/disney-esmalte-infantil-princesas-en-bolsita-WS4672581
WS4672872,Jactans,Disney Esmalte Moana Rojo Con Glitter,https://www.farmaciaschester.com.ar/shop/product/disney-esmalte-moana-rojo-con-glitter-WS4672872
WS4671748,Jactans,Disney Esmalte Rapunzel Violeta Con Glitter,https://www.farmaciaschester.com.ar/shop/product/disney-esmalte-rapunzel-violeta-con-glitter-WS4671748
WS4672552,Jactans,Frozen Esmalte Infantil Princesa en Bolsita,https://www.farmaciaschester.com.ar/shop/product/frozen-esmalte-infantil-princesa-en-bolsita-WS4672552
WS4672152,Jactans,K-Pop Esmaltes Huntrix en Caramelera,https://www.farmaciaschester.com.ar/shop/product/k-pop-esmaltes-huntrix-en-caramelera-WS4672152
WS4673096,Jactans,K-Pop Perfume Huntrix Estuche Cubo 50 ml,https://www.farmaciaschester.com.ar/shop/product/k-pop-perfume-huntrix-estuche-cubo-50-ml-WS4673096
WS4671755,Jactans,K-Pop Perfume Huntrix Frasco Armani 50 ml,https://www.farmaciaschester.com.ar/shop/product/k-pop-perfume-huntrix-frasco-armani-50-ml-WS4671755
WS4672627,Jactans,K-Pop Perfume Saja en Lata 50 ml,https://www.farmaciaschester.com.ar/shop/product/k-pop-perfume-saja-en-lata-50-ml-WS4672627
WS4673125,Jactans,Margarita Fragancia Arriesghada Edt 50 ml,https://www.farmaciaschester.com.ar/shop/product/margarita-fragancia-arriesghada-edt-50-ml-WS4673125
WS4672777,Jactans,Mickey Perfume Orejitas Azul 30 ml,https://www.farmaciaschester.com.ar/shop/product/mickey-perfume-orejitas-azul-30-ml-WS4672777
WS4672391,Jactans,Minnie Perfume Orejitas Rosa 30 ml,https://www.farmaciaschester.com.ar/shop/product/minnie-perfume-orejitas-rosa-30-ml-WS4672391
WS4672869,Jactans,Stitch Balsamo Labial en Bolsita,https://www.farmaciaschester.com.ar/shop/product/stitch-balsamo-labial-en-bolsita-WS4672869
WS4673303,Jactans,Stitch Perfume Frutilla 50 ml,https://www.farmaciaschester.com.ar/shop/product/stitch-perfume-frutilla-50-ml-WS4673303
WS4671715,Jactans,Stitch Perfume Lata Baja Angel 50 ml,https://www.farmaciaschester.com.ar/shop/product/stitch-perfume-lata-baja-angel-50-ml-WS4671715
WS4672409,Jactans,Toy Story Perfume Lotso Frutilla 50 ml,https://www.farmaciaschester.com.ar/shop/product/toy-story-perfume-lotso-frutilla-50-ml-WS4672409
WS4672690,Jactans,Transformers Perfume Infantil Estuche Camion 50 ml,https://www.farmaciaschester.com.ar/shop/product/transformers-perfume-infantil-estuche-camion-50-ml-WS4672690
WS4672486,Jactans,Transformers Perfume Lata 50 ml,https://www.farmaciaschester.com.ar/shop/product/transformers-perfume-lata-50-ml-WS4672486
WS4672566,Jactans,Warner Dc Perfume Superman Con Tazos Para Jugar Edp 50 ml,https://www.farmaciaschester.com.ar/shop/product/warner-dc-perfume-superman-con-tazos-para-jugar-edp-50-ml-WS4672566
WS4671856,Jean Paul Gaultier,Jean Paul Gaultier Gaultier Divine Edp Presentación Fragancias 100 ml,https://www.farmaciaschester.com.ar/shop/product/jean-paul-gaultier-gaultier-divine-edp-presentacion-fragancias-100-ml-WS4671856
WS4671674,Jean Paul Gaultier,Jean Paul Gaultier Scandal Edp Presentación 80 ml,https://www.farmaciaschester.com.ar/shop/product/jean-paul-gaultier-scandal-edp-presentacion-80-ml-WS4671674
WS4673054,Jean Paul Gaultier,Jean Paul Gaultier Scandal Le Parfum Edp Presentación 80 ml,https://www.farmaciaschester.com.ar/shop/product/jean-paul-gaultier-scandal-le-parfum-edp-presentacion-80-ml-WS4673054
WS4672168,Jeanne Arthes Paris,Jeanne Arthes Paris Amore Mio Tempting Cherry Edp 100 ml,https://www.farmaciaschester.com.ar/shop/product/jeanne-arthes-paris-amore-mio-tempting-cherry-edp-100-ml-WS4672168
WS4672545,Jeanne Arthes Paris,Jeanne Arthes Paris Balade a Paris Flanerie Pont Des Arts Edp 100 ml,https://www.farmaciaschester.com.ar/shop/product/jeanne-arthes-paris-balade-a-paris-flanerie-pont-des-arts-edp-100-ml-WS4672545
WS4672925,Jeanne Arthes Paris,Jeanne Arthes Paris Miss Cassandra Passion Edp 100 ml,https://www.farmaciaschester.com.ar/shop/product/jeanne-arthes-paris-miss-cassandra-passion-edp-100-ml-WS4672925
WS4671712,Jeanne Arthes Paris,Jeanne Arthes Paris Romantic Lover Edp 100 ml,https://www.farmaciaschester.com.ar/shop/product/jeanne-arthes-paris-romantic-lover-edp-100-ml-WS4671712
WS4671687,Jeanne Arthes Paris,Jeanne Arthes Paris Tea Time a Paris Macaron Amande Edp 100 ml,https://www.farmaciaschester.com.ar/shop/product/jeanne-arthes-paris-tea-time-a-paris-macaron-amande-edp-100-ml-WS4671687
WS4672722,Johnsons,Johnsons Baby Jabón en Barra Glicerina 80 gr,https://www.farmaciaschester.com.ar/shop/product/johnsons-baby-jabon-en-barra-glicerina-80-gr-WS4672722
WS4672882,Karina Rabolini,Karina Rabolini Estuche Mikado (Edt + Cartera Blanca),https://www.farmaciaschester.com.ar/shop/product/karina-rabolini-estuche-mikado-edt-cartera-blanca-WS4672882
WS4672617,Karina Rabolini,Karina Rabolini Estuche Trap 2 (Edt + Cartera Negra),https://www.farmaciaschester.com.ar/shop/product/karina-rabolini-estuche-trap-2-edt-cartera-negra-WS4672617
WS4672714,Karina Rabolini,Karina Rabolini Set Duo White Fruits & Vitamins Nutritiva Y Relajante,https://www.farmaciaschester.com.ar/shop/product/karina-rabolini-set-duo-white-fruits-vitamins-nutritiva-y-relajante-WS4672714
WS4672633,Kenzo,Flower By Kenzo Ikeana Indigo Edp Presentación Fragancias 75 ml,https://www.farmaciaschester.com.ar/shop/product/flower-by-kenzo-ikeana-indigo-edp-presentacion-fragancias-75-ml-WS4672633
WS4672461,Kenzo,Kenzo Parfum D Ete Edp 75 ml,https://www.farmaciaschester.com.ar/shop/product/kenzo-parfum-d-ete-edp-75-ml-WS4672461
WS4672688,Kevin,Set Kevin Absolute Edt 100 ml + Deo Tamaño 2 Unid,https://www.farmaciaschester.com.ar/shop/product/set-kevin-absolute-edt-100-ml-deo-tamano-2-unid-WS4672688
WS4672436,Kevin,Set Kevin Absolute Edt 60 ml + Desodorante 150 ml + Neceser,https://www.farmaciaschester.com.ar/shop/product/set-kevin-absolute-edt-60-ml-desodorante-150-ml-neceser-WS4672436
WS4673059,Kevin,Set Kevin Black Edt 60 ml + Desodorante 150 ml + Neceser,https://www.farmaciaschester.com.ar/shop/product/set-kevin-black-edt-60-ml-desodorante-150-ml-neceser-WS4673059
WS4672346,Kevingston,Kevingston Eau de Toilette 20 azul 100 ml,https://www.farmaciaschester.com.ar/shop/product/kevingston-eau-de-toilette-20-azul-100-ml-WS4672346
WS4671701,Kevingston,Kevingston Estuche 32 Rojo (Edt 50 ml + Deo) Presentación (Ml) 50 ml,https://www.farmaciaschester.com.ar/shop/product/kevingston-estuche-32-rojo-edt-50-ml-deo-presentacion-ml-50-ml-WS4671701
WS4672968,Klorane,Klorane Balsamo Camomila 200,https://www.farmaciaschester.com.ar/shop/product/klorane-balsamo-camomila-200-WS4672968
WS4672334,Klorane,Klorane Balsamo Granada 200,https://www.farmaciaschester.com.ar/shop/product/klorane-balsamo-granada-200-WS4672334
WS4672305,Klorane,Klorane Balsamo a La Manteca de Cupuacu Organico 200 ml,https://www.farmaciaschester.com.ar/shop/product/klorane-balsamo-a-la-manteca-de-cupuacu-organico-200-ml-WS4672305
WS4672952,Klorane,Klorane Camomila Shampoo 400 ml,https://www.farmaciaschester.com.ar/shop/product/klorane-camomila-shampoo-400-ml-WS4672952
WS4671719,Klorane,Klorane Shampo Matizante Centaurea Para Reflejos Canosos 200 ml,https://www.farmaciaschester.com.ar/shop/product/klorane-shampo-matizante-centaurea-para-reflejos-canosos-200-ml-WS4671719
WS4672993,Klorane,Klorane Shampo Matizante Centaurea Para Reflejos Canosos 400 ml,https://www.farmaciaschester.com.ar/shop/product/klorane-shampo-matizante-centaurea-para-reflejos-canosos-400-ml-WS4672993
WS4672263,Klorane,Klorane Shampoo Calmante Peonia Para Cuero Cabelludo Sensible 200 ml,https://www.farmaciaschester.com.ar/shop/product/klorane-shampoo-calmante-peonia-para-cuero-cabelludo-sensible-200-ml-WS4672263
WS4671829,Klorane,Klorane Shampoo Camomille 200 ml,https://www.farmaciaschester.com.ar/shop/product/klorane-shampoo-camomille-200-ml-WS4671829
WS4672762,Klorane,Klorane Shampoo Fijador Y Protector de Color Granada 200 ml,https://www.farmaciaschester.com.ar/shop/product/klorane-shampoo-fijador-y-protector-de-color-granada-200-ml-WS4672762
WS4672501,Klorane,Klorane Shampoo Hidratante Avena 200 ml,https://www.farmaciaschester.com.ar/shop/product/klorane-shampoo-hidratante-avena-200-ml-WS4672501
WS4672115,Klorane,Klorane Shampoo a La Leche de Almendras 200 ml,https://www.farmaciaschester.com.ar/shop/product/klorane-shampoo-a-la-leche-de-almendras-200-ml-WS4672115
WS4672599,Klorane,Klorane Shampoo a La Pulpa de Cédrat 400 ml,https://www.farmaciaschester.com.ar/shop/product/klorane-shampoo-a-la-pulpa-de-cedrat-400-ml-WS4672599
WS4672828,Kolynos,Kolynos Súper Blanco Frescura Intensa Crema Dental 90 g,https://www.farmaciaschester.com.ar/shop/product/kolynos-super-blanco-frescura-intensa-crema-dental-90-g-WS4672828
WS4673011,Kolynos,Pasta Dental Kolynos Super Blanco 180 g x 3 Unidades,https://www.farmaciaschester.com.ar/shop/product/pasta-dental-kolynos-super-blanco-180-g-x-3-unidades-WS4673011
WS4672479,Kotex,Toallas Femeninas Kotex Esencial - 8 Unidades,https://www.farmaciaschester.com.ar/shop/product/toallas-femeninas-kotex-esencial---8-unidades-WS4672479
WS4672206,L'Inedito,Edp Dolcezza L'inedito Donna 80 ml,https://www.farmaciaschester.com.ar/shop/product/edp-dolcezza-linedito-donna-80-ml-WS4672206
WS4672663,L'Inedito,Edp Dolcezza L'inedito Imperiale x 80 ml,https://www.farmaciaschester.com.ar/shop/product/edp-dolcezza-linedito-imperiale-x-80-ml-WS4672663
WS4672969,L'Inedito,Edp Potenza L'inedito Imperiale x 100 ml,https://www.farmaciaschester.com.ar/shop/product/edp-potenza-linedito-imperiale-x-100-ml-WS4672969
WS4673052,L'Inedito,Edp Potenza L'inedito Uomo x 100 ml,https://www.farmaciaschester.com.ar/shop/product/edp-potenza-linedito-uomo-x-100-ml-WS4673052
WS4672210,L'Oreal Paris,Crema Mate Iluminadora Glycolic Bright L´Oreal Paris,https://www.farmaciaschester.com.ar/shop/product/crema-mate-iluminadora-glycolic-bright-loreal-paris-WS4672210
WS4672818,La Pasionaria,La Pasionaria Desodorante en Aerosol Historias 1 x 123 ml,https://www.farmaciaschester.com.ar/shop/product/la-pasionaria-desodorante-en-aerosol-historias-1-x-123-ml-WS4672818
WS4673100,La Pasionaria,La Pasionaria Desodorante en Aerosol Historias 3 x 123 ml,https://www.farmaciaschester.com.ar/shop/product/la-pasionaria-desodorante-en-aerosol-historias-3-x-123-ml-WS4673100
WS4671723,La Pasionaria,La Pasionaria Desodorante en Aerosol Historias 4 x 123 ml,https://www.farmaciaschester.com.ar/shop/product/la-pasionaria-desodorante-en-aerosol-historias-4-x-123-ml-WS4671723
WS4672386,La Pasionaria,La Pasionaria Desodorante en Aerosol Historias 5 x 123 ml,https://www.farmaciaschester.com.ar/shop/product/la-pasionaria-desodorante-en-aerosol-historias-5-x-123-ml-WS4672386
WS4672175,La Pasionaria,La Pasionaria Desodorante en Aerosol Historias 6 x 123 ml,https://www.farmaciaschester.com.ar/shop/product/la-pasionaria-desodorante-en-aerosol-historias-6-x-123-ml-WS4672175
WS4673183,La Pasionaria,La Pasionaria Fragancia Historias 1 Edp 50 ml,https://www.farmaciaschester.com.ar/shop/product/la-pasionaria-fragancia-historias-1-edp-50-ml-WS4673183
WS4672128,La Pasionaria,La Pasionaria Fragancia Historias 4 Edp 50 ml,https://www.farmaciaschester.com.ar/shop/product/la-pasionaria-fragancia-historias-4-edp-50-ml-WS4672128
WS4671862,La Pasionaria,La Pasionaria Fragancia Historias 6 Edp 50 ml,https://www.farmaciaschester.com.ar/shop/product/la-pasionaria-fragancia-historias-6-edp-50-ml-WS4671862
WS4671793,La Pasionaria,la Pasionaria Fragancia Historias 3 Edp 50 ml,https://www.farmaciaschester.com.ar/shop/product/la-pasionaria-fragancia-historias-3-edp-50-ml-WS4671793
WS4672443,La Pasionaria,la Pasionaria Fragancia Historias 5 Edp 50 ml,https://www.farmaciaschester.com.ar/shop/product/la-pasionaria-fragancia-historias-5-edp-50-ml-WS4672443
WS4671940,La Roche Posay,Crema Effaclar Duo M+ Y Anti Acne La Roche Posay 15 ml,https://www.farmaciaschester.com.ar/shop/product/crema-effaclar-duo-m-y-anti-acne-la-roche-posay-15-ml-WS4671940
WS4672212,La Roche Posay,Crema la Roche Posay Hyalu B5 Spf 30 Repuesto x 50 ml,https://www.farmaciaschester.com.ar/shop/product/crema-la-roche-posay-hyalu-b5-spf-30-repuesto-x-50-ml-WS4672212
WS4672339,La Roche Posay,Gel Repuesto la Roche Posay Effaclar Micro Peeling 400 ml,https://www.farmaciaschester.com.ar/shop/product/gel-repuesto-la-roche-posay-effaclar-micro-peeling-400-ml-WS4672339
WS4671675,La Roche Posay,La Roche Posay Gel Lipikar Lavant Refill 400 ml,https://www.farmaciaschester.com.ar/shop/product/la-roche-posay-gel-lipikar-lavant-refill-400-ml-WS4671675
WS4671678,La Roche Posay,La Roche Posay Hydraphase Ha Legere 72h Hidratante Piel Normal A Seca 40ml,https://www.farmaciaschester.com.ar/shop/product/la-roche-posay-hydraphase-ha-legere-72h-hidratante-piel-normal-a-seca-40ml-WS4671678
WS4672970,La Roche Posay,La Roche Posay Hydraphase Ha Riche 72h Crema Facial Piel Seca Sensible X 40ml,https://www.farmaciaschester.com.ar/shop/product/la-roche-posay-hydraphase-ha-riche-72h-crema-facial-piel-seca-sensible-x-40ml-WS4672970
WS4672737,La Roche Posay,La Roche Posay Lipikar Baume Ap Max Balsamo 75 ml,https://www.farmaciaschester.com.ar/shop/product/la-roche-posay-lipikar-baume-ap-max-balsamo-75-ml-WS4672737
WS4672037,Ladysoft,Ladysoft Toalla Nocturna xl Absorcion Nocturna (8 Unidades),https://www.farmaciaschester.com.ar/shop/product/ladysoft-toalla-nocturna-xl-absorcion-nocturna-8-unidades-WS4672037
WS4672347,Lancome,Lancome Idôle Edt Presentación 100 ml,https://www.farmaciaschester.com.ar/shop/product/lancome-idole-edt-presentacion-100-ml-WS4672347
WS4671696,Lattafa,Lattafa Asad Elixir Edp 100 ml,https://www.farmaciaschester.com.ar/shop/product/lattafa-asad-elixir-edp-100-ml-WS4671696
WS4672867,Lattafa,Lattafa Yara Elixir Edp T100 ml,https://www.farmaciaschester.com.ar/shop/product/lattafa-yara-elixir-edp-t100-ml-WS4672867
WS4671995,Lenox,Lenox Almohadillas de Gel Night And Day (2 Unidades),https://www.farmaciaschester.com.ar/shop/product/lenox-almohadillas-de-gel-night-and-day-2-unidades-WS4671995
WS4672721,Lenox,Lenox Aposito Pads Multiuso,https://www.farmaciaschester.com.ar/shop/product/lenox-aposito-pads-multiuso-WS4672721
WS4671756,Lenox,Lenox Chico N° 1 S,https://www.farmaciaschester.com.ar/shop/product/lenox-chico-n-1-s-WS4671756
WS4671996,Lenox,Lenox Chico N° 1 m,https://www.farmaciaschester.com.ar/shop/product/lenox-chico-n-1-m-WS4671996
WS4672995,Lenox,Lenox Chico N° 1 xg,https://www.farmaciaschester.com.ar/shop/product/lenox-chico-n-1-xg-WS4672995
WS4671823,Lenox,Lenox Pads Ojos de Gallo x 6 Unid,https://www.farmaciaschester.com.ar/shop/product/lenox-pads-ojos-de-gallo-x-6-unid-WS4671823
WS4672051,Lenox,Lenox Plantilla Univ Conf Toalla,https://www.farmaciaschester.com.ar/shop/product/lenox-plantilla-univ-conf-toalla-WS4672051
WS4673150,Lenox,Lenox Protector Pads Para Callos Y Ojos de Gallo (8 Unidades) Unico,https://www.farmaciaschester.com.ar/shop/product/lenox-protector-pads-para-callos-y-ojos-de-gallo-8-unidades-unico-WS4673150
WS4672333,Lenox,Lenox Protector Pads Para Callosidades (6 Unidades) Unico,https://www.farmaciaschester.com.ar/shop/product/lenox-protector-pads-para-callosidades-6-unidades-unico-WS4672333
WS4671708,Lenox,Lenox Protector Pads Para Juanetes (6 Unidades) Unico,https://www.farmaciaschester.com.ar/shop/product/lenox-protector-pads-para-juanetes-6-unidades-unico-WS4671708
WS4671694,Lenox,Lenox Separador Doble,https://www.farmaciaschester.com.ar/shop/product/lenox-separador-doble-WS4671694
WS4671739,Lenox,Lenox Separador de Dedos Universal,https://www.farmaciaschester.com.ar/shop/product/lenox-separador-de-dedos-universal-WS4671739
WS4672105,Lenox,Lenox Talle Chico Grande,https://www.farmaciaschester.com.ar/shop/product/lenox-talle-chico-grande-WS4672105
WS4672493,Lenox,Lenox Talle M.,https://www.farmaciaschester.com.ar/shop/product/lenox-talle-m-WS4672493
WS4672804,Lenox,Lenox Talle M. l,https://www.farmaciaschester.com.ar/shop/product/lenox-talle-m-l-WS4672804
WS4673004,Lenox,Lenox Talle S l,https://www.farmaciaschester.com.ar/shop/product/lenox-talle-s-l-WS4673004
WS4672483,Lenox,Lenox Talle m,https://www.farmaciaschester.com.ar/shop/product/lenox-talle-m-WS4672483
WS4672759,Lenox,Lenox Talle m,https://www.farmaciaschester.com.ar/shop/product/lenox-talle-m-WS4672759
WS4672084,Lenox,Lenox Talonera de Gel Para Descanso x 2 Unid,https://www.farmaciaschester.com.ar/shop/product/lenox-talonera-de-gel-para-descanso-x-2-unid-WS4672084
WS4672394,Lenox,Lenox Tamaño Chico m,https://www.farmaciaschester.com.ar/shop/product/lenox-tamano-chico-m-WS4672394
WS4673237,Lisfar,Lisfar Botiquin Primeros Auxilios,https://www.farmaciaschester.com.ar/shop/product/lisfar-botiquin-primeros-auxilios-WS4673237
WS4672897,Lisfar,Lisfar Care Zaleas Protector de Cama 60X90 Descartables 10U,https://www.farmaciaschester.com.ar/shop/product/lisfar-care-zaleas-protector-de-cama-60x90-descartables-10u-WS4672897
WS4672656,Lisfar,Lisfar Corta Pastillas,https://www.farmaciaschester.com.ar/shop/product/lisfar-corta-pastillas-WS4672656
WS4673218,Lisfar,Lisfar Goma Para Nebulizar de Latex Tubular 1 metro,https://www.farmaciaschester.com.ar/shop/product/lisfar-goma-para-nebulizar-de-latex-tubular-1-metro-WS4673218
WS4672989,Lisfar,Lisfar Limas Para Uñas Esmeril Número 11 12 Unidad,https://www.farmaciaschester.com.ar/shop/product/lisfar-limas-para-unas-esmeril-numero-11-12-unidad-WS4672989
WS4673180,Lisfar,Lisfar Limas Para Uñas Esmeril Número 17 12 Unidad,https://www.farmaciaschester.com.ar/shop/product/lisfar-limas-para-unas-esmeril-numero-17-12-unidad-WS4673180
WS4671706,Lisfar,Lisfar Parche Oculares Adultos 20 Unidades,https://www.farmaciaschester.com.ar/shop/product/lisfar-parche-oculares-adultos-20-unidades-WS4671706
WS4671974,Lisfar,Lisfar Parche Oculares Pediátrico 20 Unidades,https://www.farmaciaschester.com.ar/shop/product/lisfar-parche-oculares-pediatrico-20-unidades-WS4671974
WS4671903,Lisfar,Lisfar Parche Poroso 1218 xcm 2Unidades Único,https://www.farmaciaschester.com.ar/shop/product/lisfar-parche-poroso-1218-xcm-2unidades-unico-WS4671903
WS4673097,Lisfar,Lisfar Pastillero Individual,https://www.farmaciaschester.com.ar/shop/product/lisfar-pastillero-individual-WS4673097
WS4672317,Lisfar,Lisfar Pastillero Semanal Chico,https://www.farmaciaschester.com.ar/shop/product/lisfar-pastillero-semanal-chico-WS4672317
WS4672775,Lisfar,Lisfar Pastillero Semanal Grande,https://www.farmaciaschester.com.ar/shop/product/lisfar-pastillero-semanal-grande-WS4672775
WS4671949,Lisfar,Lisfar Pastillero Semanal Portable (M-M-T-N),https://www.farmaciaschester.com.ar/shop/product/lisfar-pastillero-semanal-portable-m-m-t-n-WS4671949
WS4672959,Lisfar,Lisfar Tapon Oido Adulto (2 Unidades),https://www.farmaciaschester.com.ar/shop/product/lisfar-tapon-oido-adulto-2-unidades-WS4672959
WS4671801,Lisfar,Lisfar Tapon Oido Amasable (6 Unidades),https://www.farmaciaschester.com.ar/shop/product/lisfar-tapon-oido-amasable-6-unidades-WS4671801
WS4672127,Lisfar,Lisfar Tapon Oido Pediatrico (2 Unidades),https://www.farmaciaschester.com.ar/shop/product/lisfar-tapon-oido-pediatrico-2-unidades-WS4672127
WS4673289,Lisfar,Lisfar Triturador de Pastillas,https://www.farmaciaschester.com.ar/shop/product/lisfar-triturador-de-pastillas-WS4673289
WS4672577,Lord Cheseline,Lord Cheseline Gel Para Peinar Expert Styling 150 gr,https://www.farmaciaschester.com.ar/shop/product/lord-cheseline-gel-para-peinar-expert-styling-150-gr-WS4672577
WS4672529,Lord Cheseline,Lord Cheseline Gel Para Peinar Expert Styling 280 gr,https://www.farmaciaschester.com.ar/shop/product/lord-cheseline-gel-para-peinar-expert-styling-280-gr-WS4672529
WS4671758,Lucy Anderson,Lucy Anderson Eau de Cologne Provocative 200 ml,https://www.farmaciaschester.com.ar/shop/product/lucy-anderson-eau-de-cologne-provocative-200-ml-WS4671758
WS4672145,Lux,Jabón Lux Orquídea Negra x 120 g,https://www.farmaciaschester.com.ar/shop/product/jabon-lux-orquidea-negra-x-120-g-WS4672145
WS4672422,Lux,Jabón Lux Rosas Francesas x 120 g,https://www.farmaciaschester.com.ar/shop/product/jabon-lux-rosas-francesas-x-120-g-WS4672422
WS4672799,Lux,Jabón en Barra Lux Botanicals Flor de Vainilla 120 g,https://www.farmaciaschester.com.ar/shop/product/jabon-en-barra-lux-botanicals-flor-de-vainilla-120-g-WS4672799
WS4672982,Lux,Lux Jabon en Pastilla Dama de Noche 90 gr,https://www.farmaciaschester.com.ar/shop/product/lux-jabon-en-pastilla-dama-de-noche-90-gr-WS4672982
WS4673022,Lux,Lux Jabón de Glicerina en Barra Bromelia 90 gr (3 Unidades),https://www.farmaciaschester.com.ar/shop/product/lux-jabon-de-glicerina-en-barra-bromelia-90-gr-3-unidades-WS4673022
WS4673122,Lux,Lux Jabón en Barra Jazmin Cremoso 120 gr,https://www.farmaciaschester.com.ar/shop/product/lux-jabon-en-barra-jazmin-cremoso-120-gr-WS4673122
WS4672669,Lux,Lux Jabón en Barra Jazmin Cremoso 120 gr (3 Unidades),https://www.farmaciaschester.com.ar/shop/product/lux-jabon-en-barra-jazmin-cremoso-120-gr-3-unidades-WS4672669
WS4672324,Lux,Lux Jabón en Barra Rosas Francesas 120 gr (3 Unidades),https://www.farmaciaschester.com.ar/shop/product/lux-jabon-en-barra-rosas-francesas-120-gr-3-unidades-WS4672324
WS4673070,Marchand D' Aromes,Set Marchand D Aromes Edp Le Bon Rouge x 110 ml + Perfumero x 5 ml,https://www.farmaciaschester.com.ar/shop/product/set-marchand-d-aromes-edp-le-bon-rouge-x-110-ml-perfumero-x-5-ml-WS4673070
WS4673055,Maxx,Maxx Espermicida Preservativos 6 Unidades,https://www.farmaciaschester.com.ar/shop/product/maxx-espermicida-preservativos-6-unidades-WS4673055
WS4672502,Maxx,Maxx Preservativo Súper Lubricado (3 Unidades),https://www.farmaciaschester.com.ar/shop/product/maxx-preservativo-super-lubricado-3-unidades-WS4672502
WS4672475,Maxx,Maxx Preservativo Tachas (12 Unidades),https://www.farmaciaschester.com.ar/shop/product/maxx-preservativo-tachas-12-unidades-WS4672475
WS4672217,Maxx,Maxx Preservativo Tachas (3 Unidades),https://www.farmaciaschester.com.ar/shop/product/maxx-preservativo-tachas-3-unidades-WS4672217
WS4672881,Maxx,Maxx Preservativos Super Fino (3 Unidades),https://www.farmaciaschester.com.ar/shop/product/maxx-preservativos-super-fino-3-unidades-WS4672881
WS4672574,Maxx,Maxx Preservativos Texturados (x3 Unidades),https://www.farmaciaschester.com.ar/shop/product/maxx-preservativos-texturados-x3-unidades-WS4672574
WS4672511,Maxx,Maxx Preservativos Tiempo,https://www.farmaciaschester.com.ar/shop/product/maxx-preservativos-tiempo-WS4672511
WS4672437,Maxx,Preservativo Maxx Anatómico x 3 un,https://www.farmaciaschester.com.ar/shop/product/preservativo-maxx-anatomico-x-3-un-WS4672437
WS4672928,Maxx,Preservativo Maxx Euforia | 3 unidades,https://www.farmaciaschester.com.ar/shop/product/preservativo-maxx-euforia-3-unidades-WS4672928
WS4673060,Maxx,Preservativo Maxx Texturado x 12 un,https://www.farmaciaschester.com.ar/shop/product/preservativo-maxx-texturado-x-12-un-WS4673060
WS4671904,Maxx,Preservativos Maxx Espermicida X12,https://www.farmaciaschester.com.ar/shop/product/preservativos-maxx-espermicida-x12-WS4671904
WS4672050,Maxx,Preservativos Maxx Mega 3 Unidades,https://www.farmaciaschester.com.ar/shop/product/preservativos-maxx-mega-3-unidades-WS4672050
WS4673103,Maxx,Preservativos Maxx Ultra Fino 3 Unidades,https://www.farmaciaschester.com.ar/shop/product/preservativos-maxx-ultra-fino-3-unidades-WS4673103
WS4672824,Maxx,Preservativos Maxx Ultra Finos 12 Unidades Variedad Ultra Fino,https://www.farmaciaschester.com.ar/shop/product/preservativos-maxx-ultra-finos-12-unidades-variedad-ultra-fino-WS4672824
WS4673082,Maybelline,Corrector Maybelline Fit Me Spot Rescue Tono 05,https://www.farmaciaschester.com.ar/shop/product/corrector-maybelline-fit-me-spot-rescue-tono-05-WS4673082
WS4671813,Maybelline,Corrector Maybelline Fit Me Spot Rescue Tono 15,https://www.farmaciaschester.com.ar/shop/product/corrector-maybelline-fit-me-spot-rescue-tono-15-WS4671813
WS4672311,Maybelline,Corrector Maybelline Fit Me Spot Rescue Tono 20,https://www.farmaciaschester.com.ar/shop/product/corrector-maybelline-fit-me-spot-rescue-tono-20-WS4672311
WS4672754,Maybelline,Corrector Maybelline Fit Me Spot Rescue Tono 30,https://www.farmaciaschester.com.ar/shop/product/corrector-maybelline-fit-me-spot-rescue-tono-30-WS4672754
WS4673179,Maybelline,Corrector Maybelline Fit Me Spot Rescue Tono 40,https://www.farmaciaschester.com.ar/shop/product/corrector-maybelline-fit-me-spot-rescue-tono-40-WS4673179
WS4672913,Maybelline,Rubor en Mousse Maybelline Cloudtopia Tono Moonlit Rose,https://www.farmaciaschester.com.ar/shop/product/rubor-en-mousse-maybelline-cloudtopia-tono-moonlit-rose-WS4672913
WS4672533,Millefiori,Millefiori Bandas Depilatorias Faciales (4 Unidades),https://www.farmaciaschester.com.ar/shop/product/millefiori-bandas-depilatorias-faciales-4-unidades-WS4672533
WS4672755,Millefiori,Millefiori Cera Depil Vegetal 200 gr,https://www.farmaciaschester.com.ar/shop/product/millefiori-cera-depil-vegetal-200-gr-WS4672755
WS4672453,Mimo & Co,Mimo & Co Girls Colonia,https://www.farmaciaschester.com.ar/shop/product/mimo-co-girls-colonia-WS4672453
WS4673105,Más Accesorios,Mas Accesorios Esponjas Desmaquillante,https://www.farmaciaschester.com.ar/shop/product/mas-accesorios-esponjas-desmaquillante-WS4673105
WS4672718,Nautica,Edp Nautica For Her Jasmine x 100 ml,https://www.farmaciaschester.com.ar/shop/product/edp-nautica-for-her-jasmine-x-100-ml-WS4672718
WS4672395,Neostrata,Neostrata Refine Gel Plus 125 ml Antiage Piel Grasa,https://www.farmaciaschester.com.ar/shop/product/neostrata-refine-gel-plus-125-ml-antiage-piel-grasa-WS4672395
WS4673072,Nic,Tratamiento Capilar Nic Repuntando x 200 ml,https://www.farmaciaschester.com.ar/shop/product/tratamiento-capilar-nic-repuntando-x-200-ml-WS4673072
WS4672183,Nic,Tratamiento Capilar Nic Subí El Volumen x 150 ml,https://www.farmaciaschester.com.ar/shop/product/tratamiento-capilar-nic-subi-el-volumen-x-150-ml-WS4672183
WS4672885,Nina Ricci,Nina Ricci Nina Nature Edt Presentación 50 ml,https://www.farmaciaschester.com.ar/shop/product/nina-ricci-nina-nature-edt-presentacion-50-ml-WS4672885
WS4673275,Nina Ricci,Nina Ricci Nina Nature Edt Presentación 80 ml,https://www.farmaciaschester.com.ar/shop/product/nina-ricci-nina-nature-edt-presentacion-80-ml-WS4673275
WS4672245,Nina Ricci,Nina Ricci Venus Edp Presentación 30 ml,https://www.farmaciaschester.com.ar/shop/product/nina-ricci-venus-edp-presentacion-30-ml-WS4672245
WS4673166,Nina Ricci,Nina Ricci Venus Edp Presentación Fragancias 80 ml,https://www.farmaciaschester.com.ar/shop/product/nina-ricci-venus-edp-presentacion-fragancias-80-ml-WS4673166
WS4672521,Nivea,Crema Facial Nivea 7 en 1 Cuidado Nutritivo Para Todo Tipo de Piel x 100 ml,https://www.farmaciaschester.com.ar/shop/product/crema-facial-nivea-7-en-1-cuidado-nutritivo-para-todo-tipo-de-piel-x-100-ml-WS4672521
WS4673276,Nivea,Desodorante Antitranspirante Femenino Nivea Dry Confort x 150 ml,https://www.farmaciaschester.com.ar/shop/product/desodorante-antitranspirante-femenino-nivea-dry-confort-x-150-ml-WS4673276
WS4672474,Nivea,Desodorante Nivea Men Deep Original Carbón Activo en Aerosol x 150 ml,https://www.farmaciaschester.com.ar/shop/product/desodorante-nivea-men-deep-original-carbon-activo-en-aerosol-x-150-ml-WS4672474
WS4672838,Nivea,Espuma de Afeitar Nivea Men Hydrocare Para Todo Tipo de Piel,https://www.farmaciaschester.com.ar/shop/product/espuma-de-afeitar-nivea-men-hydrocare-para-todo-tipo-de-piel-WS4672838
WS4671884,Nivea,Nivea Crema Facial 5 en 1 Cuidado Limpiadora Para Todo Tipo de Piel 100 ml,https://www.farmaciaschester.com.ar/shop/product/nivea-crema-facial-5-en-1-cuidado-limpiadora-para-todo-tipo-de-piel-100-ml-WS4671884
WS4673228,Nivea,Nivea Crema antiarrugas q10 plus noche 50 ml,https://www.farmaciaschester.com.ar/shop/product/nivea-crema-antiarrugas-q10-plus-noche-50-ml-WS4673228
WS4672457,Nivea,Nivea Jabón Antibacterial Herbal flow Pack (3 Unidades) 90 grs,https://www.farmaciaschester.com.ar/shop/product/nivea-jabon-antibacterial-herbal-flow-pack-3-unidades-90-grs-WS4672457
WS4671695,Nosotras,Nosotras Tampon Digital Regular 16 Unid,https://www.farmaciaschester.com.ar/shop/product/nosotras-tampon-digital-regular-16-unid-WS4671695
WS4672041,Nosotras,Nosotras Tampon Digital Super 16 uni,https://www.farmaciaschester.com.ar/shop/product/nosotras-tampon-digital-super-16-uni-WS4672041
WS4671918,Nosotras,Nosotras Tampón Digital Mini (8 Unidades),https://www.farmaciaschester.com.ar/shop/product/nosotras-tampon-digital-mini-8-unidades-WS4671918
WS4672736,Nosotras,Nosotras Th Buenas Noches 8U,https://www.farmaciaschester.com.ar/shop/product/nosotras-th-buenas-noches-8u-WS4672736
WS4671776,Nosotras,Nosotras Toalla Larga Tela Extra Suave (16 Unidades),https://www.farmaciaschester.com.ar/shop/product/nosotras-toalla-larga-tela-extra-suave-16-unidades-WS4671776
WS4672045,Nosotras,Nosotras Toalla Larga Tela Extra Suave (8 Unidades),https://www.farmaciaschester.com.ar/shop/product/nosotras-toalla-larga-tela-extra-suave-8-unidades-WS4672045
WS4672383,Nosotras,Nosotras Toallas Buenas Noches Ultra Delgada Tela Extra Suave (14 Unidades),https://www.farmaciaschester.com.ar/shop/product/nosotras-toallas-buenas-noches-ultra-delgada-tela-extra-suave-14-unidades-WS4672383
WS4671954,Nosotras,Nosotras Toallas Femeninas Invisible Algodón (16 Unidades),https://www.farmaciaschester.com.ar/shop/product/nosotras-toallas-femeninas-invisible-algodon-16-unidades-WS4671954
WS4673273,Nosotras,Protectores Nosotras Largos Multifluidos | 50 unidades,https://www.farmaciaschester.com.ar/shop/product/protectores-nosotras-largos-multifluidos-50-unidades-WS4673273
WS4673144,Odol,Odol Crema Dental Doble Accion 180 grs,https://www.farmaciaschester.com.ar/shop/product/odol-crema-dental-doble-accion-180-grs-WS4673144
WS4672857,Odol,Odol Crema Dental Doble Accion 90 grs,https://www.farmaciaschester.com.ar/shop/product/odol-crema-dental-doble-accion-90-grs-WS4672857
WS4671953,Off,Off Repelente Invisible Everyday Spray 104.5 ml,https://www.farmaciaschester.com.ar/shop/product/off-repelente-invisible-everyday-spray-1045-ml-WS4671953
WS4671778,Old Spice,Desodorante Antitranspirante Old Spice Dragon Blast x 50 g,https://www.farmaciaschester.com.ar/shop/product/desodorante-antitranspirante-old-spice-dragon-blast-x-50-g-WS4671778
WS4672066,Old Spice,Desodorante Old Spice Dragon Blast x 50 g,https://www.farmaciaschester.com.ar/shop/product/desodorante-old-spice-dragon-blast-x-50-g-WS4672066
WS4673203,Omron,Omron Tensiómetro Digital Automático De Brazo HEM-7121J-LA,https://www.farmaciaschester.com.ar/shop/product/omron-tensiometro-digital-automatico-de-brazo-hem-7121j-la-WS4673203
WS4671759,Omron,Omron Tensiómetro digital de brazo HEM-7146-E,https://www.farmaciaschester.com.ar/shop/product/omron-tensiometro-digital-de-brazo-hem-7146-e-WS4671759
WS4673259,Ona Saez,Ona Saez Bandolera Mito (Edp 100 ml + Deo 160 ml),https://www.farmaciaschester.com.ar/shop/product/ona-saez-bandolera-mito-edp-100-ml-deo-160-ml-WS4673259
WS4672319,Ona Saez,Ona Saez Mito for her Edp 100 ml,https://www.farmaciaschester.com.ar/shop/product/ona-saez-mito-for-her-edp-100-ml-WS4672319
WS4672203,Oral B,Oral B Cepillo Dental Complete 40 medio 2X1,https://www.farmaciaschester.com.ar/shop/product/oral-b-cepillo-dental-complete-40-medio-2x1-WS4672203
WS4672228,Oral B,Oral B Cepillos Dental Pro Salud 7 Beneficios 2 X 1,https://www.farmaciaschester.com.ar/shop/product/oral-b-cepillos-dental-pro-salud-7-beneficios-2-x-1-WS4672228
WS4672884,Oral B,Oral B Crema Dental 123 70 gr,https://www.farmaciaschester.com.ar/shop/product/oral-b-crema-dental-123-70-gr-WS4672884
WS4672806,Oral B,Oral B Crema Dental 4 en 1 menta Fresca 70 gr,https://www.farmaciaschester.com.ar/shop/product/oral-b-crema-dental-4-en-1-menta-fresca-70-gr-WS4672806
WS4671717,Oral B,Oral B Crema Dental Kids Mickey,https://www.farmaciaschester.com.ar/shop/product/oral-b-crema-dental-kids-mickey-WS4671717
WS4673177,Otosan,Otosan Tapon Para Oido Amasable de Silicona,https://www.farmaciaschester.com.ar/shop/product/otosan-tapon-para-oido-amasable-de-silicona-WS4673177
WS4671816,Otosan,Otosan Tapon Para Oido Niños,https://www.farmaciaschester.com.ar/shop/product/otosan-tapon-para-oido-ninos-WS4671816
WS4673049,Oyonnax,Oyonnax Peine De Rulero N° 7 Terminado A Mano 1 Unidad,https://www.farmaciaschester.com.ar/shop/product/oyonnax-peine-de-rulero-n-7-terminado-a-mano-1-unidad-WS4673049
WS4671977,Palmolive,Jabón en Barra Palmolive Kids Frutas Tropicales 85 g,https://www.farmaciaschester.com.ar/shop/product/jabon-en-barra-palmolive-kids-frutas-tropicales-85-g-WS4671977
WS4672654,Palmolive,Palmolive Jabon Liquido Nutrimilk Humectacion Prolongada 250 ml,https://www.farmaciaschester.com.ar/shop/product/palmolive-jabon-liquido-nutrimilk-humectacion-prolongada-250-ml-WS4672654
WS4672951,Paloma Herrera,Paloma Herrera Desodorante en Aerosol Intense 123 ml,https://www.farmaciaschester.com.ar/shop/product/paloma-herrera-desodorante-en-aerosol-intense-123-ml-WS4672951
WS4671979,Paloma Herrera,Paloma Herrera Intense Woman Edp 100 ml,https://www.farmaciaschester.com.ar/shop/product/paloma-herrera-intense-woman-edp-100-ml-WS4671979
WS4672439,Paloma Herrera,Paloma Herrera Intense Woman Edp 60 ml,https://www.farmaciaschester.com.ar/shop/product/paloma-herrera-intense-woman-edp-60-ml-WS4672439
WS4672746,Pampers,Pampers Pañales Baby Dry Talle Hipoalergénicos P 36 Unidades,https://www.farmaciaschester.com.ar/shop/product/pampers-panales-baby-dry-talle-hipoalergenicos-p-36-unidades-WS4672746
WS4671994,Pampers,Pampers Toallas Humedas Aloe Vera (96 Unidades),https://www.farmaciaschester.com.ar/shop/product/pampers-toallas-humedas-aloe-vera-96-unidades-WS4671994
WS4671749,Pampers,Pampers Toallitas Humedas Higiene Completa (48 Unidades),https://www.farmaciaschester.com.ar/shop/product/pampers-toallitas-humedas-higiene-completa-48-unidades-WS4671749
WS4672575,Panalab,Cleanex Agua Micelar 3 en 1 desmaquilla Limpia Hidrata 200 ml Panalab,https://www.farmaciaschester.com.ar/shop/product/cleanex-agua-micelar-3-en-1-desmaquilla-limpia-hidrata-200-ml-panalab-WS4672575
WS4671932,Panalab,Proavenal Omegatopic® Crema Emoliente Calma Repara 750 g,https://www.farmaciaschester.com.ar/shop/product/proavenal-omegatopicr-crema-emoliente-calma-repara-750-g-WS4671932
WS4672187,Pantene,Pantene Acondicionador Bambu 150 ml,https://www.farmaciaschester.com.ar/shop/product/pantene-acondicionador-bambu-150-ml-WS4672187
WS4671794,Pantene,Pantene Acondicionador Pro-V Miracles Hidrata Y Fortalece 200 ml,https://www.farmaciaschester.com.ar/shop/product/pantene-acondicionador-pro-v-miracles-hidrata-y-fortalece-200-ml-WS4671794
WS4673268,Pantene,Shampoo Pantene Anti Caida x 510 ml,https://www.farmaciaschester.com.ar/shop/product/shampoo-pantene-anti-caida-x-510-ml-WS4673268
WS4672397,Pantene,Shampoo Pantene Pro-V Miracles Detox x 400 ml,https://www.farmaciaschester.com.ar/shop/product/shampoo-pantene-pro-v-miracles-detox-x-400-ml-WS4672397
WS4672983,Pantene,Shampoo Pantene Pro-V Miracles Equilibrio x 400 ml,https://www.farmaciaschester.com.ar/shop/product/shampoo-pantene-pro-v-miracles-equilibrio-x-400-ml-WS4672983
WS4671746,Paula Cahen D'Anvers,Paula Cahen D'anvers Pack Paula Edt 100 ml + Desodorante 123 Ml,https://www.farmaciaschester.com.ar/shop/product/paula-cahen-danvers-pack-paula-edt-100-ml-desodorante-123-ml-WS4671746
WS4673232,Petit Amour,Petit Amour Fragancia Sweet 15 colonia 100 ml,https://www.farmaciaschester.com.ar/shop/product/petit-amour-fragancia-sweet-15-colonia-100-ml-WS4673232
WS4672855,Petit Enfant,Petit Enfant Colonia Bebe 100 ml + Peluche,https://www.farmaciaschester.com.ar/shop/product/petit-enfant-colonia-bebe-100-ml-peluche-WS4672855
WS4672417,Petit Enfant,Petit Enfant Jabón Líquido Ecopack 400 ml,https://www.farmaciaschester.com.ar/shop/product/petit-enfant-jabon-liquido-ecopack-400-ml-WS4672417
WS4672834,Petit Enfant,Petit Enfant Oleo Calcareo de 0 a 1 Año Ecopack 400 ml,https://www.farmaciaschester.com.ar/shop/product/petit-enfant-oleo-calcareo-de-0-a-1-ano-ecopack-400-ml-WS4672834
WS4672075,Petit Enfant,Petit Enfant Shampoo Kids Ecopack 400 ml,https://www.farmaciaschester.com.ar/shop/product/petit-enfant-shampoo-kids-ecopack-400-ml-WS4672075
WS4671699,Petit Enfant,Petit Enfant Shampoo Neutro 0 a 1 Año Ecopack 400 ml,https://www.farmaciaschester.com.ar/shop/product/petit-enfant-shampoo-neutro-0-a-1-ano-ecopack-400-ml-WS4671699
WS4672880,Petit Prince,Petit Prince Fragancia Boys 18 colonia 100 ml,https://www.farmaciaschester.com.ar/shop/product/petit-prince-fragancia-boys-18-colonia-100-ml-WS4672880
WS4671924,Plenitud,Pañal Para Adulto Plenitud Classic Talle G - 8 Unidades,https://www.farmaciaschester.com.ar/shop/product/panal-para-adulto-plenitud-classic-talle-g---8-unidades-WS4671924
WS4672481,Plenitud,Plenitud Toalla Femme Esencial Plus Larga con alas - 8 Unidades,https://www.farmaciaschester.com.ar/shop/product/plenitud-toalla-femme-esencial-plus-larga-con-alas---8-unidades-WS4672481
WS4671878,Plenitud,Plenitud Toalla Femme Ultra - 40 Unidades,https://www.farmaciaschester.com.ar/shop/product/plenitud-toalla-femme-ultra---40-unidades-WS4671878
WS4672040,Plenitud,Ropa Interior Plenitud Protect Plus Super Pack TalleG/XG - 16 unidades,https://www.farmaciaschester.com.ar/shop/product/ropa-interior-plenitud-protect-plus-super-pack-tallegxg---16-unidades-WS4672040
WS4671685,Prime,Preservativo de Látex Prime Hiper Fino x 6 un,https://www.farmaciaschester.com.ar/shop/product/preservativo-de-latex-prime-hiper-fino-x-6-un-WS4671685
WS4672743,Prime,Preservativos Prime Skyn Extra Large x 3 un,https://www.farmaciaschester.com.ar/shop/product/preservativos-prime-skyn-extra-large-x-3-un-WS4672743
WS4671728,Prime,Prime Preservativo Skyn Elite (6 Unidades),https://www.farmaciaschester.com.ar/shop/product/prime-preservativo-skyn-elite-6-unidades-WS4671728
WS4672726,Prime,Prime Preservativo Skyn Elite x3 Unidades,https://www.farmaciaschester.com.ar/shop/product/prime-preservativo-skyn-elite-x3-unidades-WS4672726
WS4673128,Prime,Prime Preservativo Skyn Extra Lubricado (6 Unidades),https://www.farmaciaschester.com.ar/shop/product/prime-preservativo-skyn-extra-lubricado-6-unidades-WS4673128
WS4673277,Prime,Prime Preservativo Skyn Extra Lubricado x3 Unidades,https://www.farmaciaschester.com.ar/shop/product/prime-preservativo-skyn-extra-lubricado-x3-unidades-WS4673277
WS4672220,Prime,Prime Preservativos Extra Large Sin Látex,https://www.farmaciaschester.com.ar/shop/product/prime-preservativos-extra-large-sin-latex-WS4672220
WS4673084,Procer,Procer Muñequera Elástica | Talle 2,https://www.farmaciaschester.com.ar/shop/product/procer-munequera-elastica-talle-2-WS4673084
WS4671855,Procer,Procer Muñequera l,https://www.farmaciaschester.com.ar/shop/product/procer-munequera-l-WS4671855
WS4672243,Procer,Procer Muñequera xl,https://www.farmaciaschester.com.ar/shop/product/procer-munequera-xl-WS4672243
WS4672260,Procer,Procer Protector Bucal,https://www.farmaciaschester.com.ar/shop/product/procer-protector-bucal-WS4672260
WS4673181,Procer,Procer Talle 3 7,https://www.farmaciaschester.com.ar/shop/product/procer-talle-3-7-WS4673181
WS4672147,Procer,Procer Talle 3 8,https://www.farmaciaschester.com.ar/shop/product/procer-talle-3-8-WS4672147
WS4672945,Procer,Procer Talle S,https://www.farmaciaschester.com.ar/shop/product/procer-talle-s-WS4672945
WS4671879,Procer,Procer Talle S m,https://www.farmaciaschester.com.ar/shop/product/procer-talle-s-m-WS4671879
WS4671869,Procer,Procer Venda Elástica Deportiva De Algodón 11 Cm 1 Uni,https://www.farmaciaschester.com.ar/shop/product/procer-venda-elastica-deportiva-de-algodon-11-cm-1-uni-WS4671869
WS4673139,Procer,Procer Venda Elástica Deportiva de Algodón 9 cm 1 uni Único,https://www.farmaciaschester.com.ar/shop/product/procer-venda-elastica-deportiva-de-algodon-9-cm-1-uni-unico-WS4673139
WS4673195,Profit,Venda Profit Deportiva 7 cm x 3 mts Densidad Único,https://www.farmaciaschester.com.ar/shop/product/venda-profit-deportiva-7-cm-x-3-mts-densidad-unico-WS4673195
WS4673003,Pura Soap,Crema Corporal Vegetal Pura Soap Castaña x 300 ml,https://www.farmaciaschester.com.ar/shop/product/crema-corporal-vegetal-pura-soap-castana-x-300-ml-WS4673003
WS4671881,Pura Soap,Crema Corporal Vegetal Pura Soap Coco x 300 ml,https://www.farmaciaschester.com.ar/shop/product/crema-corporal-vegetal-pura-soap-coco-x-300-ml-WS4671881
WS4672975,Pura Soap,Pura Soap 12h Respira Herbal Spay Eucalipto,https://www.farmaciaschester.com.ar/shop/product/pura-soap-12h-respira-herbal-spay-eucalipto-WS4672975
WS4671750,Pura Soap,Spray Pura Soap Herbal Lavanda x 75 g,https://www.farmaciaschester.com.ar/shop/product/spray-pura-soap-herbal-lavanda-x-75-g-WS4671750
WS4671997,Rabanne,Rabanne Invictus Cofre Edt Presentación 100 ml,https://www.farmaciaschester.com.ar/shop/product/rabanne-invictus-cofre-edt-presentacion-100-ml-WS4671997
WS4672592,Rabanne,Rabanne Million Gold Intense Edp Presentación 100 ml,https://www.farmaciaschester.com.ar/shop/product/rabanne-million-gold-intense-edp-presentacion-100-ml-WS4672592
WS4672922,Rabanne,Rabanne Million Gold Intense Edp Presentación 50 ml,https://www.farmaciaschester.com.ar/shop/product/rabanne-million-gold-intense-edp-presentacion-50-ml-WS4672922
WS4672573,Rabanne,Rabanne One Million Royal Parfum Presentación 50 ml,https://www.farmaciaschester.com.ar/shop/product/rabanne-one-million-royal-parfum-presentacion-50-ml-WS4672573
WS4672620,Ralph Lauren,Ralph Lauren Polo Blue Edt 125 ml + Edt 40 ml + Desodorante,https://www.farmaciaschester.com.ar/shop/product/ralph-lauren-polo-blue-edt-125-ml-edt-40-ml-desodorante-WS4672620
WS4672331,Revlon,"Revlon Kit Infaltables: Labial, máscara de pestañas y loción bronceadora",https://www.farmaciaschester.com.ar/shop/product/revlon-kit-infaltables-labial-mascara-de-pestanas-y-locion-bronceadora-WS4672331
WS4672798,Revlon,Revlon Tinta de Maquillaje Photoready Lift & Fill Skin Tint 30 ml | Tono 110,https://www.farmaciaschester.com.ar/shop/product/revlon-tinta-de-maquillaje-photoready-lift-fill-skin-tint-30-ml-tono-110-WS4672798
WS4673288,Revlon,Revlon Tinta de Maquillaje Photoready Lift & Fill Skin Tint 30 ml | Tono 120,https://www.farmaciaschester.com.ar/shop/product/revlon-tinta-de-maquillaje-photoready-lift-fill-skin-tint-30-ml-tono-120-WS4673288
WS4672170,Revlon,Revlon Tinta de Maquillaje Photoready Lift & Fill Skin Tint 30 ml | Tono 130,https://www.farmaciaschester.com.ar/shop/product/revlon-tinta-de-maquillaje-photoready-lift-fill-skin-tint-30-ml-tono-130-WS4672170
WS4672562,Revlon,Revlon Tinta de Maquillaje Photoready Lift & Fill Skin Tint 30 ml | Tono 140,https://www.farmaciaschester.com.ar/shop/product/revlon-tinta-de-maquillaje-photoready-lift-fill-skin-tint-30-ml-tono-140-WS4672562
WS4672934,Rexona,Desodorante Antitranspirante Rexona Aerosol Bamboo 150 ml,https://www.farmaciaschester.com.ar/shop/product/desodorante-antitranspirante-rexona-aerosol-bamboo-150-ml-WS4672934
WS4671767,Rexona,Jabón Rexona Fútbol Fanatics x 120 g,https://www.farmaciaschester.com.ar/shop/product/jabon-rexona-futbol-fanatics-x-120-g-WS4671767
WS4672071,Rexona,Rexona Active Emotion Antitranspirante Aerosol Fem x 150 ml,https://www.farmaciaschester.com.ar/shop/product/rexona-active-emotion-antitranspirante-aerosol-fem-x-150-ml-WS4672071
WS4672121,Rexona,Rexona Antitranspirante Invisible 150 ml,https://www.farmaciaschester.com.ar/shop/product/rexona-antitranspirante-invisible-150-ml-WS4672121
WS4672138,Rexona,Rexona Antitranspirante Mujer Active Emotion 150 ml,https://www.farmaciaschester.com.ar/shop/product/rexona-antitranspirante-mujer-active-emotion-150-ml-WS4672138
WS4672990,Rexona,Rexona Antitranspirante en Crema Clinical Men In Fresh 58 gr,https://www.farmaciaschester.com.ar/shop/product/rexona-antitranspirante-en-crema-clinical-men-in-fresh-58-gr-WS4672990
WS4671986,Rexona,Rexona Desodorante Aerosol Men Antibacterial Proteccion 150 ml,https://www.farmaciaschester.com.ar/shop/product/rexona-desodorante-aerosol-men-antibacterial-proteccion-150-ml-WS4671986
WS4673024,Rexona,Rexona Men V8 Antitranspirante Aerosol 250 ml,https://www.farmaciaschester.com.ar/shop/product/rexona-men-v8-antitranspirante-aerosol-250-ml-WS4673024
WS4672606,Rexona,Rexona Talco Pedico 200 gr,https://www.farmaciaschester.com.ar/shop/product/rexona-talco-pedico-200-gr-WS4672606
WS4671882,Rexona,Rexona Xtra Cool Antitranspirante Hombre x 150 ml,https://www.farmaciaschester.com.ar/shop/product/rexona-xtra-cool-antitranspirante-hombre-x-150-ml-WS4671882
WS4672625,Rimmel London,"Delineador Labial Retráctil Rimmel Lasting Finish Exaggerate x 0,25 g 24",https://www.farmaciaschester.com.ar/shop/product/delineador-labial-retractil-rimmel-lasting-finish-exaggerate-x-025-g-24-WS4672625
WS4672614,Rimmel London,Delineador de Labios Rimmel Lasting Finish 505 Red Dynamite,https://www.farmaciaschester.com.ar/shop/product/delineador-de-labios-rimmel-lasting-finish-505-red-dynamite-WS4672614
WS4672257,Rimmel London,Rimmel Blush Color 001 Third Base,https://www.farmaciaschester.com.ar/shop/product/rimmel-blush-color-001-third-base-WS4672257
WS4672939,Rimmel London,Rimmel London Delineador de Labios Oh My Plump Tono 040 Kinda Cute,https://www.farmaciaschester.com.ar/shop/product/rimmel-london-delineador-de-labios-oh-my-plump-tono-040-kinda-cute-WS4672939
WS4672594,Rimmel London,Rimmel London Delineador de Labios Oh My Plump Tono 080 Rimmel Red,https://www.farmaciaschester.com.ar/shop/product/rimmel-london-delineador-de-labios-oh-my-plump-tono-080-rimmel-red-WS4672594
WS4672307,Rimmel London,Rimmel Wonder Care Lash & Brow Color Serum,https://www.farmaciaschester.com.ar/shop/product/rimmel-wonder-care-lash-brow-color-serum-WS4672307
WS4672753,Sagrada Madre,Sagrada Madre Sahumerios de Palo Santo,https://www.farmaciaschester.com.ar/shop/product/sagrada-madre-sahumerios-de-palo-santo-WS4672753
WS4673104,Sagrada Madre,Sahumerio Sagrada Madre Sándalo Y Olíbano x 8 un,https://www.farmaciaschester.com.ar/shop/product/sahumerio-sagrada-madre-sandalo-y-olibano-x-8-un-WS4673104
WS4671962,Sally Hansen,Esmalte Para Uñas Sally Hansen Color Therapy Color 270 mauve Mantra,https://www.farmaciaschester.com.ar/shop/product/esmalte-para-unas-sally-hansen-color-therapy-color-270-mauve-mantra-WS4671962
WS4672226,Sally Hansen,Esmalte Para Uñas Sally Hansen Color Therapy Color 454 Dressed To Chill,https://www.farmaciaschester.com.ar/shop/product/esmalte-para-unas-sally-hansen-color-therapy-color-454-dressed-to-chill-WS4672226
WS4672932,Sally Hansen,Esmalte Para Uñas Sally Hansen Color Therapy Color 480 everything Zen,https://www.farmaciaschester.com.ar/shop/product/esmalte-para-unas-sally-hansen-color-therapy-color-480-everything-zen-WS4672932
WS4671734,Sally Hansen,"Esmalte Para Uñas Sally Hansen Color Therapy x 14,7 ml Color 453 Serene Green",https://www.farmaciaschester.com.ar/shop/product/esmalte-para-unas-sally-hansen-color-therapy-x-147-ml-color-453-serene-green-WS4671734
WS4671854,Sally Hansen,"Esmalte Para Uñas Sally Hansen Color Therapy x 14,7 ml Color Confident Queen",https://www.farmaciaschester.com.ar/shop/product/esmalte-para-unas-sally-hansen-color-therapy-x-147-ml-color-confidentqueen-WS4671854
WS4673269,Sally Hansen,"Esmalte Para Uñas Sally Hansen Color Therapy x 14,7 ml Color Gorgeous Granite",https://www.farmaciaschester.com.ar/shop/product/esmalte-para-unas-sally-hansen-color-therapy-x-147-ml-color-gorgeous-granite-WS4673269
WS4672015,Sally Hansen,"Esmalte Para Uñas Sally Hansen Color Therapy x 14,7 ml Color Solidarity Dove",https://www.farmaciaschester.com.ar/shop/product/esmalte-para-unas-sally-hansen-color-therapy-x-147-ml-color-solidarity-dove-WS4672015
WS4672348,Sally Hansen,"Esmalte Para Uñas Sally Hansen Color Therapy x 14,7 ml Color Sweet Resilience",https://www.farmaciaschester.com.ar/shop/product/esmalte-para-unas-sally-hansen-color-therapy-x-147-ml-color-sweet-resilience-WS4672348
WS4672278,Sally Hansen,"Esmalte Para Uñas Sally Hansen Color Therapy x 14,7 ml Color Yes You Can",https://www.farmaciaschester.com.ar/shop/product/esmalte-para-unas-sally-hansen-color-therapy-x-147-ml-color-yes-you-can-WS4672278
WS4673311,Sally Hansen,"Esmalte Para Uñas Sally Hansen Insta Dri Renovation x 9,17 ml Color 526 chill Out",https://www.farmaciaschester.com.ar/shop/product/esmalte-para-unas-sally-hansen-insta-dri-renovation-x-917-ml-color-526-chill-out-WS4673311
WS4672986,Sally Hansen,"Esmalte Para Uñas Sally Hansen Insta Dri x 9,17 ml Color 281 Beet Ing Heart",https://www.farmaciaschester.com.ar/shop/product/esmalte-para-unas-sally-hansen-insta-dri-x-917-ml-color-281-beet-ing-heart-WS4672986
WS4672586,Sally Hansen,"Esmalte Para Uñas Sally Hansen Insta Dri x 9,17 ml Color 433 Hurry Plum",https://www.farmaciaschester.com.ar/shop/product/esmalte-para-unas-sally-hansen-insta-dri-x-917-ml-color-433-hurry-plum-WS4672586
WS4672519,Sally Hansen,"Esmalte de Uñas Sally Hansen Insta-Dri Secado Rápido x 9,17 ml 133 Taupe Priority",https://www.farmaciaschester.com.ar/shop/product/esmalte-de-unas-sally-hansen-insta-dri-secado-rapido-x-917-ml-133-taupe-priority-WS4672519
WS4671679,Sally Hansen,"Esmalte de Uñas Sally Hansen Insta-Dri Secado Rápido x 9,17 ml 243 It Snappy",https://www.farmaciaschester.com.ar/shop/product/esmalte-de-unas-sally-hansen-insta-dri-secado-rapido-x-917-ml-243-it-snappy-WS4671679
WS4672791,Sally Hansen,Esmalte para Uñas Sally Hansen Color Therapy Color 165 Tea Time,https://www.farmaciaschester.com.ar/shop/product/esmalte-para-unas-sally-hansen-color-therapy-color-165-tea-time-WS4672791
WS4672549,Sally Hansen,Esmalte para Uñas Sally Hansen Color Therapy Color 199 Eiffel In Love,https://www.farmaciaschester.com.ar/shop/product/esmalte-para-unas-sally-hansen-color-therapy-color-199-eiffel-in-love-WS4672549
WS4672789,Sally Hansen,Esmalte para Uñas Sally Hansen Color Therapy Color 235 Tulip,https://www.farmaciaschester.com.ar/shop/product/esmalte-para-unas-sally-hansen-color-therapy-color-235-tulip-WS4672789
WS4672947,Sally Hansen,Esmalte para Uñas Sally Hansen Color Therapy Color 376 Pause And Reset,https://www.farmaciaschester.com.ar/shop/product/esmalte-para-unas-sally-hansen-color-therapy-color-376-pause-and-reset-WS4672947
WS4672660,Sally Hansen,Esmalte para Uñas Sally Hansen Color Therapy Color 380 Positivi Tea,https://www.farmaciaschester.com.ar/shop/product/esmalte-para-unas-sally-hansen-color-therapy-color-380-positivi-tea-WS4672660
WS4672290,Sally Hansen,Esmalte para Uñas Sally Hansen Color Therapy Color 385 Pamper Me Purple,https://www.farmaciaschester.com.ar/shop/product/esmalte-para-unas-sally-hansen-color-therapy-color-385-pamper-me-purple-WS4672290
WS4673107,Sally Hansen,"Esmalte para Uñas Sally Hansen Color Therapy x 14,7 ml Color 455 Time For Blue",https://www.farmaciaschester.com.ar/shop/product/esmalte-para-unas-sally-hansen-color-therapy-x-147-ml-color-455-time-for-blue-WS4673107
WS4672471,Sally Hansen,"Esmalte para Uñas Sally Hansen Color Therapy x 14,7 ml Color Base Coat",https://www.farmaciaschester.com.ar/shop/product/esmalte-para-unas-sally-hansen-color-therapy-x-147-ml-color-base-coat-WS4672471
WS4672999,Sally Hansen,Sally Hansen Color Therapy Esmalte de Uñas 340,https://www.farmaciaschester.com.ar/shop/product/sally-hansen-color-therapy-esmalte-de-unas-340-WS4672999
WS4671892,Sally Hansen,Sally Hansen Color Therapy Nail 370 Unwined__7E0015,https://www.farmaciaschester.com.ar/shop/product/sally-hansen-color-therapy-nail-370-unwined7e0015-WS4671892
WS4673294,Sally Hansen,Sally Hansen Insta Dri Color 423 Just In Wine,https://www.farmaciaschester.com.ar/shop/product/sally-hansen-insta-dri-color-423-just-in-wine-WS4673294
WS4672198,Sally Hansen,Sally Hansen Insta Dri Color 573 black To Black,https://www.farmaciaschester.com.ar/shop/product/sally-hansen-insta-dri-color-573-black-to-black-WS4672198
WS4672866,Sally Hansen,Sally Hansen Insta Dri Esmalte 113 White On Time__Fefefe,https://www.farmaciaschester.com.ar/shop/product/sally-hansen-insta-dri-esmalte-113-white-on-timefefefe-WS4672866
WS4671952,Sally Hansen,Sally Hansen Insta Dri Esmalte 213 mauve It__E57c83,https://www.farmaciaschester.com.ar/shop/product/sally-hansen-insta-dri-esmalte-213-mauve-ite57c83-WS4671952
WS4671999,Sally Hansen,Sally Hansen Insta Dri Esmalte 223 sugar Poppy__E8a9b2,https://www.farmaciaschester.com.ar/shop/product/sally-hansen-insta-dri-esmalte-223-sugar-poppye8a9b2-WS4671999
WS4672516,Sally Hansen,Sally Hansen Insta Dri Esmalte 383 Asap 129 apple__daa,https://www.farmaciaschester.com.ar/shop/product/sally-hansen-insta-dri-esmalte-383-asap-129-appledaa-WS4672516
WS4672156,Sally Hansen,Sally Hansen Insta Dri Esmalte 393 Cinna Snap__95161F,https://www.farmaciaschester.com.ar/shop/product/sally-hansen-insta-dri-esmalte-393-cinna-snap95161f-WS4672156
WS4672546,Sally Hansen,Sally Hansen Insta Dri Esmalte 493 midnight Drive__164A84,https://www.farmaciaschester.com.ar/shop/product/sally-hansen-insta-dri-esmalte-493-midnight-drive164a84-WS4672546
WS4672831,Sally Hansen,Sally Hansen Insta Dri Renovation That a Blazing 390 color Blazing 390,https://www.farmaciaschester.com.ar/shop/product/sally-hansen-insta-dri-renovation-that-a-blazing-390-color-blazing-390-WS4672831
WS4672061,Sally Hansen,Sally Hansen Pure Color Hardener 005,https://www.farmaciaschester.com.ar/shop/product/sally-hansen-pure-color-hardener-005-WS4672061
WS4671998,Sally Hansen,Sally Hansen Removedor De Cuticulas,https://www.farmaciaschester.com.ar/shop/product/sally-hansen-removedor-de-cuticulas-WS4671998
WS4673213,Sally Hansen,Sally Hansen Vitamin E Nail & Cuticle Oil,https://www.farmaciaschester.com.ar/shop/product/sally-hansen-vitamin-e-nail-cuticle-oil-WS4673213
WS4672018,San-Up,San Up Termometro de Galio Biotherm Sin Mercurio,https://www.farmaciaschester.com.ar/shop/product/san-up-termometro-de-galio-biotherm-sin-mercurio-WS4672018
WS4672517,Sancor,Sancor Bebe Fórmula Láctea Advanced 2 200 ml,https://www.farmaciaschester.com.ar/shop/product/sancor-bebe-formula-lactea-advanced-2-200-ml-WS4672517
WS4672637,Sarkany,Cofre Dragoness Le Parfum Edp 100 ml + Necesers Sarkany + Body Splash,https://www.farmaciaschester.com.ar/shop/product/cofre-dragoness-le-parfum-edp-100-ml-necesers-sarkany-body-splash-WS4672637
WS4672189,Sarkany,Sarkany Dragoness Edp 100 ml,https://www.farmaciaschester.com.ar/shop/product/sarkany-dragoness-edp-100-ml-WS4672189
WS4672641,Sarkany,Sarkany Dragoness Edp 50 ml,https://www.farmaciaschester.com.ar/shop/product/sarkany-dragoness-edp-50-ml-WS4672641
WS4672181,Sarkany,Sarkany Neceser Why Not Desire Edp 100 ml + Body Splash 75 Ml,https://www.farmaciaschester.com.ar/shop/product/sarkany-neceser-why-not-desire-edp-100-ml-body-splash-75-ml-WS4672181
WS4671692,Sarkany,Sarkany Neceser Why Not Excess (Edp 100 ml + Body Splash 75 Ml),https://www.farmaciaschester.com.ar/shop/product/sarkany-neceser-why-not-excess-edp-100-ml-body-splash-75-ml-WS4671692
WS4672498,Savant,Gripaben T Descongestivo X 5g,https://www.farmaciaschester.com.ar/shop/product/gripaben-t-descongestivo-x-5g-WS4672498
WS4673131,Secret,Desodorante Antitranspirante Secret Ph Balanced Lavanda x 45 g,https://www.farmaciaschester.com.ar/shop/product/desodorante-antitranspirante-secret-ph-balanced-lavanda-x-45-g-WS4673131
WS4672447,Secret,Desodorante Antitranspirante en Gel Secret Coco x 45 g,https://www.farmaciaschester.com.ar/shop/product/desodorante-antitranspirante-en-gel-secret-coco-x-45-g-WS4672447
WS4673118,Sensodyne,Sensodyne Cepillo Complete Care Medium,https://www.farmaciaschester.com.ar/shop/product/sensodyne-cepillo-complete-care-medium-WS4673118
WS4673214,Sensodyne,Sensodyne Crema Dental Sensibilidad Y Esmalte Blanqueador 100 gr,https://www.farmaciaschester.com.ar/shop/product/sensodyne-crema-dental-sensibilidad-y-esmalte-blanqueador-100-gr-WS4673214
WS4671763,Shakira,Shakira Dance Midnight Glam Edt Edición Limitada Edt 80 ml,https://www.farmaciaschester.com.ar/shop/product/shakira-dance-midnight-glam-edt-edicion-limitada-edt-80-ml-WS4671763
WS4671707,Silfab,Silfab Gel Frío Y Calor Multiuso Corto. 5001 mb,https://www.farmaciaschester.com.ar/shop/product/silfab-gel-frio-y-calor-multiuso-corto-5001-mb-WS4671707
WS4671805,Silfab,Silfab Gel Frío Y Calor Multiuso Largo. 0021 mb,https://www.farmaciaschester.com.ar/shop/product/silfab-gel-frio-y-calor-multiuso-largo-0021-mb-WS4671805
WS4672005,Silfab,Silfab Irrigador Plastico,https://www.farmaciaschester.com.ar/shop/product/silfab-irrigador-plastico-WS4672005
WS4673264,Silfab,Silfab Orinal Masculino,https://www.farmaciaschester.com.ar/shop/product/silfab-orinal-masculino-WS4673264
WS4671980,Sri Sri,Pasta Dental Sri Sri Tattva Sudanta Encias Sanas x 100 g,https://www.farmaciaschester.com.ar/shop/product/pasta-dental-sri-sri-tattva-sudanta-encias-sanas-x-100-g-WS4671980
WS4673028,Sri Sri,Pasta Dental Sri Sri Tattva Sudanta Ultra Blanqueadora x 100 g,https://www.farmaciaschester.com.ar/shop/product/pasta-dental-sri-sri-tattva-sudanta-ultra-blanqueadora-x-100-g-WS4673028
WS4672123,Sri Sri,Sri Sri Pasta Dental Efecto Blanqueador 50 gr,https://www.farmaciaschester.com.ar/shop/product/sri-sri-pasta-dental-efecto-blanqueador-50-gr-WS4672123
WS4671939,Sri Sri,Sri Sri Pasta Dental Encias Sanas 50 gr,https://www.farmaciaschester.com.ar/shop/product/sri-sri-pasta-dental-encias-sanas-50-gr-WS4671939
WS4672590,Sri Sri,Sri Sri Pasta de Dientes Sudanta Extra Fresh 200 gr,https://www.farmaciaschester.com.ar/shop/product/sri-sri-pasta-de-dientes-sudanta-extra-fresh-200-gr-WS4672590
WS4672242,Sri Sri,Sri Sri Pasta de Dientes Sudanta Ultra Blanqueadora 200 gr,https://www.farmaciaschester.com.ar/shop/product/sri-sri-pasta-de-dientes-sudanta-ultra-blanqueadora-200-gr-WS4672242
WS4672343,Syra Lab,Venda Elastica 10 cm x 20 m - Syra,https://www.farmaciaschester.com.ar/shop/product/venda-elastica-10-cm-x-20-m---syra-WS4672343
WS4672749,Tangle Teezer,Tangle Teezer Tangle T. Brush Original Pink,https://www.farmaciaschester.com.ar/shop/product/tangle-teezer-tangle-t-brush-original-pink-WS4672749
WS4671850,Tascani,Tascani Necesser Actitud For Men Edp 100 ml + Necesser,https://www.farmaciaschester.com.ar/shop/product/tascani-necesser-actitud-for-men-edp-100-ml-necesser-WS4671850
WS4672410,Tascani,Tascani Necesser Distinto For Men Edp 100 ml + Necesser,https://www.farmaciaschester.com.ar/shop/product/tascani-necesser-distinto-for-men-edp-100-ml-necesser-WS4672410
WS4673211,Tascani,Tascani Necesser Singular For Men Edp 100 ml + Necesser,https://www.farmaciaschester.com.ar/shop/product/tascani-necesser-singular-for-men-edp-100-ml-necesser-WS4673211
WS4672802,Tascani,Tascani Necesser Unico For Men Edp 100 ml + Necesser,https://www.farmaciaschester.com.ar/shop/product/tascani-necesser-unico-for-men-edp-100-ml-necesser-WS4672802
WS4672773,Tena,Tena Pants Nocturno l (8 Unidades),https://www.farmaciaschester.com.ar/shop/product/tena-pants-nocturno-l-8-unidades-WS4672773
WS4672686,Tena,Tena Pants Ultra l (8 Unidades),https://www.farmaciaschester.com.ar/shop/product/tena-pants-ultra-l-8-unidades-WS4672686
WS4673174,Tena,Tena Pants Ultra m (8 Unidades),https://www.farmaciaschester.com.ar/shop/product/tena-pants-ultra-m-8-unidades-WS4673174
WS4673076,Tena,Tena Ropa Interior Pants Ultra Talle l (8 Unidades),https://www.farmaciaschester.com.ar/shop/product/tena-ropa-interior-pants-ultra-talle-l-8-unidades-WS4673076
WS4672049,Tena,Tena Ropa Interior Pants para Hombre | Talle G|EG | 8 unidades,https://www.farmaciaschester.com.ar/shop/product/tena-ropa-interior-pants-para-hombre-talle-geg-8-unidades-WS4672049
WS4672046,Tena,Tena Ropa Interior Slip (9 Unidades) m,https://www.farmaciaschester.com.ar/shop/product/tena-ropa-interior-slip-9-unidades-m-WS4672046
WS4672296,Tena,Tena Ropa Interior Slip l,https://www.farmaciaschester.com.ar/shop/product/tena-ropa-interior-slip-l-WS4672296
WS4671969,Tena,Tena Slip Nocturno Talle G - 7 Unidades,https://www.farmaciaschester.com.ar/shop/product/tena-slip-nocturno-talle-g---7-unidades-WS4671969
WS4672023,Tena,Tena Slip Nocturno Talle XG -16 Unidades,https://www.farmaciaschester.com.ar/shop/product/tena-slip-nocturno-talle-xg--16-unidades-WS4672023
WS4671709,Tena,Tena Toalla Maxi Night Discreet (30 Unidades),https://www.farmaciaschester.com.ar/shop/product/tena-toalla-maxi-night-discreet-30-unidades-WS4671709
WS4672783,Thera Pearl,Thera Pearl Gel Frio Calor Cuello / Hombro,https://www.farmaciaschester.com.ar/shop/product/thera-pearl-gel-frio-calor-cuello-hombro-WS4672783
WS4672038,Tommy Hilfiger,Tommy Hilfiger Tommy Girl Edt 100  ml Para Mujer,https://www.farmaciaschester.com.ar/shop/product/tommy-hilfiger-tommy-girl-edt-100-ml-para-mujer-WS4672038
WS4672768,Trim,Trim Lima Para Uñas Metal,https://www.farmaciaschester.com.ar/shop/product/trim-lima-para-unas-metal-WS4672768
WS4672283,Trim,"Trim Lima Zafiro 5""",https://www.farmaciaschester.com.ar/shop/product/trim-lima-zafiro-5-WS4672283
WS4672211,Trim,"Trim Lima Zafiro 6""",https://www.farmaciaschester.com.ar/shop/product/trim-lima-zafiro-6-WS4672211
WS4672576,Tucci,Tucci Anima Riserva Edp 100 ml,https://www.farmaciaschester.com.ar/shop/product/tucci-anima-riserva-edp-100-ml-WS4672576
WS4672342,Uma,Uma Cofre Blanc (Edt 19 ml + Body Lotion 100 ml),https://www.farmaciaschester.com.ar/shop/product/uma-cofre-blanc-edt-19-ml-body-lotion-100-ml-WS4672342
WS4672484,Uma,Uma Fragancia Lune Edp 100 ml Presentación (Ml) 100 ml,https://www.farmaciaschester.com.ar/shop/product/uma-fragancia-lune-edp-100-ml-presentacion-ml-100-ml-WS4672484
WS4672155,Uma,Uma Fragancia Lune Edp 50 ml Presentación (Ml) 50 ml,https://www.farmaciaschester.com.ar/shop/product/uma-fragancia-lune-edp-50-ml-presentacion-ml-50-ml-WS4672155
WS4672676,Valmax,Termi Bag Cadena de Frío Bolsas Térmicas 2028 xcm 20 Unidades,https://www.farmaciaschester.com.ar/shop/product/termi-bag-cadena-de-frio-bolsas-termicas-2028-xcm-20-unidades-WS4672676
WS4672433,Valuge,Ecelon Loción Limpiadora Facial Pieles Sensibles 250 ml,https://www.farmaciaschester.com.ar/shop/product/ecelon-locion-limpiadora-facial-pieles-sensibles-250-ml-WS4672433
WS4672088,Valuge,Valuge Piroctol As Shampoo Anticaspa 150 ml,https://www.farmaciaschester.com.ar/shop/product/valuge-piroctol-as-shampoo-anticaspa-150-ml-WS4672088
WS4671891,Vaseline,Vaseline Balsamo Labial Lip Emily In Paris Rouge Romance,https://www.farmaciaschester.com.ar/shop/product/vaseline-balsamo-labial-lip-emily-in-paris-rouge-romance-WS4671891
WS4673256,Venado,Venado Peine Familiar Mediano P180 x 1 Unidad,https://www.farmaciaschester.com.ar/shop/product/venado-peine-familiar-mediano-p180-x-1-unidad-WS4673256
WS4672646,Vichy,Repuesto Sérum Hidratante Vichy Mineral 89 Booster 50 ml,https://www.farmaciaschester.com.ar/shop/product/repuesto-serum-hidratante-vichy-mineral-89-booster-50-ml-WS4672646
WS4673113,Vichy,Vichy Mineral 89 Cream 40 ml Hidratante Facial,https://www.farmaciaschester.com.ar/shop/product/vichy-mineral-89-cream-40-ml-hidratante-facial-WS4673113
WS4672224,Vichy,Vichy Serum Liftactiv Specialist 16 Eye Collagen x 15 ml,https://www.farmaciaschester.com.ar/shop/product/vichy-serum-liftactiv-specialist-16-eye-collagen-x-15-ml-WS4672224
WS4672372,Vichy,Vichy Shampoo Dercos Anti Caspa Anti-Dandruff Oil Hair 95 ml,https://www.farmaciaschester.com.ar/shop/product/vichy-shampoo-dercos-anti-caspa-anti-dandruff-oil-hair-95-ml-WS4672372
WS4672673,Vick,Vick Vaporub Lata 12 Grs X 12 Unidades,https://www.farmaciaschester.com.ar/shop/product/vick-vaporub-lata-12-grs-x-12-unidades-WS4672673
WS4672029,Vitamin Way,Vitamin Way Coenzima Q10 (30 Cápsulas),https://www.farmaciaschester.com.ar/shop/product/vitamin-way-coenzima-q10-30-capsulas-WS4672029
WS4672698,Vitamin Way,Vitamin Way Suplemento Dietario Colágeno Y Hialurónico (30 Cápsulas),https://www.farmaciaschester.com.ar/shop/product/vitamin-way-suplemento-dietario-colageno-y-hialuronico-30-capsulas-WS4672698
WS4671842,Vitamin Way,Vitamin Way Suplemento Dietario Vitamina D (30 Cápsulas),https://www.farmaciaschester.com.ar/shop/product/vitamin-way-suplemento-dietario-vitamina-d-30-capsulas-WS4671842
WS4672864,Vitamina,Edp Vitamina Lady x 50 ml,https://www.farmaciaschester.com.ar/shop/product/edp-vitamina-lady-x-50-ml-WS4672864
WS4672525,Vitamina,Set Edt Vitamina Night x 19 ml + Body Lotion x 100 g,https://www.farmaciaschester.com.ar/shop/product/set-edt-vitamina-night-x-19-ml-body-lotion-x-100-g-WS4672525
WS4673217,Vitamina,Vitamina Edp Vitmina Lady x 100 ml,https://www.farmaciaschester.com.ar/shop/product/vitamina-edp-vitmina-lady-x-100-ml-WS4673217
WS4672684,Vitamina,Vitamina Lady Edp 50 ml + Miniatura 19 ml,https://www.farmaciaschester.com.ar/shop/product/vitamina-lady-edp-50-ml-miniatura-19-ml-WS4672684
WS4671957,Wellington Polo Club,Wellington Polo Club Black Neceser For Men Edp 60Ml + Desodorante 150Ml,https://www.farmaciaschester.com.ar/shop/product/wellington-polo-club-black-neceser-for-men-edp-60ml-desodorante-150ml-WS4671957
WS4672279,Wellington Polo Club,Wellington Polo Club Blue Neceser For Men Edp 60Ml + Deo 150Ml,https://www.farmaciaschester.com.ar/shop/product/wellington-polo-club-blue-neceser-for-men-edp-60ml-deo-150ml-WS4672279
WS4673245,Wellington Polo Club,Wellington Polo Club Necesser Polo Club Red Edp 60 ml + Desodorante,https://www.farmaciaschester.com.ar/shop/product/wellington-polo-club-necesser-polo-club-red-edp-60-ml-desodorante-WS4673245
WS4672893,Wellington Polo Club,Wellington Polo Club Set Polo Club Negro Edp 90 ml + Deo Tamaño 2 Unid,https://www.farmaciaschester.com.ar/shop/product/wellington-polo-club-set-polo-club-negro-edp-90-ml-deo-tamano-2-unid-WS4672893
WS4672374,Xmart,Xmart Maquina de Afeitar Fem Speed 3 (3 Unidades),https://www.farmaciaschester.com.ar/shop/product/xmart-maquina-de-afeitar-fem-speed-3-3-unidades-WS4672374
WS4672004,Xmart,Xmart Máquina de Afeitar Descartable Rapi2,https://www.farmaciaschester.com.ar/shop/product/xmart-maquina-de-afeitar-descartable-rapi2-WS4672004
WS4672823,Zono,Protector Solar Zono en Crema Fps 15 x 200 ml,https://www.farmaciaschester.com.ar/shop/product/protector-solar-zono-en-crema-fps-15-x-200-ml-WS4672823
WS4671925,Zono,Protector Solar Zono en Crema Fps 30 x 200 ml,https://www.farmaciaschester.com.ar/shop/product/protector-solar-zono-en-crema-fps-30-x-200-ml-WS4671925
WS4673123,Zono,Zono Protector Solar Fps30 120 ml,https://www.farmaciaschester.com.ar/shop/product/zono-protector-solar-fps30-120-ml-WS4673123
WS4671991,Zono,Zono Protector Solar Fps50 120 ml,https://www.farmaciaschester.com.ar/shop/product/zono-protector-solar-fps50-120-ml-WS4671991
WS4673260,Zono,Zono Protector Solar Sport Fps 50 120 ml,https://www.farmaciaschester.com.ar/shop/product/zono-protector-solar-sport-fps-50-120-ml-WS4673260
