SKU,Vendor,Titulo
WS1152921,Dermaglos,Crema Facial Dermaglós Ultra Hidratación de Día Ultra Age Fps 30 x 15 g
WS1165470,Megacistin,Suplemento Dietario Megacistin Max (30 Comprimidos)
WS1165601,Empecid,Empecid Clotrimazol Crema X 20 Gramos
WS1166890,Ena,Ena Ultra Mass Sabor Vainilla 1500 gr
WS1166998,Megacistin,Suplemento Dietarios Megacistin Blocker x 30 cápsulas
WS1167179,Colgate,Colgate Cepillo Dental Smiles Batman/Wonder Woman 2 U
WS1167271,Ensure,Ensure Suplemento Nutricional en Polvo Sabor Vainilla 800 grs
WS1167633,Dermaglos,Crema Facial Dermaglós Ultra Firmeza Contorno de Ojos Fps 25 x15 g
WS1168042,Redoxon,Redoxon Suplemento Dietario Triple Acción Efervescente x 30 comprimidos Naranja
WS1168456,Ensure,Ensure Suplemento Nutricional en Polvo Sabor Vainilla 1200 gr
WS1168507,Dermaglos,Crema Facial Dermaglós Ultra Firmeza Día Ultra Age x50 g
WS1194048,Vagisil,Dermo Vagisil Jabon Liquido Vaginal Por 240 ml Ph
WS1194354,Colgate,Colgate Enjuague Bucal Kids Minions 250 ml
WS1473750,Basicare,BASICCARE PINZA NEGRA FINA
WS1473797,Basiccare,BASICCARE PEINE RASTRILLO
WS1473894,Basiccare,BASICCARE Tijera Para Cutícula Extra Fina Curvada
WS1473984,Basicare,Basicare Arqueador de Pestañas Purpura
WS1473988,Basiccare,Pinza Curve Mate y Brillante - Punta Sesgada
WS1473999,Basiccare,BASICCARE ELAST + HEBILLAS NEGRAS
WS1474062,Basicare,BASICCARE ESPONJA DE BAÑO
WS1474125,Basicare,BASICCARE PINZA SATINADA- PUNTA SESGADA
WS1474408,Basicare,BASICCARE BUFFER DE UÑAS 4 USOS PEQUEÑO
WS1474569,Basicare,BASICARE BISTURI PARA CALLOS
WS1474605,Basicare,BASICCARE ESPONJA HUEVO
WS1474649,Basicare,Peine DUO para cabello mojado - mediano
WS1474799,Basicare,BASICCARE RASURADOR DE CEJAS C/CEPILLO
WS1529689,Atma,Atma Corta Pelo Y Barba Trimmer
WS1776229,La Roche Posay,COMBO 1 - HYALU B5 Suractive + UV MUNE FLUIDO SIN COLOR
WS1776498,La Roche Posay,COMBO 8 - CICAPLAST 100ML + UV MUNE FLUIDO SIN COLOR
WS1776947,Vichy,COMBO 1 - MINERAL 89 BOOSTER + MINERAL 89 OJOS
WS1777158,Vichy,COMBO 2 - NEO SERUM + NEO PERI MENOPAUSIA DIA PNM
WS1777159,Vichy,COMBO 3 - HA FILLER + LIFTACTIV SUPREME PNM
WS1777212,Vichy,COMBO 4 - B3 + COLLAGEN
WS1777215,Vichy,COMBO 7 - DERCOS ENERGY X 2
WS1777218,Vichy,COMBO 8 - DERCOS ANTICASPA SECA X 2
WS1777757,Farmacias Chester,Kit Rutina Express Dermaglós Agua Micelar CC Cream con color
WS1777759,Dermaglos,Kit Rutina Express Dermaglós BB Cream Tono Medio
WS1777765,Dermaglos,Kit Facial Dermaglós Ultra Hidratante Crema Contorno de Ojos
WS1777767,Dermaglos,Kit Facial Dermaglós Ultra Firmeza Crema Día y Noche Ojos
WS1777768,Dermaglos,Kit Facial Dermaglós Ultra Volumen Crema Día Noche Ojos
WS1777769,Dermaglos,Kit Facial Dermaglós Ultra Estructura Día Noche Ojos
WS1777770,Dermaglos,Kit Facial Dermaglós Agua Micelar + Serum
WS1777771,Dermaglos,Kit Facial Dermaglós Serum + Crema Gel Ultra Hidratación
WS1777784,Dermaglos,Kit Facial Dermaglós Rutina de Día Ultra Firmeza
WS1777785,Dermaglos,Kit Facial Dermaglós Rutina de Día Ultra Volumen
WS1777788,Dermaglos,Kit Facial Dermaglós Rutina de Día Ultra Estructura
WS1777925,Dermaglos,Kit Facial Dermaglós Agua Micelar + Gel Ultra Hidratación
WS1777971,Dermaglos,Kit Protector Solar Dermaglós FPS 30 + FPS 40 + FPS 50
WS1778030,Aveno,Kit Capilar Bebes y Niños Aveno Shampoo y Acondicionador
WS1796905,Aveno,Kit Cuidado Corporal Completo Aveno Piel Sensible
WS1796910,Aveno,Kit Emulsión Aveno 400ml x2
WS1797025,Hipoglos,Kit Crema Hipoglos Cuidado Diario 30g x2
WS1797026,Hipoglos,Kit Crema Hipoglós Cuidado Diario 90g x2
WS2303905,Garnier,Combo Vitamina C Garnier
WS2452743,Ensure,Ensure Suplemento Nutricional en Polvo Sabor Vainilla 400 gr
WS2452777,Gillette,Gillette Espuma de Afeitar Foamy Piel Sensible 322 Ml
WS2646961,Framingham Pharma,Suplemento Deportivo Ampk Sport Creatina x 150 g
WS2730517,Keep,Keep Botella Metálica 600 ml Apto para Líquido Frío
WS3115389,Curitas,Apósitos Adhesivos Curitas Transpiel Resistentes Al Agua (20 Unidades)
WS3147743,Nivea,Nivea Crema Corporal Hidratación Express Piel normal a seca x250ml
WS3286470,Dermaglos,Kit Autobronceante Dermaglós + Ultra Hidratación
WS3371413,Babelito,BABELITO SET DE GANCHOS MULTIUSO
WS3371422,iCare,ICARE AEROCAMARA INFANTIL AC 403
WS3371470,Basicare,BASICARE REMOVEDOR DE PUNTOS NEGROS
WS3371817,Basicare,BASICCARE BANDITAS ELÁSTICAS MEDIANAS
WS3371875,iCare,ICARE AEROCAMARA ADULTO AC 401
WS3372066,Colgate,Colgate Crema Dental Total 12 control Sarro 90 gr
WS3372124,Basicare,BASICARE BANDITAS ELÁSTICAS MEDIANAS
WS3372521,Jactans,Disney Esmalte Nostalgia Edicion Limitada
WS3372782,Basicare,BASICARE 3843 MINI COLITAS (2CM)
WS3372837,iCare,ICARE AEROCAMARA LACTANTE
WS3396342,Cetaphil,Rutina de cuidado diario para piel normal
WS3396345,Cetaphil,Rutina de cuidado diario para piel grasa con tendencia acnéica
WS3396350,Cetaphil,Rutina corporal piel normal
WS3396393,Cetaphil,Rutina Cetaphil baby
WS3396421,Cetaphil,Combo Sun Protector solar facial oil control fps50 c/c+ Protector solar gel corporal
WS3396422,Cetaphil,Combo Sun: Protector solar facial oil control fps 50+ Protector solar gel fps 50
WS3401525,Cetaphil,Cetaphil sun combo x2
WS3401526,Cetaphil,Cetaphil sun oil control combo x2
WS3401530,Cetaphil,Cetaphil hidratante loción 473ml pack x2
WS3401531,Cetaphil,Cetaphil baby limpiador baño liq 300ml pack x2
WS3401532,Cetaphil,Rutina para pieles con tendencia al enrojecimiento
WS3401533,Cetaphil,Cetaphil limpiador facial espuma 236ml pack x2
WS3434960,La Roche Posay,Combo 3 - Anthelios Fluido x2
WS3434967,La Roche Posay,Combo Mela + Anthelios AntiPigament
WS3437221,Vichy,Combo M89 Booster + M89 Gel Crema
WS3437232,CeraVe,Combo Limpia Hidratan + Loción Rostro spf 30
WS3437233,CeraVe,Combo Limpiador Espumo + Loción Rostro noche
WS3441107,Más Accesorios,MAS ACCESORIOS GUANTE EXFOLIANTE
WS3443315,La Roche Posay,Combo Effaclar Serum + UV Mune Fluido Oil Control
WS3443411,Dove,Dove Bond Shampoo + Oleo Bifasico
WS3449333,Elvive,Combo Elvive Glycolic
WS3449334,L'Oreal Paris,Combo Loreal Revitalift
WS3449335,Alfaparf Alta Moda,Combo Alfaparf Alta Moda
WS3449336,Colgate,Combo Colgate
WS3527694,Garnier,Garnier Vit c dia + noche
WS3527864,Aspen,Aspen Aspirador Nasal Automatico Soft
WS3540140,Colgate,Combo Periogard Colgate
WS3540146,Colgate,Combo Orthogard Colgate
WS3540147,Elmex,Combo Elmex
WS3540169,Elmex,Combo Elmex
WS3540175,Elmex,Combo Elmex
WS3540176,Colgate,Combo Colgate
WS3596781,Elvive,Elvive Dream Liso kit 400ml + CPP+ CT
WS3596794,Elvive,Elvive Dream Liso Kit 200ml + CPP+ CT
WS3758415,L'Oreal Paris,Combo Piel Radiante L'Oreal
WS3764946,L'Oreal Paris,Combo Control y Frescura L'Oreal
WS3764984,Garnier,Combo Antimanchas & Luminosidad Garnier
WS3765060,La Roche Posay,Combo Antimanchas & Renovador – La Roche-Posay
WS3766141,La Roche Posay,Combo Equilibrante – La Roche-Posay
WS3766972,Eucerin,Combo Cuidado Suave y Reparador – Eucerin
WS3767059,CeraVe,Combo Limpieza suave e hidratante para cuerpo y rostro
WS3767063,CeraVe,Combo Piel Mixta a Grasa – CeraVe
WS3767234,Isdin,Combo Radiante y uniforme
WS3767246,La Roche Posay,Combo Ideal para Rojeces
WS3767250,Eucerin,Rutina de dia Anti-Pigment
WS3767253,Vichy,Combo Vichy Liftactiv
WS3767256,Eucerin,Rutina Anti-Pigment
WS3767263,Eucerin,Combo Anti-Pigment Piel Madura
WS3813508,Cetaphil,Combo Serum´s
WS3813780,Cetaphil,Combo Antiage Healthy Renew Serum y Crema de Dia
WS3813782,Cetaphil,Combo Antiage Healthy Renew Crema de Dia y Noche
WS3813815,Cetaphil,Combo Antiage Healthy Renew Serum y Ojos
WS3822415,Colgate,Colgate Crema Dental Total 12 Encías Saludables con Flúor 90 G
WS3829341,Marta Roggiero,MARTA ROGGIERO CEPILLO CEP31
WS3907587,Dermaglos,Kit Tatuajes Dermaglós Protección Solar + Regeneración
WS3907592,Dermaglos,Kit Protector Solar Dermaglós FPS 50 + Emulsion Post Solar
WS3907594,Dermaglos,Kit Protector Solar Dermaglós Emulsión FPS 30 + Post Solar
WS3907600,Dermaglos,Kit Protector Solar Dermaglós FPS 65 + Hidratación Esencial
WS3907602,Dermaglos,Kit Protector Solar Dermaglós FPS 80 + Hidratación Esencial
WS3907603,Dermaglos,Kit Protector Solar Dermaglós Familiar FPS 50 con Labial
WS3907604,Dermaglos,Kit Protector Solar Dermaglós Facial FPS 50 con Labial
WS3907610,Dermaglos,Kit Protector Solar Dermaglós Corporal + Compacta T2 +Labial
WS3908037,Andrómaco,Kit crema Hipoglós + limpieza Aveno bebés + crema Bushi
WS3908042,Bushi,Kit Bushi para madres Crema 50g y Pezoneras x2
WS3908079,Andrómaco,Kit crema Hipoglós + Jabón Aveno + pezoneras Bushi
WS3908080,Andrómaco,Kit protección bebés y madres Bushi + Hipoglós CD
WS3908081,Bushi,Kit Bushi Cuidado Maternal Completo
WS3984954,CeraVe,Combo 3 Aceite de limpieza + Crema Hidratante 454ml
WS3984978,CeraVe,Combo 2 Agua Micelar + Loción Rostro PM
WS3984992,CeraVe,Combo 1 Air Foam + Oil Control
WS3985280,La Roche Posay,Combo 4 Anthelios Fluido + Uvmune milk Dermopediátrico
WS4005891,Dove,Dove Acondicionador Uv Repair x 250 ml
WS4005980,Dove,Dove Óleo Repair Uv x 110 ml
WS4010597,Elvive,Combo Dream Liso Serum + 3 en 1
WS4011071,L'Oreal Paris,Combo Luci tu mirada con protección
WS4011074,L'Oreal Paris,Combo Limpieza + Protección
WS4011076,L'Oreal Paris,Combo Protección + Corrector - Sin cambio de tono
WS4011078,Maybelline,Combo Máscara + Corrector
WS4167578,Valca,Combo Valca Protección Total
WS4167602,Valca,Combo Valca Mega Regeneración
WS4167603,Valca,Combo Valca Regenerador Solar
WS4167604,Valca,Combo Valca Chau Estrías
WS4167605,Valca,Combo Valca x2 Pocket
WS4182750,Cetaphil,Rutina Facial Hidratante y Reparadora
WS4182751,Cetaphil,Combo Antiage Healthy Renew Serum y Crema de Noche
WS4182756,Cetaphil,Rutina para pieles con dermatitis atópica
WS4182757,Cetaphil,Pack x2 Cetaphil Loción Limpiadora Piel Sensible x 473 ml
WS4182758,Cetaphil,Pack x2 Cetaphil Limpiador Facial Diario Piel Gasa x 473 ml
WS4184576,Secret,Desodorante Antitranspirante Secret en Gel Ph Balanced Lavanda x 45 g
WS4188107,Garnier,Combo Anti-Imperfecciones
WS4188108,L'Oreal Paris,Combo Revitalift
WS4207674,Cetaphil,Gel Crema Calmante Rápida Absorción 453 grs
WS4208349,Cetaphil,Rutina Facial Hidratante e Iluminadora
WS4216186,Elvive,Elvive Glycoli Cristal 400ml
WS4216187,Elvive,Elvive Glycoli Cristal 200ml + Óleo Extraordinario
WS4242407,Farmacias Chester,Diferencia de envio #14424
WS4242407,Farmacias Chester,Diferencia pedido #16244
WS4246583,L'Oreal Paris,Combo Glycoli Bright
WS4246589,L'Oreal Paris,Combo Limpieza + Protección
WS4246594,L'Oreal Paris,Combo Limpieza + Hidratación
WS4246596,L'Oreal Paris,Combo Glycoli Bright
WS4246644,Garnier,Combo Ani Imperfecciones Limpieza + Parche
WS4246665,Garnier,Combo Anti Imperfecciones
WS4247342,Garnier,Combo Express Garnier
WS4249218,Cetaphil,Loción Corporal Hidratante Cetaphil x 237 ml
WS4264190,Nivea,Nivea Agua Micelar Iluminadora 400 ml
WS4316232,Dermaglos,Kit Aveno Proteccion Solar Facial y Corporal Piel Sensible
WS4316242,Dermaglos,Kit Doble Limpieza Facial Dermaglós
WS4316258,Dermaglos,Kit Emulsión Dermaglós Hidratación Esencial x 2
WS4316259,Dermaglos,Kit Autobronceante Dermaglós
WS4316260,Dermaglos,Kit Hidratación Corporal Dermaglós Crema Manos y Emulsión
WS4316261,Dermaglos,Kit Rutina Facial Dermaglós Piel Enrojecida
WS4316262,Dermaglos,Kit Limpieza Facial Dermaglós Todo Tipo de Piel
WS4316263,Dermaglos,Kit Corporal Dermaglós Piel del Diabético Extra Seca
WS4316266,Dermaglos,Kit Protector Solar Dermaglós Spray FPS 40 y FPS 50 Niños
WS4316272,Dermaglos,Kit Protector Solar Dermaglós Bebés y Niños Protección Alta
WS4316273,Dermaglos,Kit Protector Solar Dermaglós + Hidratación Inmediata
WS4316275,Dermaglos,Kit Protector Solar Dermaglós FPS 50 Barra + Labial
WS4316281,Dermaglos,Kit Facial Dermaglós Rutina Piel Mixta a Grasa + Serum Vit C
WS4316282,Dermaglos,Kit Facial y Corporal Autobronceante Dermaglós Serum + Crema
WS4316283,Dermaglos,Kit Facial Dermaglós Rutina Piel Normal - Equilibrada a Seca
WS4316285,Dermaglos,Kit Facial Dermaglós Hombres Rutina Express con Sérum
WS4316286,Dermaglos,Kit Rutina Facial Dermaglós Piel Mixta a Grasa
WS4316287,Dermaglos,Kit Dermaglós Rutina Piel Mixta a Grasa + Serum Niacinamida
WS4316289,Dermaglos,Rutina Dermaglós Limpieza e Hidratación Pïel Mixta a Grasa
WS4316293,Dermaglos,Kit Facial Dermaglós Leche de Limpieza + Serum Ectoína
WS4316294,Dermaglos,Kit Dermaglós Leche de Limpieza + Serum Acido Hialurónico
WS4316295,Dermaglos,Kit Facial Dermaglós Hombres Rutina Express Protector Solar
WS4316296,Dermaglos,Kit Facial Dermaglós Hombres Rutina Express Niacinamida
WS4316297,Dermaglos,Kit Facial y Corporal Dermaglós Ultra Hidratación
WS4316299,Dermaglos,Kit Facial Dermaglós Rutina Calmante con Serum y Tónico
WS4316311,Dermaglos,Kit Protector Solar Dermaglós Efecto Seco Corporal Facial
WS4316312,Dermaglos,Kit Protector Solar Dermaglós Efecto Seco + Tono Claro
WS4316314,Dermaglos,Kit Protector Solar Dermaglós Efecto Seco + Tono Medio
WS4316625,Dermaglos,Kit Protector Solar Familiar Dermaglós Completo
WS4317798,L'Oreal Paris,Tu bronceado ideal
WS4317799,Dermaglos,Kit Protector Solar Dermaglós FPS 50 + Gel Post Solar
WS4317800,Dermaglos,Kit Protector Solar Dermaglós Emulsión FPS 30 + Spray FPS 40
WS4317801,Dermaglos,Kit Protector Solar Dermaglós FPS50 + Regeneración
WS4317803,Dermaglos,Kit Protector Solar Dermaglós Barra + Labial + Emulsión
WS4317805,Dermaglos,Kit Protector Solar Dermaglós Corporal FPS 30 + Compacta T2
WS4317806,Dermaglos,Kit Dermaglós Protector Solar + Crema Gel Corporal Ultra
WS4317807,Aveno,Kit Cuidado Capilar Aveno Shampoo y Acondicionador 250ml
WS4317809,Aveno,Kit Cuidado Facial y Corporal Aveno Limpieza +Emulsión 250ml
WS4317814,Aveno,Kit Cuidado Facial y Corporal Aveno Limpieza +Emulsión 400ml
WS4317840,Aveno,Kit Cuidado Facial Aveno para piel sensible seca
WS4317863,Aveno,Kit Cuidado Facial Aveno para piel sensible mixta
WS4317904,Aveno,Kit Emulsión Aveno 400ml + Refill
WS4317907,Aveno,Kit Emulsión Aveno 250ml + Refill
WS4317914,Aveno,Kit Emulsión Aveno 250ml + 400ml + Refill
WS4317920,Aveno,Kit Emulsión Aveno Refill 250ml x 2 unidades
WS4317923,Hipoglos,Kit Protección Completa Bebes Hipoglós CD + Dermaglós Solar
WS4317925,Hipoglos,Kit Protección Completa Niños Hipoglós CD + Dermaglós Solar
WS4317926,Hipoglos,Kit Completo Cuidado y Protección Infantil Crema Hipoglós CD
WS4317930,Hipoglos,Kit Completo Cuidado y Protección Infantil Spray Hipoglós CD
WS4317934,Hipoglos,Kit de Cuidado y Protección Infantil Crema Hipoglós CD
WS4317937,Hipoglos,Kit de Cuidado y Protección Infantil Spray Hipoglós CD
WS4317954,Dermaglos,Kit Dermaglós Serum Acido Hialuronico Vitamina C Niacinamida
WS4317961,Dermaglos,Kit Dermaglós Protector Solar Fluido + Efecto Seco FPS 30
WS4317966,Dermaglos,Kit Facial Dermaglós Crema Ultra Hidratación + Repuesto 50g
WS4317970,Dermaglos,Kit Facial Dermaglós Ultra Hidratación + 2 Repuestos 50g
WS4317977,Dermaglos,Kit Dermaglós Hombres Rutina Facial Limpieza + Hidratación
WS4317985,Dermaglos,Kit Facial Dermaglós Ultra Hidratante + Serum Niacinamida
WS4317986,Dermaglos,Kit Facial Dermaglós Serum Vitamina C + Protector FPS 50
WS4317988,Dermaglos,Kit Mascaras de Tela Dermaglós Ultra Volumen + Estructura x2
WS4317991,Dermaglos,Kit Mascaras de Tela Dermaglós Ultra Hidratación x2
WS4317993,Dermaglos,Kit Mascaras de Tela Dermaglós Ultra x2
WS4317994,Dermaglos,Kit Facial Dermaglós Ultra Firmeza Completo
WS4317995,Dermaglos,Kit Facial Dermaglós Ultra Volumen Completo
WS4317996,Dermaglos,Kit Facial Dermaglós Ultra Estructura Completo
WS4317997,Dermaglos,Kit Dermaglós Doble Limpieza Facial Piel Mixta a Grasa
WS4317998,Dermaglos,Rutina Dermaglós Para Hombres Piel Mixta a Grasa
WS4318007,Dermaglos,Kit Facial Dermaglós Serums Completo
WS4318008,Dermaglos,Rutina Dermaglós Limpieza e Hidratación + Serum Ectoína
WS4318010,Dermaglos,Kit Facial Dermaglós Rutina Piel Mixta + Protector Solar
WS4318011,Dermaglos,Kit Facial Dermaglós Crema Ultra Firmeza + Repuesto 50g
WS4318012,Dermaglos,Kit Facial Dermaglós Crema Ultra Volumen + Repuesto 50g
WS4318014,Dermaglos,Kit Facial Dermaglós Crema Ultra Estructura + Repuesto 50g
WS4318015,Dermaglos,Kit Facial Dermaglós Autobronceante +Crema Ultra Hidratacion
WS4318016,Dermaglos,Kit Protector Solar Dermaglós Emulsion FPS 50 x6 Unidades
WS4318017,Dermaglos,Kit Protector Solar Dermaglós Emulsion FPS 40 x6 Unidades
WS4318018,Dermaglos,Kit Protector Solar Dermaglós Emulsion FPS 30 x6 Unidades
WS4318020,Dermaglos,Kit Protector Solar Dermaglós Corporal y Facial Tono 1 Claro
WS4318021,Dermaglos,Kit Protector Solar Dermaglós Corporal y Facial Tono 2 Medio
WS4318022,Dermaglos,Kit Dermaglós Protector Solar + Serum Acido Hialurónico
WS4318023,Dermaglos,Kit Dermaglós Protector Solar + Crema Gel Ultra Hidratación
WS4318024,Dermaglos,Kit Dermaglós Protector Solar Facial + Serum Ac. Hialurónico
WS4318025,Dermaglos,Kit Dermaglós Protector Solar Facial + Serum Niacinamida
WS4318026,Dermaglos,Kit Dermaglós Protector Solar Facial y Corporal FPS 50
WS4318027,Aveno,Kit Cuidado Facial Corporal Aveno Pieles Sensibles
WS4318030,Aveno,Kit de Baño Aveno Cuidado Capilar y Corporal
WS4318031,Aveno,Kit Limpieza Hidratación Aveno Emulsión + Jabón
WS4318032,Aveno,Kit de Baño Bebes y Niños Aveno +Hipoglós Cuidado Diario 30g
WS4318033,Aveno,Kit Jabon Compuesto Aveno x3
WS4318036,Aveno,Kit Cuidado Corporal y facial Aveno Piel Sensible
WS4318037,Aveno,Kit Aveno Emulsión Refill + Jabón
WS4318038,Aveno,Kit Aveno Facial Completo Piel Sensible Mixta
WS4318039,Aveno,Kit Aveno Facial Completo Piel Sensible Seca
WS4318040,Aveno,Kit Aveno Limpieza + Hidratación + Protector Solar FPS50
WS4318041,Aveno,Kit facial y corporal Aveno + Hipoglós CD
WS4318056,Aveno,Kit higiene y protección Aveno + Hipoglós CD
WS4318092,Andrómaco,Kit Jabón Aveno + Crema Prurisedán Calmante
WS4318093,Andrómaco,Kit Maternal Completo Dermaglós + Aveno + Bushi + Hipoglós
WS4318094,Aveno,Kit Shampoo Infantil Aveno + Pomada Hipoglós
WS4318096,Andrómaco,Kit Capilar Infantil Aveno + Crema Calmante Prurisedán
WS4318097,Andrómaco,Kit Jabón y Emulsión Aveno + Crema Calmante Prurisedán
WS4318099,Dermaglos,Kit Facial Dermaglós Prevención Anti Edad
WS4318102,Dermaglos,Kit Dermaglós Hidratación Ácido Hialurónico Protección Solar
WS4318104,Dermaglos,Kit Dermaglós Protector Solar Facial Fluido +Emulsión FPS 50
WS4318106,Dermaglos,Kit Dermaglós Crema Despigmentante + Serum Niacinamida
WS4318108,Dermaglos,Kit Facial Dermaglós Despigmentante Manchas +Protector Solar
WS4318109,Dermaglos,Kit Facial Dermaglós Protector Solar + Ultra Hidratación
WS4318110,Dermaglos,Kit Facial Dermaglós Serum + Protector Solar Facial Fluido
WS4318111,Dermaglos,Kit Facial Dermaglós Control Acné completo
WS4318114,Dermaglos,Kit Facial Dermaglós Control Acné Limpieza + Hidratación
WS4318117,Aveno,Kit Aveno Limpieza + Protector Solar Facial FPS50
WS4318118,Aveno,Kit Aveno Limpieza + Protector Solar Corporal FPS50
WS4318121,Aveno,Kit Aveno Hidratación + Protección Corporal Emulsión 250ml
WS4318123,Aveno,Kit Aveno Hidratación + Protección Corporal Emulsión 400ml
WS4318130,Hipoglos,Kit Crema Hipoglos Cuidado Diario 30g + 90g
WS4318165,Hipoglos,Kit Crema Hipoglós Cuidado Diario 3 unidades x 30g
WS4318184,Hipoglos,Kit Crema Hipoglós Cuidado Diario 3 unidades x 90g
WS4318205,Hipoglos,Kit Hipoglós Pomada + Dermaglós Terapéutica Emulsión
WS4318212,Hipoglos,Kit Maternal Hipoglós + Dermaglós Terapéutica + Bushi
WS4318213,Hipoglos,Kit Dermaglós Terapéutica Emulsión 500ml y Crema 200g
WS4318257,Andrómaco,Kit Botiquín Hipoglós VL Multiacción + Prurisedán Crema
WS4320824,Farmacias Chester,Pinta Cara
WS4321695,Dermaglos,Kit Facial Rutina Dermaglós Piel Enrojecida + Serum Ectoína
WS4321742,Dermaglos,Kit Dermaglós Protector Solar Facial + Crema Gel Ultra Hidratación
WS4322096,Vichy,COMBO DERCOS COLLAGEN
WS4341419,Dermaglos,Kit Rutina Facial Dermaglós Piel Normal a Mixta
WS4341422,Dermaglos,Kit Facial Dermaglós Rutina Piel Normal a Mixta Serum Vit C
WS4341423,Dermaglos,Kit Facial Dermaglós Rutina Piel Normal -Equilibrada a Mixta
WS4349769,Oral B,Oral B Crema Dental Extra Blancura Cool Mint l x 70 g
WS4390556,Cicatricure,Cicatricure combo Gold Lift
WS4391168,Groomen,Groomen Máquina de Afeitar 300 sistema Mango + 1 Repuesto
WS4394963,Dermaglos,Kit Facial Dermaglós Serum Retinol + Crema Despigmentante
WS4394965,Dermaglos,Kit Facial Dermaglós Ultra Estructura + Serum Retinol
WS4394970,Dermaglos,Kit Facial Dermaglós Serum Retinol + Protector Solar Fluido
WS4394971,Dermaglos,Kit Facial Dermaglós Serum Retinol + Serum Niacinamida
WS4396473,L'Oreal Paris,Tu piel más Glow con Glycolic
WS4396518,Maybelline,Tu look ideal
WS4450560,Cepage,Cepage Rutina Noche Piel Oleosa
WS4450579,Cepage,Cepage Piel Sensible- Día
WS4450581,Cepage,Cepage Dúo Luminosidad
WS4450582,Cepage,Cepage Dúo Anticaída
WS4450602,Cepage,Cepage Piel Sensible- Noche
WS4450603,Cepage,Cepage Primeros Cuidados- Noche
WS4450604,Cepage,Cepage Primeros Cuidados- Minimalista
WS4450605,Cepage,Cepage Dúo Filtres Fluide
WS4450607,Cepage,Cepage Dúo Capillaire Max Champú Anticaída
WS4450608,Cepage,Cepage Dúo Hidratación Corporal
WS4450611,Cepage,Cepage Piel Madura- Noche
WS4450982,Eximia,Rutina Pieles Maduras
WS4451043,Eximia,Rutina Antiage
WS4451055,Eximia,Rutina Día Pieles Oleosas
WS4451064,Eximia,Rutina Glow
WS4451071,Eximia,Rutina Sensitive
WS4451073,Eximia,Dúo Solaire Extreme Fluide
WS4451074,Eximia,Dúo Solaire Extreme Fluide Color
WS4451075,Eximia,Dúo Solaire Extreme Toque Seco
WS4451076,Eximia,Dúo Solaire Extreme Toque Seco Color
WS4451077,Eximia,Dúo C + FPS
WS4451078,Eximia,Dúo Piel Sensible
WS4451079,Eximia,Dúo Absolut
WS4451080,Eximia,Dúo Hidratación Volume
WS4451081,Eximia,Dúo C + N
WS4451082,Eximia,Dúo Glow
WS4451083,Eximia,Dúo Mat
WS4451084,Eximia,Rutina Legere
WS4451085,Eximia,Dúo Hidratación Filler
WS4456103,Cepage,Cepage Dúo Día Piel Oleosa
WS4456105,Cepage,Cepage Rutina Rojeces
WS4456107,Cepage,Cepage Dúo Ácidos Verano
WS4456108,Cepage,Cepage Piel Oleosa Día
WS4456109,Cepage,Cepage Dúo Filtres Fluide Color
WS4456110,Cepage,Cepage Piel Con Rojeces- Noche
WS4456128,Cepage,Cepage Piel Madura- Día
WS4456134,Cepage,Cepage Piel con Manchas- Día
WS4456176,Cepage,Cepage Rutina Hidratación
WS4456185,Cepage,Cepage Dúo Filtres Fluide Toque Seco
WS4461333,Elvive,Combo ideal Dream Lisso
WS4482737,Colgate,Combo Colgate Carbon Activado
WS4482983,Ena,Pack Energía y Recuperación
WS4483077,Natuliv,Combo Anti Fatiga
WS4483083,Quelat,Combo Defensas Fuertes
WS4484872,Ensure,Combo Ensure x2 Sabores
WS4484878,Farmacias Chester,Combo Vitalidad Femenina
WS4484912,Cofarmen,COFARMEN BARBIJO A TABLEADO X1
WS4484921,RAPTOR,Combo Entrenamiento
WS4486356,Bagovit Capilar,Combo Bagovit - Pelo Largo y sin Frizz
WS4486360,Bagovit Capilar,Combo Bagovit - Reparación Intensiva
WS4486363,Bagovit Capilar,Combo Bagovit - Plasma Vegetal
WS4486369,Dove,Combo Dove - Reconstrucción Completa
WS4486372,Dove,Combo Dove - Regeneración
WS4522654,iCare,Balanza Personal Digital BG221 Negra
WS4522666,Groomen,Groomen Máquina de Afeitar 500 sistema Mango + 2 Repuesto
WS4523653,Clog,CLOG Tampones para Oídos para Dormir
WS4523694,Clog,CLOG Tapones para Oídos Fiestas
WS4523915,Ena,Combo Ena Creatina Mono + Citrato de Magnesio
WS4523929,Ena,Combo Ena Protein Barras
WS4523930,Ena,Combo Ena Protein Barras Coco Y Dulce de Leche
WS4523931,Ena,Combo Ena Protein Barras Brownie + Frutilla
WS4523935,Ena,Combo Ena Creatina + Carbo Energy
WS4523938,Bago,Combo Bago Energía
WS4523939,RAPTOR,Combo Raptor Protein + Creatina
WS4523942,Ampk,Combo Ampk Creatina Hcl Ultra Concentrada
WS4523943,Ampk,Combo Ampk Protein + Creatina concentrada
WS4523945,Ampk,Combo Ampk 30 comprimidos
WS4524720,ECOHAIR,Como Ecohair Recuperación Capilar + Shampoo Anticaída
WS4524722,ECOHAIR,Combo Ecohair Shampoo Anticaída + 2 Bálsamos Acondicionador
WS4524723,ECOHAIR,Combo Ecohair Kit Ideal
WS4524724,ECOHAIR,Combo Ecohair Kit Miradas
WS4524725,ECOHAIR,Combo Ecohair Kit Rosa
WS4524726,ECOHAIR,Combo Ecohair Shampoo Anticaspa + Bálsamo Acondicionador
WS4524727,ECOHAIR,Combo Ecohair Loción Recuperación Capilar + Shampoo Anticaída
WS4524742,Maybelline,Como Lifter Gloss Honey + Máscara Electro Black
WS4524745,Maybelline,Combo Lifter Gloss Honey Caramel + Máscara Electro Black
WS4524746,Maybelline,Combo Lifter Glaze Cherry Swirl + Lifter Liner Maincharacter
WS4524747,Maybelline,Combo Lifter Glaze Expresso Kiss + Lifter Fine Line
WS4524748,L'Oreal Paris,Combo Máscara Panorama + Labial Laque Resistance 250
WS4524749,L'Oreal Paris,Combo Máscara Panorama + Labial Laque Resistance 510
WS4524750,Vogue,Combo Brillo Labial Top Coat + Labial Resist Soñadora
WS4524751,Vogue,Combo Brillo Labial Top Coat + Labial Resist Elegante
WS4533548,Cepage,Combo Cepage Rougeurs
WS4547039,Maybelline,Combo Maybelline Plump + Lifter
WS4547041,Maybelline,Combo Maybelline Plump + Lifter
WS4547042,Maybelline,Combo Maybelline Plump + Lifter
WS4548076,Lesag,RECUPERATION BOOST GEL COLA Y CAFEINA X1
WS4548078,Lesag,MERLIN BARS NATURAL X1 UNIDAD
WS4548079,Lucy Anderson,LUCY ANDERSON SUBLIME BLUSH X 105 ML
WS4548080,Lesag,MERLIN BARS CHOCO PROTEIN X1 UNIDAD
WS4548081,Lesag,RECUPERATION BOOST GEL LIMA X1 UNID
WS4548082,Lesag,MERLIN BARS AVENA X1 UNIDAD
WS4548084,Ena,Ena Creatina Sobre 5 gr Sin Sabor
WS4548085,Farmaco,La Farmaco Jabon Sarnol Antiseptico 125 gr
WS4548086,Lesag,MERLIN BARS COCO X1 UNIDAD
WS4548087,Lucy Anderson,LUCY ANDERSON GOLD FAME x105ml
WS4548088,Lesag,MERLIN BARS MANZANA CRISPY X1 UNIDAD
WS4548089,Farmaco,La Farmaco Jabon de Azufre Para Acne Y Piel Grasa 100 gr
WS4548090,Lesag,RECUPERATION BOOST GEL F ROJOS X1
WS4548091,Lucy Anderson,LUCY ANDERSON GODDESS x105ml
WS4548092,Lesag,MERLIN BARS CAFE PROTEIN X1 UNIDAD
WS4550137,Cetaphil,Combo SERUM´S AM/PM
WS4550139,Cetaphil,Rutina Cetaphil AM Protectora
WS4550141,Cetaphil,Rutina Cetaphil PM Restauradora
WS4551759,Nutrilon,"Leche Infantil en Polvo Nutrilon 2 Pouch x 1,2 kg"
WS4551761,Nutrilon,"Leche Infantil en Polvo Nutrilon 1 Pouch x 1,2 kg"
WS4551772,Nutrilon,Nutrilon Fórmula Láctea Profutura en Polvo Para Lactantes Etapa 2 (Brick 200 ml)
WS4551880,Farmacias Chester,Combo Esmalte + Lima + Pinza
WS4551881,Farmacias Chester,Combo Mix para vos
WS4551883,Farmacias Chester,Combo Facial + Capilar
WS4551886,Farmacias Chester,Combo Uñas + Cabello
WS4552283,Depimiel,Depimiel Cera en Lata Vegetal Con Estuche 200 gr
WS4552284,Vogue,Máscara de Pestañas BoomBastic Washable
WS4552285,Maybelline,Rubor en Mousse Maybelline Cloudtopia Tono Pink Daydream
WS4552286,Garnier,Hidratante Toque Seco Garnier Anti-manchas con Vitamina C Y Niacinamida 85 ml
WS4552287,Vogue,Sombra de Ojos Liquida Resist Papaya Intensa
WS4552288,Maybelline,Rubor en Mousse Maybelline Cloudtopia Tono Coral Illusion
WS4552289,Depimiel,Depimiel Cera Natural Con Estuche 200 gr
WS4552290,Garnier,Hidratante Toque Seco Garnier Anti-Imperfecciones con Ácido Salicílico y Vitamina C 85 ml
WS4552291,Vogue,Sombra de Ojos Liquida Resist Mango Salvaje
WS4552292,Maybelline,Rubor en Mousse Maybelline Cloudtopia Tono Enchanted Mauve
WS4552293,Garnier,Hidratante Toque Seco Garnier Anti-arrugas con Colágeno y Vitamina C 85 ml
WS4552294,Vogue,Sombra de Ojos Liquida Resist Sandía Latina
WS4552295,Vogue,Máscara de Pestañas BoomBastic Waterproof
WS4552296,Maybelline,Rubor en Mousse Maybelline Cloudtopia Tono Dreamy Dawn
WS4552297,Maybelline,Rubor en Mousse Maybelline Cloudtopia Tono Divine Crimson
WS4552298,Depimiel,Depimiel Crema Depilatoria Para Cuerpo Para Men 120 gr
WS4552299,Vogue,Sombra de Ojos Liquida Resist Coco Vibrante
WS4553147,Dermaglos,Aceite Dermaglós Anti Estrías 70 ml
WS4553156,Framingham Pharma,Vitamet Complejo B Metilado x 30 Comp
WS4553424,Hexa-Defital,Hexa Defital Nf Locion Pediculosis Piojo Y Liendres 120 xml
WS4555489,Depimiel,Depimiel Bandas Depilatorias Corporal x 12 Unidades
WS4557702,Framingham Pharma,Quelat Suplemento de Hierro 30 capsulas
WS4557703,Depimiel,Depimiel Cera Vegetal en Pote Para Microondas 200 gr
WS4567007,Blumi,BLUMI SET RIZADOR SIN CALOR
WS4568292,Vogue,Vogue Esmalte Efecto Gel Positiva
WS4568293,L'Oreal Paris,Blurfiller L´Oreal Paris Delineador de Labios Tono Bordeaux Bisous
WS4568294,L'Oreal Paris,Laque Resistance Labial Líquido L´Oréal Paris Infaillible Tono Midnight Bordeaux
WS4568295,L'Oreal Paris,Blurfiller L´Oreal Paris Delineador de Labios Tono Brown Caramel
WS4568296,Vogue,Vogue Labial Líquido Colorissimo 5 ml Granate
WS4568297,Vogue,Vogue Esmalte Fantastic 10 ml Delicia
WS4568298,Maybelline,Maybelline Paleta Sombras City Mini
WS4568299,L'Oreal Paris,Blurfiller L´Oreal Paris Delineador de Labios Tono Worth It Intense
WS4568300,L'Oreal Paris,Laque Resistance Labial Líquido L´Oréal Paris Infaillible Tono Brown Espresso
WS4568301,Maybelline,Maybelline Máscara De Pestañas Great Lash Big Washable 10 Ml | Black
WS4568302,Vogue,Vogue Esmalte Efecto Gel Ternura
WS4568303,Garnier,Fructis Acondicionador Aloe Hidra Bomb 650 ml
WS4568304,L'Oreal Paris,Blurfiller L´Oreal Paris Delineador de Labios Tono Worth It
WS4568305,L'Oreal Paris,Laque Resistance Labial Líquido L´Oréal Paris Infaillible Tono Almond Nude
WS4568306,Vogue,Vogue Esmalte Superfantastic 10 ml Rosa Viejo 25
WS4568307,Kotex,Kotex Protectores Multiestilo Largos - 60 unidades
WS4568308,L'Oreal Paris,Laque Resistance Labial Líquido L´Oréal Paris Infaillible Tono Smoked Rose
WS4568309,L'Oreal Paris,Blurfiller L´Oreal Paris Delineador de Labios Tono Nude Espresso
WS4568310,Vogue,Vogue Esmalte Superfantastic 10 ml Palo Rosa 24
WS4568311,L'Oreal Paris,Laque Resistance Labial Líquido L´Oréal Paris Infaillible Tono Toasted Beige
WS4568312,L'Oreal Paris,Laque Resistance Labial Líquido L´Oréal Paris Infaillible Tono Rose Affair
WS4568942,Blumi,BLUMI GOMITAS SILICONA TRANSP
WS4568943,Blumi,BLUMI SET SKINNY SCRUNCHIES COLOR
WS4568944,Blumi,BLUMI SET HEBILLAS CAREY Y ROSA
WS4568947,Blumi,BLUMI BROCHE PLASTICO NEGRO
WS4568948,Blumi,BLUMI SET HEBILLAS ANTIMARCAS
WS4568949,Blumi,BLUMI SET BROCHES ACRILICO 6UN
WS4568950,Blumi,BLUMI GOMITAS SILICONA NEGRO
WS4568951,Blumi,BLUMI BROCHE PLASTICO MARRON
WS4568953,Blumi,BLUMI SET SCRUNCHIES SATEN NEGRO
WS4568954,Blumi,BLUMI SET BROCHES PREMIUM
WS4568955,Blumi,BLUMI BROCHE PREMIUM CAREY
WS4568956,Blumi,BLUMI GOMITAS ELASTICAS COLOR
WS4568957,Blumi,BLUMI BROCHE PREMIUM NUDE
WS4568959,Blumi,BLUMI SET HEBILLAS CRUDO Y ROSA
WS4568960,Blumi,BLUMI SET BROCHES 3UN
WS4568961,Blumi,BLUMI SET BROCHES PLASTICO
WS4568962,Blumi,BLUMI BROCHE PREMIUM MARRON
WS4586497,Ducray,Ducray Neoptide Expert Serum Anticaida 100 ml
WS4588140,Garnier,Kit Tintura Nutrisse Clasico Tono 61 Centeno
WS4589142,Vogue,Vogue Base de Maquillaje Resist Color Avellana
WS4589143,Elvive,Acondicionador Collagen Lifter 400 ml
WS4589145,Sancor,Sancor Bebe Leche Advanced Comfort 400 g
WS4589146,Elvive,Crema Tratamiento Collagen Lifter 300 gr
WS4589147,Vogue,Base de Maquillaje Vogue Resist Tono Bases Bronce
WS4589148,Isdin,Isdin Isdinceutics Essential Cleansing Aceite Limpiador 200 ml
WS4589149,Vogue,Vogue Base de Maquillaje Resist Color Porcelana
WS4589150,Elvive,Acondicionador Collagen Lifter 750 ml
WS4589151,Elvive,Shampoo Collagen Lifter 200 ml
WS4589153,Elvive,Serum Collagen Lifter 100 ml
WS4589154,Vogue,Vogue Base de Maquillaje Resist Color Glamour
WS4589155,Elvive,Shampoo Collagen Lifter 400 ml
WS4589158,Elvive,Shampoo Collagen Lifter 750 ml
WS4589159,Elvive,Elvive Colageno Lifter Crema de Peinar 250 ml
WS4589160,Elvive,Acondicionador Collagen Lifter 200 ml
WS4590914,Framingham Pharma,Suplemento 5 Hidroxi Triptófano 100 mg (30 Comprimidos)
WS4591157,Estrella,Estrella Algodón Super 75 gr
WS4592022,Rabanne,Rabanne Invictus Edt Presentación 50 ml
WS4592023,Avent,Avent Set Entrenamiento x 125 ml
WS4592025,Ptm,Ptm Plantilla Sofeet Sport Par S
WS4592026,Nivea,Desodorante Antitranspirante Nivea Men Deep Beat Spray x 150 ml
WS4592028,Simple,Simple Vitalidad (60 Pastillas de Goma)
WS4592029,Lucy Anderson,Lucy Anderson High Definition Eye Shadow 8 gr
WS4592030,Body Care,Body Care Talle l
WS4592031,Carolina Herrera,Carolina Herrera 212 Vip Rose Le Edp Presentación 80 ml
WS4592032,Maverick,Maverick Tensiometro Digital Ye650d Con Voz
WS4592033,Ducray,Ducray Shampoo Squanorm Seco 200 ml
WS4592034,Patrichs,Desodorante Patrichs Grand Prix en Aerosol x 97 g
WS4592035,Garnier,Kit Tintura Nutrisse Clasico Tono 28 Arandano
WS4592036,Más Accesorios,Mas Accesorios Escofina Acrilico Doble Faz
WS4592037,Babelito,Babelito Tetina Silicona T1 Nº 1
WS4592038,Rabanne,Rabanne Lady Million Edp Presentación 30 ml
WS4592041,Más Accesorios,Mas Accesorios Bolsa de Agua Caliente Con Funda
WS4592042,Banderas,Banderas The Icon Edt Presentación 50 ml
WS4592043,Maybelline,Maybelline Mascara De Pestañas Colossal Big Shot | Black
WS4592044,Valentino,Valentino Born In Roma Donna Presentación Fragancias 50 ml
WS4592045,Nina Ricci,Perfume Importado Nina Ricci Nina 30 ml Original Único
WS4592047,Chicco,Chicco Tetina Well Being 3 m+ Flujo Medio 2 Unidades
WS4592048,Danielle,Danielle Fragancia Baby Edt Con Vaporizador 100 ml
WS4592050,Palmolive,Palmolive Jabon Naturals Jazmin Y Cacao 150 gr
WS4592051,Lucy Anderson,Lucy Anderson High Definition Eye Shadow 8 gr
WS4592052,Vogue,Vogue Esmalte Fantastic 10 ml Autentica
WS4592053,Armani,Armani My Way Edp Presentación 90 ml
WS4592054,Vichy,Vichy Dermablend Base Fluido Tono 55 30 ml
WS4592055,L'Oreal Paris,Labial Líquido L'Oréal Paris Infallible Le Matte Resistance Tono 245 French Kiss
WS4592056,Ga.Ma,Afeitadora Gama 2527 gsh 5 U Set
WS4592057,Paloma Herrera,Paloma Herrera Passion Pack Edp X60 + Aer X123
WS4592058,Más Accesorios,Mas Accesorios Mas Escofina Anatomica Metal x 1 Unid Capacidad
WS4592059,Off,Off Repelente Defense Infantil en Spray 100 ml
WS4592063,Ga.Ma,Gama Italy Secador de Cabello Eolic Ion
WS4592064,Nivea,Nivea Antitranspirante Femenino black & White Invisible Fresh Spray 150 ml
WS4592065,Elizabeth Arden,Arden 5Th Avenue Edp Presentación 30 ml
WS4592066,Chicco,Chicco Mamadera Anticólicos Perfect 5 150 ml - Celeste
WS4592067,Acqua Di Vertiente,Colonia Vertiente Rosas Bulgaria x 100 ml
WS4592069,Profit,Profit Muñequera Air Sport Con Dedo Libre Talle l x 1 un
WS4592070,La Roche Posay,La Roche Posay Hyalu B5 Serum 30 ml
WS4592071,Body Care,Body Care Rodillera Abierta Cod Bc 1106 Extra Extra Large
WS4592072,Gino Bogani,Gino Bogani Fragancia Tout Blue For Men Eau de Toilette 60 ml
WS4592073,Vaseline,Balsamo Labial Lip Therapy Rosy Lips 48 .gr
WS4592075,Fascino,Fascino Brocha Esponja Blender de Rostro Color Rosa
WS4592076,Adolfo Dominguez,Adolfo Dominguez Agua Fresca Cofre Edt 120 ml + Desodorante
WS4592077,Dentifix,Dentifix Crema Adhesiva 40 G. Extra Fuerte
WS4592078,Fascino,Brush Cleanser Fascino
WS4592080,Disney,Disney Perfume Infantil Elementos 50 ml
WS4592081,Body Care,Body Care Talle l xxl
WS4592082,Nestle,Leche en Polvo Nestle Nidina Bebe 1 de 0 a 6 meses 800 gr
WS4592083,Lancome,Lancome Tresor Nuit Edp Presentación 75 ml
WS4592084,Givenchy,Givenchy L´Interdit Edp Presentación 80 ml
WS4592085,Valentino,Valentino Born In Roma Donna Intense Edp 100 ml
WS4592086,Vogue,Vogue Esmalte Efecto Gel Coleccion Amazonia Color Flora
WS4592088,Amope,Amope Plantillas Active Gel Tacos Altos (2 Unidades)
WS4592089,Maverick,Maverick Tensiómetro Aneroide Con Estetoscopio Mod- Ye6700
WS4592090,Benetton,Benetton Colors Black Edt Presentación 100 ml
WS4592091,Adolfo Dominguez,Adolfo Dominguez Agua Fresca Mimosa Coriandro EDT 120 ml
WS4592094,Valentino,Valentino Born In Roma Uomo Presentación Fragancias 50 ml
WS4592095,Tucci,Set Tucci Nero Edp x 100 ml + Body Splash x 75 ml
WS4592096,Profit,Profit Muñequera Air Sport Con Dedo Libre Talle xl x 1 un
WS4592097,Carolina Herrera,Carolina Herrera 212 Vip Men Edt Presentación 50 ml
WS4592098,Maybelline,Maybelline Esmalte Colorama Cremoso Bienestar
WS4592100,Viasek,Viasek Espuma de Higiene Íntima Ph6.8 Menopausia 75 ml
WS4592101,Bio Oil,Bio Oil Aceite Reparador de Cicatrices 60 ml
WS4592102,Fascino,Fascino Esponja Fs Cleansing Cut Hipoalergenica
WS4592103,Fascino,Fascino Brocha Fs Maquillaje Polvo Volatil
WS4592104,Valentino,Valentino Born In Roma Donna Intense Presentación Fragancias 50 ml
WS4592105,Chicco,Chicco Biberon Wellbeing Boy Flujo Ajustable 250 ml
WS4592106,Arex,Arex Mascara de Pestañas Extra Volumen Hipoalergenica Noir
WS4592107,Vogue,Vogue Base de Maquillaje Resist Color Natural
WS4592108,Maverick,Nebulizador Pistón Yuwell Maverick Máscara Adulto Ni-O 403B
WS4592109,Gramon,Metabolic Cla (60 Capsulas)
WS4592110,Risque,Risque Esmalte de Uñas Cremoso 120 capuccino
WS4592111,Arex,Arex Lapiz Retractil Ojos 444 marron__eee
WS4592112,Oral B,Oral B Kids Disney Cars Repuesto Cepillo Eléctrico x 2 Uds
WS4592114,Nivea,Nivea Crema Facial Antiarrugas Q10 Energy + Vitamina C Y E Fps 15 50 ml
WS4592115,Casasco,Factor Ae Emulsión Aloe Vera 100 ml
WS4592116,Body Care,Body Care Rodillera Bc1102e Rotuliana | Extra Large
WS4592117,Vogue,Vogue Base de Maquillaje Resist Color Sensual
WS4592118,L'Oreal Paris,Base de Maquillaje en Polvo L'Oréal Paris Infaillible Tono Rose Sand
WS4592119,Armani,Armani Si Edp Presentación 100 ml
WS4592120,Calvin Klein,Calvin Klein Ck Be Edt Presentación 200 ml
WS4592121,Tena,Tena Protectores Diarios Discreet Largo Sin Alas (15 Unidades)
WS4592122,L'Oreal Paris,Iluminador Líquido L'Oréal París Glow Mon Amour Sparkling 15 ml
WS4592124,Fascino,Fascino Fs Make Up Brochas Set x 4 animal Print 012 mhy
WS4593383,Elea,Rati Salil Crema con Cbd |Cannabidiol | 400 g
WS4593384,Vichy,Vichy Ideal Soleil Agua Protectora Solar Hidratante Fps 30 200 ml
WS4593385,Nivea,Nivea Leche Facial de Limpieza Aqua Effect Para Piel Normal 200 ml
WS4593386,Colgate,Colgate Cepillo Dental Twister Medio 3 Unidades Promo Pack
WS4593387,Biferdil,Ampolla Biferdil Para Cabellos Finos Y Desvitalizados x 20 ml
WS4595041,Avene,Avene Intense Protect Spf 50+ 150 ml
WS4595043,Corega,Adhesivos para Prótesis Dentales Ultra Corega Proteccion de Encias 40 g
WS4595044,Corega,Adhesivos para Prótesis Dentales Ultra Corega Proteccion de Encias 70 g
WS4595045,Colgate,Crema Dental Colgate Total 12 whitening x 90 gr
WS4595046,Fascino,Fascino Esponja Fs Double Blender x 1
WS4595047,Fascino,Fascino Fs Make Up Brochas Set x 5 tools Treasure
WS4595048,Natuliv,Natuliv Vitamina C Aumenta Sistema Inmunológico Por 30 comp
WS4595049,Tena,Tena Pañales Pants Clasicos (8 Unidades) m
WS4595050,Capilatis,Capilatis Shampoo Ortiga Concentrado Para Caspa 420 ml
WS4596343,Star Nutrition,Star Nutrition Platinum Whey Protein X 2Lbs Chocolate Suizo
WS4596344,Klorane,Klorane Aceite Nutritivo Mango 100 ml
WS4596345,Avene,Avene Crema de Dia Hyaluron Activ B3 Regeneracion Celular 50 ml
WS4596346,Colgate,Colgate Pasta Dental Smiles Harry Potter 75 ml
WS4596347,Maxx,Preservativos Maxx 3 en 1 | 3 unidades
WS4596348,Tena,Tena Toalla Maxi Night Discreet (10 Unidades)
WS4596349,Dermaglos,Dermaglós Gel para Cicatrices 30 g
WS4596350,Dermaglos,Dermaglós Facial Emulsión Hidratación Diaria Piel Equilibrada a Mixta
WS4596351,Maxx,Maxx Gel Lubricante Clásico 100 gr
WS4596352,Star Nutrition,Star Nutrition Whey Protein Vainilla Doypack 908G
WS4596353,Always,Always Toallas Femeninas Seca Con Alas 16 Unidades
WS4596354,Avene,Avene Crema de Noche Hyaluron Activ B3 Regeneracion Celular 40 ml
WS4596355,Maxx,GEL MAXX RELAXX FRUTOS ROJOS
WS4596356,Oral B,Oral B Cepillo Dental Iconic | 1 unidad
WS4596357,Klorane,Klorane Mascarilla Nutritiva Mango 150 ml
WS4596358,Star Nutrition,Star Nutrition Whey Protein Doypack 2 Lb 908 gr Strawberry Cream
WS4596359,Maxx,Preservativos Maxx L-Arginina
WS4596360,Avene,Avene Contorno de Ojos Hyaluron Activ B3 15 ml
WS4596361,Maxx,Maxx Gel Lubricante Lado B 30 gr
WS4596362,Corega,Corega Tabletas Limpiadoras Tabs Whitening (30 Unidades)
WS4596363,Maxx,Preservativos Maxx Espermicida (3 Unidades)
WS4596364,Dermaglos,Crema Hidratación Diaria Piel Equilibrada a Seca 50 g
WS4596365,Ena,Ena Creatina Monohidrato Micronizada 150 gr
WS4596366,Colgate,Colgate Cepillo de Dientes Infantil Harry Potter | 2 Unidades
WS4596367,Star Nutrition,Star Nutrition Whey Protein Cookies & Cream 908G
WS4596368,Avene,Avene Serum Hyaluron Activ B3 30 ml
WS4596369,Jactans,Stitch Perfume Ventana 50 ml
WS4596370,Maxx,Preservativos Maxx Super Tachas Confort X 3 Unidades
WS4596693,Plenitud,Plenitud Toalla Femme Ultra Especial Con alas - 8 Unidades
WS4597513,Simple,Simple Defensas (60 Pastillas)
WS4598801,Gillette,Maquina de Afeitar Venus Mini Care x 1 un
WS4598802,Ultra Tech,ULTRA TECH CREATINE 1 KG
WS4598803,Eximia,Eximia Gel Antioxidante 3 en 1 Hyalu C Aqua 50 g
WS4598804,Jactans,Margarita Cofre Angelhada Edt 50 ml + Body Splash 125Ml
WS4598805,Elite,Carilina Elite Soft Touch 6 Paquetes x 10 Unidades
WS4598806,Las Oreiro,Edp Oreiro Love Brava 80 ml
WS4598807,Eximia,Eximia Crema Facial Despigmentante Hyalu N 50 g
WS4598808,Rexona,Rexona Efficient Desodorante Pedico Para Pies Aerosol 175 ml
WS4598809,Banderas,Banderas Her Secret Privé Edp 80 ml
WS4598810,Jactans,Cofre Margarita Enamorhada Edt 50 ml + Body Splash 125 Ml
WS4598812,Ultra Tech,Ultra Tech Creatine Protein Bar - 50gr CHOCOLATE x1 unidad
WS4598813,Las Oreiro,Edp Oreiro Love Bombón 80 ml
WS4598814,Banderas,Banderas The Secret Privé Edp 100 ml
WS4598815,Jactans,Jactans Cofre Alegrhada Edt 50 ml + Body Splash 125 Ml
WS4598816,L'Oreal Paris,Glycolic Bright Peeling L'oréal Paris Exfoliante Anti Manchas 25ml
WS4598817,Ultra Tech,Ultra Tech Energy Gel X60gr Frutilla x1 unidad
WS4599214,Dermaglos,Crema Corporal Dermaglós Regeneración Intensiva x100g
WS4604738,Encanto,Encanto Valija Set de 2 esmaltes
WS4605145,Jactans,Stitch Beauty Kit (2 Esmaltes + Maquillaje Cremoso + Labial)
WS4605146,Encanto,Encanto Perfume Mariposa 50 ml
WS4605878,Perpiel,Perpiel Agua Micelar Bifásica 200 ml
WS4606341,Disney,Disney Perfume Infantil Princesas Edp 100 ml
WS4606598,Shakira,S By Shakira Sugar Kiss Edt 80 ml
WS4608724,Disney,Disney Perfume Infantil Cenicienta Zapato 50 ml
WS4609975,CeraVe,Cerave Protector Solar Fluido Invisible Hidratante Fps 50
WS4609976,Chanson D Eau,Chanson D Eau Edt Chanson D'eau Vanilla x 100 ml
WS4609977,Klorane,Klorane Shampoo Anticaspa Galanga x 200 ml
WS4609978,La Roche Posay,la Roche Posay Protector Solar Anthelios Stick Sport Pro Resistance Uv Fps50 10 ml
WS4609979,A-Derma,A-Derma Exomega Control Crema de Noche Reparadora 400 ml
WS4609980,La Roche Posay,la Roche Posay Gel Limpiador Purificante Effaclar 100 ml
WS4609981,Klorane,Klorane Tratamiento Anti Caspa Y Picor Galanga 100 ml
WS4609982,La Roche Posay,la Roche Posay Protector Solar Fps 50 Anthelios Uv Air 40 ml
WS4609983,Body Care,Body Care Talle l S
WS4609984,CeraVe,Cerave Protector Solar Fluido Invisible Oil Control Fps 50
WS4609985,Avene,Gel Exfoliante Avene 50 ml
WS4609986,La Roche Posay,La Roche-posay Protector Solar Anthelios Family Spray Spf50 | 300 Ml
WS4609987,Ducray,Ducray Shampoo Anticaida Cronica Anaphase x 400 ml
WS4609988,Nautica,Nautica Voyage Edt 100 ml
WS4609989,CeraVe,Cerave Protector Solar Invisible Stick para Rostro Y Labios Fps 50
WS4609990,Ducray,Ducray Shampoo Anticaida Reactiva Anaphase 200 ml
WS4609991,David Beckham,David Beckham Bold Instinct Edp Tamaño 75 ml
WS4609992,Nutrilon,Nutrilon Fórmula Láctea Profutura en Polvo Para Lactantes Etapa 4 (Brick 200 ml)
WS4609993,CeraVe,Cerave Protector Solar Hidrantante Invisible Fps 30 177 ml
WS4609994,David Beckham,David Beckham Collection E Leather Edp 100 ml
WS4609995,Petit Enfant,Petit Enfant Estuche (Agua Azahar + Polvo + Jabon)
WS4609996,Ducray,Ducray Shampoo Anticaida Reactiva Anaphase 400 ml
WS4609997,Chanson D Eau,Chanson D Eau Edt Chanson D'eau Jasmine x 100 ml
WS4609998,Avene,Avene Crema Calmante Contorno de Ojos 15 ml
WS4609999,La Roche Posay,la Roche Posay Protector Solar Anthelios Locion Sport Uv Fps 50 200 ml
WS4610000,CeraVe,Cerave Protector Solar Locion Hidratante Invisible Fps 50 177 ml
WS4610001,Ultra Tech,ULTRA TECH DUBAI PROTEIN BAR 46G CHOC DUBAI X1u
WS4610002,David Beckham,David Beckham Collection Bot Resin Edp 100 ml
WS4611282,Vogue,Base de Maquillaje Vogue Mate Natural Tono Petalo
WS4611283,Vogue,Base de Maquillaje Vogue Mate Natural Tono Champan
WS4611284,Vogue,Base de Maquillaje Vogue Mate Natural Tono Capuccino
WS4611285,Framingham Pharma,Vitamet B12 Metilcobalamina | 30 comprimidos | Vitamina B12
WS4611286,Framingham Pharma,Vitamet B9 Metilfolato | 30 comprimidos | Vitamina B9 Metilada
WS4611287,Vogue,Base de Maquillaje Vogue Mate Natural Tono Crema
WS4613017,Body Care,Body Care Talle l S
WS4614757,Garnier,Combo Skin Garnier Vit C
WS4614759,Garnier,Combo Vitamina C
WS4616336,Body Care,Body Care Talle l
WS4616337,Body Care,Body Care Talle 2 | L
WS4616338,Body Care,Body Care Talle l xxl
WS4616339,Body Care,Body Care Talle l xl
WS4618977,Elvive,Combo Collagen Lifter
WS4619307,L'Oreal Paris,Combo Loreal Glycolight Bright
WS4619797,Dermaglos,Crema Dermaglós para Manos Hidratación Esencial 50g
WS4619798,Star Nutrition,Star Nutrition Whey Protein Doypack 2 Lb 908 gr Cookies & Cream
WS4620295,Ultra Tech,Ultra Tech Suplemento Dietario Creatina Monohidrato x 300 gr
WS4622025,Ultra Tech,ULTRA TECH LIQUID ENERGY GEL CON CAFEÍNA X60G VAINILLA X 1 UNIDAD
WS4622026,Ultra Tech,Ultra Tech Protein Bar Sabor Banana x 50 gr
WS4622027,Ultra Tech,ULTRA TECH ENERGY GEL CON CAFEÍNA X 32G VAINILLA X 1 UNIDAD
WS4622028,Ultra Tech,ULTRA TECH ENERGY GEL AMINO CON CAFEÍNA X32G MANZANA X 1U
WS4622029,Ultra Tech,ULTRA TECH CYC & RUN PROTEIN + ENERGY BAR - 46G CHOC BROWNIE X 1 UNIDAD
WS4622030,Ultra Tech,ULTRA TECH ENERGY GELX 32G FRUTILLA X 1 UNIDAD
WS4622031,Ultra Tech,ULTRA TECH ENERGY GEL AMINO CON CAFEÍNA X32G VAINILLA X1 UNIDAD
WS4622032,Ultra Tech,ULTRA TECH ENERGY GEL AMINO X32G FRUTILLA X 1 UNIDAD
WS4622033,Ultra Tech,ULTRA TECH LIQUID ENERGY GEL CON CAFEÍNA X60 G ARÁNDANO X1 UNIDAD
WS4622034,Ultra Tech,Ultra Tech Protein Bar Sabor Chocolate x 50 gr
WS4622035,Ultra Tech,ULTRA TECH ENERGY GEL X32G FRUTOS ROJOS X 1 UNIDAD
WS4622036,Ultra Tech,ULTRA TECH ENERGY GEL AMINO X32G FRUTOS ROJOS X 1 UNIDAD
WS4622037,Ultra Tech,Suplemento Dietario Ultra Tech Protein Bar Fat Burner x 46 gr
WS4622038,Ultra Tech,ULTRA TECH ENERGY GEL CON CAFEÍNA X 32G ARÁNDANO X1UNIDAD
WS4622039,Ultra Tech,ULTRA TECH ENERGY GEL CON CAFEÍNA X60G MANZANA X1 UNIDAD
WS4622040,Ultra Tech,ULTRA TECH ENERGY GEL X60G FRUTOS ROJOS X1 UNIDAD
WS4622041,Ultra Tech,ULTRA TECH ENERGY GEL AMINO CON CAFEÍNA X32G SABOR ARÁNDANO X1 UNIDAD
WS4622042,Ultra Tech,ULTRA TECH ENERGY GEL CON CAFEÍNA X32g MANZANA X1 UNIDAD
WS4622043,Ultra Tech,ULTRA TECH LIQUID ENERGY GEL X60g MANGO X1 UNIDAD
WS4640373,Fortbenton,Bioqueratin comp x60
WS4640652,Star Nutrition,Star Nutrition Creatina Monohidratada en Pote de 150 gr
WS4640653,Star Nutrition,Star Nutrition Suplemento en polvo Creatina 100% Pura 300 Gr
WS4642345,Sagrada Madre,Sagrada Madre Sahumerio en Cono Citronella
WS4642346,Chicco,Cepillo Chicco Lavapachas 3 en 1
WS4642347,Revlon,Revlon Mascara de Pestañas So Fierce Blackest Black
WS4642348,Keep,KEEP TERMO COFFE MUG 592 ML
WS4642349,Revlon,Revlon Colorstay Lipliner Reno
WS4642350,Revlon,Esmalte de Uñas Revlon Ultra Hd Snap x 8 ml 024 So Shady
WS4645022,Dove,Crema Corporal Dove Belleza Piel Normal x 75 ml
WS4645023,Dove,Dove Serum Corporal Glicolico 400 ml
WS4645025,Chicco,Mamadera Natural Feeling Chicco Flujo Lento Rosa x 150 ml
WS4645026,Basicare,Basiccare Signature Brocha Punta Sesgo Al Ras Para Rubor Sin Presentacion
WS4645027,Chicco,Chicco Gel de Baño Espumoso Frutilla 300 ml
WS4645029,Chicco,Chicco Pezoneras Protectoras de Silicona Skin To Skin 1 Par
WS4645030,Chicco,Chicco Tetina Natural Feeling 4 m+ Flujo Regular 2 Unidades.
WS4645031,Vaseline,Vaseline Gel Protector Vp Jelly Aloe Frasco 50 ml
WS4645033,Acf By Dadatina,Acf By Dadatina Tratamiento Facial S.O.S Acido Azelaico x 30 gr
WS4645034,Vaseline,VASELINE LIP CLR&CR MC GRPFRT
WS4645035,Chicco,Chicco Gel de Baño Espumoso Sandia 300 ml
WS4645036,Chicco,Mamadera Natural Feeling Chicco Flujo Lento Celeste x 150 ml
WS4645037,Vaseline,Vaseline Balsamo Labial Lip Emily In Parisian Pink
WS4645038,Cetaphil,Cetaphil Bálsamo Multi-Reparador 50 ml
WS4645039,Fascino,Fascino Arqueador de Pestañas Mini Con Repuesto
WS4645040,Avent,AVENT SET BIENVENIDA BEBE NATURAL
WS4645041,Chicco,Chicco Cepillo Y Peine Cerda Natural Rosa
WS4645042,Vaseline,VASELINE LIP COLOR+CARE ROSE
WS4645043,Chicco,Chicco Shampoo Y Acondicionador 2 En 1 Sandia 250 ml
WS4645045,Cetaphil,Cetaphil Skin Activator Crema Hidratante Reafirmante 340 gr
WS4645046,Fascino,Fascino Arqueador de Pestañas Negro 11 cm
WS4645047,Fascino,Fascino Sacapunta Fs Para Maquillaje
WS4645048,Dove,Crema Ultra Humectante Multiuso Men Care 75 ml
WS4645050,Acf By Dadatina,Acf By Dadatina Tratamiento Diurno Concentrado C10 con Vitamina C
WS4645051,Chicco,Chicco Cepillo Y Peine Cerda Natural Celeste
WS4645052,Vaseline,VASELINE LIP COLOR+CARE CORL
WS4645053,Chicco,Chicco Agua Perfumada en Aerosol Vainilla x 150 ml
WS4645054,Dove,Crema Corporal Dove Nutrtiva Piel Seca x 75 ml
WS4645055,Chicco,Chicco Bolsas de Almacenamiento de Leche Materna X30u.
WS4645056,Chicco,Chicco Espuma para Cabello Y Cuerpo Vainilla 200 ml
WS4645057,Blumi,BLUMI SET BROCHES CAREY Y NEGRO
WS4645058,Vaseline,Vaseline Gel Protector Vp Jelly Baby Frasco 100 ml
WS4645059,Vaseline,Gel de Vaselina Vaseline Cocoa Butter x 42 g
WS4645061,Blumi,BLUMI GOMITAS ELASTICAS NEGRO
WS4645273,Carolina Herrera,Carolina Herrera Fragancia 212 homme Edt For Men 100 ml
WS4646577,Elvive,Combo Collagen Lifter 400ml + Crema de tratamiento
WS4646578,Elvive,Combo Collagen Lifter 400ml + Crema de peinar
WS4657768,Vichy,Vichy Protector Solar Soleil Uv Aqua Fluido Invisible Hidratante Fps 50
WS4657769,Vogue,Vogue Esmalte Efecto Gel 14 ml Paz
WS4657770,Vichy,Vichy Protector Solar Soleil Uv Aqua Stick Invisible Fps 50
WS4657771,Vichy,Vichy Ideal Soleil Leche Autobronceante Cuerpo 100 ml
WS4657772,Vichy,Vichy Protector Solar Soleil Uv Aqua Fluido Hidratante con Color Fps 50 Light
WS4657773,Vichy,Vichy Capital Soleil Uv Age Fps 50 40 ml
WS4657774,Vichy,Vichy Protector Solar Soleil Uv Aqua Fluido Hidratante con Color Fps 50 Medium
WS4658739,Ultra Tech,Combo Ultra Tech x4 geles
WS4659854,Más Accesorios,MAS ACCESORIOS 224 ESPONJA MASAJE
WS4659855,Valca,VALCA LOCION ANTICAIDA CAPILAR X80 ML
WS4659856,Lucy Anderson,LUCY ANDERSON BODY SPLASH PITANGA X220 ML
WS4659857,Valca,VALCA SHAMPOO ANTICAIDA CAPILAR X200 ML
WS4659858,La Roche Posay,La Roche Posay Anthelios Bruma de Rostro Toque Seco Fps 50
WS4661406,Ultra Tech,Combo Creatina + Barras Proteica
WS4661409,Ultra Tech,Combo Creatina + Gel Energy
WS4661410,Ultra Tech,Combos Geles Energy x8
WS4661414,Ultra Tech,Combo Barras Protein
WS4662801,Acf By Dadatina,Acf By Dadatina Balsamo Labial Peptilab
WS4662802,Glow Accesorios,GLOW ACC LIMAS SET X 3 LM-003
WS4662804,Nic,Mascara Facial Recovery Nic After Party 2 Aplicaciones
WS4662806,Rexona,Rexona Desodorante Roll On W Power Dry 50 ml
WS4662808,Glow Accesorios,PERFUMERÍA-GLOW ACC.-GLOW SET TIJERA + PINZA DE DEPILAR PZ-005
WS4662809,Acf By Dadatina,Barra Anti Rozamiento Acf By Dadatina x 40 g
WS4662810,Nic,Nic Activador Y Humidificador Amo Mis Rulos 285 ml
WS4662811,Glow Accesorios,GLOW ACC SET ESTUCHE MANICURA X 6 SM-002
WS4662812,Glow Accesorios,GLOW ACC CEPILLO REDONDO GRIP CP-014
WS4662813,Glow Accesorios,GLOW ACC CEPILLO ARANA CP-003
WS4662814,Glow Accesorios,GLOW ACC GLOW ESPONJAS MAQUILLAJE X3 CS-005
WS4662815,Glow Accesorios,GLOW ACC CEPILLO MADERA RECTANGULAR CP-006
WS4662816,Acf By Dadatina,Acf By Dadatina Set Fortaleza Am/Pm (Crema + Recarga + Neceser)
WS4662817,Nic,Nic Máscara Facial Kit Noche Random Leche Desmaquillante+ Máscara Hidratante
WS4662818,Glow Accesorios,GLOW ACC PIEDRA POMEZ PD-003
WS4662819,Glow Accesorios,GLOW ACC ARQUEADOR DE PESTANAS ARQ-001
WS4662820,Glow Accesorios,GLOW ACC CEPILLO RECTANGULAR GRIP CP-011
WS4662821,Glow Accesorios,GLOW ACC PINZAS DE DEPILAR X 4 PZ-002
WS4662822,Glow Accesorios,GLOW ACC CORTAUNAS BEBE + LIMA CU-003
WS4662824,Nic,Nic Cera Capilar en Barra Pony Stick 20 gr
WS4662825,Glow Accesorios,GLOW ACC SET PINZAS DEPILAR X 2 PZ-001
WS4662826,Glow Accesorios,GLOW ACC KIT IMPUREZAS FACIALES KI-001
WS4662827,Glow Accesorios,GLOW ACC CEPILLO TERMICO MEDIANO CP-015
WS4662828,Glow Accesorios,GLOW ACC GORRO DE DUCHA GD-001
WS4662830,Nic,Nic Crema Tratamiento Kids Desen-Re2 245 ml
WS4662831,Nic,Nic Acondicionador Desen-Ready 210 ml
WS4662832,Glow Accesorios,GLOW ACC SET DE VIAJE FRASCOS X 5 SV-001
WS4662833,Glow Accesorios,GLOW ACC CEPILLO AHUECADO CP-004
WS4662834,Glow Accesorios,GLOW ACC PEINE FINO DOBLE PE-001
WS4662835,Glow Accesorios,GLOW ACC ESPONJAS LIMPIEZA FACIAL X2 CS-006
WS4662836,Nic,Nic Máscara Facial Get Ready With Me Máscara Detox+ Iluminadora
WS4662837,Glow Accesorios,GLOW ACC LIMA DE UNAS X2 LM-005
WS4662838,Nic,Nic Frizzmineitor Reparador Antifrizz 200 ml
WS4662841,Glow Accesorios,GLOW ACC CISNE MAQUILLAJE X2 GD-001
WS4662842,Glow Accesorios,GLOW ACC CISNE MAQUILLAJE X3 CS-001
WS4662843,Glow Accesorios,GLOW ACC PINZA DE DEPILAR + REMOVEDOR PZ-003
WS4662844,Acf By Dadatina,Acf Refill Crema Contorno de Ojos Energía By Dadatina 15 gr
WS4662845,Glow Accesorios,GLOW ACC TIJERA PUNTA CURVA TJ-001
WS4662846,Glow Accesorios,GLOW ACC ESCOFINA METALICA PEDICURIA PD-001
WS4662847,Nic,Nic Rutina Best 4 Ever
WS4662848,Glow Accesorios,GLOW ACC CEPILLO TERMICO GRANDE CP-016
WS4662849,Glow Accesorios,GLOW ACC CEPILLO NEUMATICO OVAL CP-001
WS4662850,Glow Accesorios,GLOW ACC PEINE CON MANGO PE-002
WS4662851,ACF,Acf Mascara Shock Reafirmante Triple Acción
WS4662852,Nic,Nic Máscara Capilar a Brillar Mi Amor 250 gr
WS4662853,Glow Accesorios,GLOW ACC SET DE VIAJE FLEXIBLES X 3 SV-002
WS4662854,Glow Accesorios,GLOW ACC CEPILLO OVAL GRIP CP-012
WS4662855,Acf By Dadatina,Acf By Dadatina Máscara de Arcilla Con Manteca de Karité 30 ml
WS4662856,Glow Accesorios,GLOW ACC ESPONJA MAQUILLAJE X1 CS-004
WS4662857,Glow Accesorios,GLOW ACC LIMAS SET X 2 LM-002
WS4662858,Glow Accesorios,GLOW ACC CISNE GOTA X 1 CS-003
WS4662859,Glow Accesorios,GLOW ACC KIT MANICURA X4 KM-001
WS4662861,Glow Accesorios,GLOW ACC PINZA DE DEPILAR PUNTA RECTA PZ-004
WS4662862,Glow Accesorios,GLOW ACC ESCOFINA MULTIUSO PD-002
WS4662863,Glow Accesorios,GLOW ACC SET MANICURA X 4 SM-001
WS4662864,Glow Accesorios,GLOW ACC SET LIMAS ANIMALITOS X4 LM-006
WS4662865,ACF,Acf Mascara Facial Shcock Malbec Hidraskin
WS4662866,Glow Accesorios,GLOW ACC PEINE RECTO PE-003
WS4662867,Nic,Nic Mascara Restauradora Re Viviendo 250 ml
WS4662868,Glow Accesorios,GLOW ACC LIMA DOBLE (100/180) LM-004
WS4662869,Rexona,Rexona Antitranspirante Mujer Invisible 150 ml
WS4662870,Glow Accesorios,GLOW ACC CEPILLO NEUMATICO LUX RECTANGULAR CP-002
WS4662871,Glow Accesorios,GLOW ACC SET CORTA UÑAS X2 (GRANDE + CHICO) CU-001
WS4662872,Glow Accesorios,GLOW ACC CEPILLO DETANGLER CP-017
WS4662874,Glow Accesorios,GLOW ACC CEPILLO MADERA OVAL CP-005
WS4662875,Acf By Dadatina,Acf By Dadatina Aceite Limpiador By Dadatina 115 ml
WS4665734,Cetaphil,Pack x2 Cetaphil Balsamo Multi Reparador x50ml
WS4665735,Cetaphil,Pack x 2 Cetaphil Crema Hidratante Reafirmante Corporal x 340 Ml
WS4665736,Cetaphil,Rutina Cetaphil Corporal Reparadora
WS4665737,Cetaphil,Rutina Cetaphil Corporal Hidratante Reafirmante
WS4665739,Cetaphil,Combo Cetaphil Loción Limpiadora y Crema Hidratante Corporal
WS4666193,Nivea,Bálsamo Lip Glow Nivea x 10 ml
WS4666194,Nivea,Nivea Desodorante Antitranspirante Femenino Protect & Care Roll On 50 ml
WS4666195,Nivea,Bálsamo Labial Nivea Edición Limitada Bridgerton Rose Meringue
WS4666196,Nivea,Protector Solar Nivea Sun Protect & Hydrate Invisible Finish Fps 50 150 ml
WS4666197,Groomen,Groomen 300 Repuestos x 2
WS4666198,Nivea,Nivea Bálsamo Labial Lip Care Bridgerton Sophie & Benedict Vanilla Biscuit
WS4666199,Nivea,Bálsamo Labial Nivea Edición Limitada Bridgerton Peach Tea
WS4666200,Nivea,Nivea Antitranspirante Invisible Black & White Spray For Men 150 ml
WS4666201,Nivea,Nivea Sun Ultra Light Daily Fluid Tono Claro Fps 50+ x 40 ml
WS4666202,Nivea,"Protector Labial Nivea Sun Protect Fps 30 x 4,8 g"
WS4666203,Nivea,Toallitas Desmaquillantes Nivea Rose Care | 25 Unidades
WS4666204,Nivea,Protector Solar Nivea Sun Play Kids Trigger Fps 60+ 270 ml
WS4667977,Avene,Avene Serum Exfoliante Cleanance 30 ml
WS4667979,Avene,Avene Crema Nutritiva Revitalizante 40 ml
WS4667984,Framingham Pharma,Telomerina con Nad+ | 60 Cápsulas
WS4668000,azufrote,Azufre en canutos 5 unidades AZUFROTE
WS4668002,Garnier,Spray Alisador Liso Diamante Garnier Fructis 150 ml
WS4668005,Framingham Pharma,Ampk Protein Batido Sabor Frutilla x 330 ml
WS4669418,Maybelline,Delineador de Ojos Maybelline Sculpting Stix 2 en 1 Diffused Mocha Contour 14
WS4669419,Sueños de Fan,SUEÑOS DE FAN EDT (10) LIONEL MESSI
WS4669420,Elizabeth Arden,Arden Sunflowers Edt Presentación 100 ml
WS4669421,Sueños de Fan,SUEÑOS DE FAN EDT (43) FRANCO COLAP.
WS4669422,Milo Lockett,MILO LOCKETT EDP IRUPE X 100ML
WS4669423,La Roche Posay,La Roche Posay Serum Pure Vitamin C10 30 ml
WS4669424,Dermo Vagisil,Vagisil Crema Vaginal Para Uso Intimo Por 15 gr
WS4669425,L'Oreal Paris,Sombras Quad Rendez-Vous Couleur L´Oreal Paris Winter a Saint-Germain-Des-Prés
WS4669426,L'Oreal Paris,Haute Couleur L´Oreal Paris Lapiz de Ojos Tono Brown Leather
WS4669427,Maybelline,Delineador de Ojos Maybelline Sculpting Stix 2 en 1 Hazy Taupe 012
WS4669429,Ferrini,Ferrini Jabon Liquido para Manos Nutricion Profunda 250 ml
WS4669430,L'Oreal Paris,Sombras Quad Rendez-Vous Couleur L´Oreal Paris Spring Dans le Marais
WS4669431,Maybelline,Delineador de Ojos Maybelline Sculpting Stix 2 en 1 Black Blur 016
WS4669433,Ferrini,Ferrini Jabon Liquido para Manos Exfoliante 250 ml
WS4669434,Sueños de Fan,SUEÑOS DE FAN EDT (23) DIBU MARTINEZ
WS4669435,Maybelline,Máscara de Pestañas Maybelline Lash Sensational Body Very Black Waterproof
WS4669436,Milo Lockett,MILO LOCKETT EDP MARIO X 100ML
WS4669437,L'Oreal Paris,Sombras Quad Rendez-Vous Couleur L´Oreal Paris Summer Sur la Seine
WS4669438,Maybelline,Máscara de Pestañas Maybelline Lash Sensational Body Very Black Washable
WS4669439,Sueños de Fan,SUEÑOS DE FAN EDT JULIAN ALVAREZ
WS4669440,Milo Lockett,MILO LOCKETT EDP GLORIA X 100ML
WS4669441,Vitamin Way,Vitamin Way Suplemento Nutricional Multivitamínico Energía (30 Cápsulas)
WS4669442,L'Oreal Paris,Sombras Quad Rendez-Vous Couleur L´Oreal Paris Atumn a Montmartre
WS4669443,L'Oreal Paris,Haute Couleur L´Oreal Paris Lapiz de Ojos Tono Black Silk
WS4669726,Elvive,Elvive Shampoo Kera Liso Brillo y sedosidad 200 ml.
WS4669727,Elvive,Acondicionador Elvive Dream Long Liss 200 ml
WS4670586,Wellington Polo Club,Wellington Polo Club Pack Wellington Shine Ruby Elixir + Desodorante + Tote Bag
WS4670587,Yves Saint Laurent,Yves Saint Laurent Myslf Le Parfum Presentación Fragancias 60 ml
WS4670588,Yves Saint Laurent,Yves Saint Laurent Libre Florale Edp Presentación 30 ml
WS4670589,Star Nutrition,L-Glutamine 100% Micronizada 300 Grs
WS4670590,Dove,Dove Serum Corporal Intense Hialuronico 450 gr
WS4670591,Fixodent,Fixodent Adhesivo Para Protesis Dental Original 21 Gr
WS4670592,Lisfar,Lisfar Care Botiquín Primeros Auxilios
WS4670593,Rexona,Rexona Antitranspirante en Crema Clinical Woman Classic 58 gr
WS4670594,Yves Saint Laurent,Yves Saint Laurent Libre Florale Edp Presentación 50 ml
WS4670595,Rabanne,Rabanne Million Gold Elixir Parfum Intense Tamaño 100 ml
WS4670597,Yves Saint Laurent,Yves Saint Laurent Libre Florale Edp Presentación 90 ml
WS4670598,Fixodent,Fixodent Adhesivo Para Protesis Dental Original 39 Gr
WS4670599,Dove,Dove Serum Corporal Intense Niacinamida 450 gr
WS4670600,Star Nutrition,L-Glutamine 100% Micronizada 150 Grs
WS4670601,Sarkany,Sarkany Fragancia Why Not Magnetic para Mujer 100 ml
WS4670602,Rabanne,Rabanne Million Gold Elixir Parfum Intense Tamaño 50 ml
WS4670603,Fixodent,Fixodent Adhesivo Para Protesis Dental Original 68 Gr
WS4670604,Wellington Polo Club,WELLINGTON BOLSO SHINE GOLDEN ROSE EDP
WS4670605,Colgate,Colgate Crema Dental Total 12 clean Mint 90 gr
WS4670606,Dove,Dove Serum Corporal Intense Pro Retinol 450 g
WS4670607,Rexona,Rexona Antitranspirante en Crema Clinical Men Clean 58 gr
WS4670608,Tena,Tena Protectores Diarios Sin Alas Natural Care (15 Unidades)
WS4670609,Sarkany,Sarkany Fragancia Why Not Magnetic para Hombre 100 ml
WS4670610,Banderas,Edt Antonio Banderas King Of Seduction Absolute x 200 ml
WS4670611,Sensodyne,Sensodyne Cepillo Dental Multi Protection Soft
WS4670612,Dentifix,Dentifix Polvo Adhesivo 20 G
WS4670613,Yves Saint Laurent,Yves Saint Laurent Myslf Le Parfum Presentación Fragancias 100 ml
WS4670614,Oral B,Oral B Crema Dental Extra Blanco Carbon 70 gr
WS4670615,Dove,Desodorante Antitranspirante Dove Men Care Cuidado Total 150 ml
WS4670616,Bellissima,BELLISIMA SECADOR DC K9 2600 C/ACCESORIOS
WS4670617,Just For Men,Shampoo Y Acondicionador Just For Men Control Gx 2 en 1 118 ml
WS4670618,Banderas,Banderas King Of Seduction Absolute Edt 50 ml
WS4671670,Apper,Apper Organizador de Pastillas Semanal
WS4671673,Carolina Herrera,Carolina Herrera Bad Boy Cobalt Elixir Edp | 100 Ml
WS4671674,Jean Paul Gaultier,Jean Paul Gaultier Scandal Edp Presentación 80 ml
WS4671675,La Roche Posay,La Roche Posay Gel Lipikar Lavant Refill 400 ml
WS4671676,Dr Uze,Dr Uze Peine Antipediculosis Max
WS4671678,La Roche Posay,La Roche Posay Hydraphase Ha Legere 72h Hidratante Piel Normal A Seca 40ml
WS4671679,Sally Hansen,"Esmalte de Uñas Sally Hansen Insta-Dri Secado Rápido x 9,17 ml 243 It Snappy"
WS4671684,Disney,Disney Labial Frozen Ii
WS4671685,Prime,Preservativo de Látex Prime Hiper Fino x 6 un
WS4671686,Atom-Protect,Atom-Protect Tapaboca Higiénico
WS4671687,Jeanne Arthes Paris,Jeanne Arthes Paris Tea Time a Paris Macaron Amande Edp 100 ml
WS4671692,Sarkany,Sarkany Neceser Why Not Excess (Edp 100 ml + Body Splash 75 Ml)
WS4671694,Lenox,Lenox Separador Doble
WS4671695,Nosotras,Nosotras Tampon Digital Regular 16 Unid
WS4671696,Lattafa,Lattafa Asad Elixir Edp 100 ml
WS4671697,Colgate,Colgate Gel Max White Crystal Mint 100 ml
WS4671699,Petit Enfant,Petit Enfant Shampoo Neutro 0 a 1 Año Ecopack 400 ml
WS4671700,Boos,Edt Boos Black x 100 ml + Desodoreante en Aerosol x 150 ml
WS4671701,Kevingston,Kevingston Estuche 32 Rojo (Edt 50 ml + Deo) Presentación (Ml) 50 ml
WS4671704,Calvin Klein,Calvin Klein Elixir Solar Euforia 100 ml
WS4671706,Lisfar,Lisfar Parche Oculares Adultos 20 Unidades
WS4671707,Silfab,Silfab Gel Frío Y Calor Multiuso Corto. 5001 mb
WS4671708,Lenox,Lenox Protector Pads Para Juanetes (6 Unidades) Unico
WS4671709,Tena,Tena Toalla Maxi Night Discreet (30 Unidades)
WS4671712,Jeanne Arthes Paris,Jeanne Arthes Paris Romantic Lover Edp 100 ml
WS4671713,Colibrí,Colibri Anilina En Frío Marron Oscuro X20gr
WS4671714,Baby Innovation,Baby Innovation Tijera Con Puntas Redondeadas
WS4671715,Jactans,Stitch Perfume Lata Baja Angel 50 ml
WS4671716,Avene,Avene Crema Hidratante Hydrance Spf30 40 ml
WS4671717,Oral B,Oral B Crema Dental Kids Mickey
WS4671719,Klorane,Klorane Shampo Matizante Centaurea Para Reflejos Canosos 200 ml
WS4671720,Carolina Herrera,Carolina Herrera Ch la Bomba Edp 50 ml
WS4671721,Herbal Essences,Perfume Capilar Herbal Essences 90 ml
WS4671722,Cher,Cher Body Splash Dieciocho Glossy 135 ml
WS4671723,La Pasionaria,La Pasionaria Desodorante en Aerosol Historias 4 x 123 ml
WS4671728,Prime,Prime Preservativo Skyn Elite (6 Unidades)
WS4671729,Franklin,Franklin Termómetro Digital Infrarrojo Hz10
WS4671734,Sally Hansen,"Esmalte Para Uñas Sally Hansen Color Therapy x 14,7 ml Color 453 Serene Green"
WS4671739,Lenox,Lenox Separador de Dedos Universal
WS4671742,Isdin,Isdinceutics Essential Scrub 100 g
WS4671746,Paula Cahen D'Anvers,Paula Cahen D'anvers Pack Paula Edt 100 ml + Desodorante 123 Ml
WS4671747,Bensimon,Set Bensimon Blue Edp 100 ml + Cool Spray 50 ml
WS4671748,Jactans,Disney Esmalte Rapunzel Violeta Con Glitter
WS4671749,Pampers,Pampers Toallitas Humedas Higiene Completa (48 Unidades)
WS4671750,Pura Soap,Spray Pura Soap Herbal Lavanda x 75 g
WS4671751,Curaprox,Curaprox Cepillo Interdental Cps 06-011 Prime Handy Blue
WS4671752,Cher,Cofre Cher Mix Body Mist Salted Caramel 125 ml + Buttercream 150 Gr
WS4671753,Vitamin Way,Vitamin Way Suplemento Dietario Ginseng + Guarana (60 Cápsulas)
WS4671755,Jactans,K-Pop Perfume Huntrix Frasco Armani 50 ml
WS4671756,Lenox,Lenox Chico N° 1 S
WS4671757,Colgate,Colgate Plax Enjuague Bucal Total 12 clean Mint 60 ml
WS4671758,Lucy Anderson,Lucy Anderson Eau de Cologne Provocative 200 ml
WS4671759,Omron,Omron Tensiómetro digital de brazo HEM-7146-E
WS4671760,Dove,Dove Antitraspirante Men Energy Boost 89 gr
WS4671761,Fave,Fave Venda Enyesada N° 10 4 metros Fraguado Rápido 1 Unidad Único
WS4671763,Shakira,Shakira Dance Midnight Glam Edt Edición Limitada Edt 80 ml
WS4671765,Artez Westerley,Artez Westerley Base Oculta Manchas 049 nogal
WS4671767,Rexona,Jabón Rexona Fútbol Fanatics x 120 g
WS4671769,Nivea,Bálsamo Labial Nivea Edición Limitada Disney Moana x 4.8 g
WS4671771,Gum,Gum Cepillo de Dientes Bob Esponja (2 Unidades)
WS4671775,Burgues,Burgues Desodorante Aerosol Montaigne 56 For Men 160 ml
WS4671776,Nosotras,Nosotras Toalla Larga Tela Extra Suave (16 Unidades)
WS4671778,Old Spice,Desodorante Antitranspirante Old Spice Dragon Blast x 50 g
WS4671781,Pantene,Acondicionador Pantene Pro-V Miracles Equilibrio x 200 ml
WS4671790,Armani,Armani Code Men Edp 125 ml Tamaño 125 ml
WS4671792,Duracell,Duracell Pila Mediana C (2 Unidades)
WS4671793,La Pasionaria,la Pasionaria Fragancia Historias 3 Edp 50 ml
WS4671794,Pantene,Pantene Acondicionador Pro-V Miracles Hidrata Y Fortalece 200 ml
WS4671795,Gum,Gum Cepillo Dental Miraculus Ladybug Timer Light (2 Unidades)
WS4671796,Nivea,Bálsamo Labial Nivea Edición Limitada Pride Kiss x 4.8 g
WS4671797,Comodin,Comodin Pañales Adulto Clasico g (10 Unidades)
WS4671798,Banderas,Set Edt Banderas The Icon x 100 ml + Desodorante x 150 ml
WS4671800,Comodin,Comodin Ropa Interior Adulto Descartable (8 Unidades) Talle G/Xg
WS4671801,Lisfar,Lisfar Tapon Oido Amasable (6 Unidades)
WS4671805,Silfab,Silfab Gel Frío Y Calor Multiuso Largo. 0021 mb
WS4671809,Cutex,Cutex Esmalte de Uñas Wine Collection | Color Cabernet
WS4671810,Fave,Fave Venda Ovata N15 1 Unidad 15 cm x 3 mts Único
WS4671813,Maybelline,Corrector Maybelline Fit Me Spot Rescue Tono 15
WS4671815,Carolina Herrera,Carolina Herrera Cofre Fragancia 212 Vip Black For Men (Edt 100 ml + Shower Gel) Estuches
WS4671816,Otosan,Otosan Tapon Para Oido Niños
WS4671817,47 Street,47 Street Fragancia Aura Edt x 50 ml
WS4671818,Capilatis,Capilatis Shampoo Ortiga Concentrado Para Cabellos Secos 420 ml
WS4671823,Lenox,Lenox Pads Ojos de Gallo x 6 Unid
WS4671824,Aller Atucha,Atucha Pera de Goma Jeringa Para Enema N°8
WS4671825,Atom-Protect,Mascarilla Atom-Protect Social Black
WS4671826,Head & Shoulders,Shampoo Head & Shoulders Romero Anti Caida 375 ml
WS4671829,Klorane,Klorane Shampoo Camomille 200 ml
WS4671831,Ga.Ma,Ga.Ma Italy Rizador Waver & Brush Keration
WS4671839,Baby Innovation,Baby Innovation Tapa Enchufes
WS4671842,Vitamin Way,Vitamin Way Suplemento Dietario Vitamina D (30 Cápsulas)
WS4671849,Atma,Atma Set Kit Secador de Pelo + Planchita de Pelo Ck4010n
WS4671850,Tascani,Tascani Necesser Actitud For Men Edp 100 ml + Necesser
WS4671851,Hipoalergic,Tiras Adhesivas de Sutura Hipoalergic Strip 6 mm x 100 mm (caja x 10 unidades)
WS4671853,Boos,Set Edp Boos Intense Signature x 90 ml + Botella Térmica
WS4671854,Sally Hansen,"Esmalte Para Uñas Sally Hansen Color Therapy x 14,7 ml Color Confident Queen"
WS4671855,Procer,Procer Muñequera l
WS4671856,Jean Paul Gaultier,Jean Paul Gaultier Gaultier Divine Edp Presentación Fragancias 100 ml
WS4671860,Boos,Boos Pack Intense Attraction Fem (Edp 90 ml + Deo 127 ml)
WS4671862,La Pasionaria,La Pasionaria Fragancia Historias 6 Edp 50 ml
WS4671865,Issue,Issue Shampoo Color Express 5 min Rubio Claro
WS4671869,Procer,Procer Venda Elástica Deportiva De Algodón 11 Cm 1 Uni
WS4671872,Colgate,Cepillo de Dientes Colgate Brilliantstar White | 2 unidades
WS4671878,Plenitud,Plenitud Toalla Femme Ultra - 40 Unidades
WS4671879,Procer,Procer Talle S m
WS4671880,Body Care,Body Care Tobillera Frio-Calor Thermic Gel Pro
WS4671881,Pura Soap,Crema Corporal Vegetal Pura Soap Coco x 300 ml
WS4671882,Rexona,Rexona Xtra Cool Antitranspirante Hombre x 150 ml
WS4671883,Atom-Protect,Barbijo Atom Protect Conicet Niños (De 10 a 12 Años)
WS4671884,Nivea,Nivea Crema Facial 5 en 1 Cuidado Limpiadora Para Todo Tipo de Piel 100 ml
WS4671887,Gillette,Gillette Maquina de Afeitar Cooling (8 Unidades)
WS4671888,Atom-Protect,Barbijo Conicet Reutilizable Atom Protect Con Sanitizante Niños De 6 A 9 Años
WS4671891,Vaseline,Vaseline Balsamo Labial Lip Emily In Paris Rouge Romance
WS4671892,Sally Hansen,Sally Hansen Color Therapy Nail 370 Unwined__7E0015
WS4671895,Aller Atucha,Atucha Pera de Goma Jeringa Para Enema N°10
WS4671899,Babysec,Babysec Ultra Sec Pañales Pequeños Pack 12 Unidades
WS4671901,Comodin,Comodin Ropa Interior Adulto Descartable - 16 Unidades | Talle P / M
WS4671903,Lisfar,Lisfar Parche Poroso 1218 xcm 2Unidades Único
WS4671904,Maxx,Preservativos Maxx Espermicida X12
WS4671910,Avene,Avene Protector Solar Ultra Fluid Spf50+ 50 ml
WS4671911,Cheeky,Cheeky Pack Mood Lovely Girls (Edt 100 ml + Espuma Baño)
WS4671912,Depimiel,"Depimiel Depimiel, Bandas De Papel Para Retirar Cera 10 un"
WS4671918,Nosotras,Nosotras Tampón Digital Mini (8 Unidades)
WS4671919,Gillette,Gillette Antitranspirante en Gel Cool Wave Clear 82 gr
WS4671921,Biferdil,Biferdil Shampoo Reflejante Plata 295 ml
WS4671924,Plenitud,Pañal Para Adulto Plenitud Classic Talle G - 8 Unidades
WS4671925,Zono,Protector Solar Zono en Crema Fps 30 x 200 ml
WS4671926,Aller Atucha,Atucha Chata Plástica
WS4671929,Avene,Avene Hydrance Aqua Gel Crema Hidratante 50 ml
WS4671930,Eucerin,Crema de Noche Eucerin Hyaluron Filler Elasticity Repuesto x 50 ml
WS4671932,Panalab,Proavenal Omegatopic® Crema Emoliente Calma Repara 750 g
WS4671934,Hipoalergic,Hipoalergic Parches Oculares Pediatricos (caja x 20 unidades)
WS4671939,Sri Sri,Sri Sri Pasta Dental Encias Sanas 50 gr
WS4671940,La Roche Posay,Crema Effaclar Duo M+ Y Anti Acne La Roche Posay 15 ml
WS4671943,Banderas,Banderas Seduction Edp 50 ml
WS4671944,Cher,Body Splash Cher Diecisiete 135 ml
WS4671946,Bensimon,Set Bensimon Blue Night Extreme Edp 100 ml + Cool Spray 50 ml
WS4671949,Lisfar,Lisfar Pastillero Semanal Portable (M-M-T-N)
WS4671950,Basicare,Basiccare Signature Cepillo Dual Para Cejas Y Pestañas Sin Presentacion
WS4671952,Sally Hansen,Sally Hansen Insta Dri Esmalte 213 mauve It__E57c83
WS4671953,Off,Off Repelente Invisible Everyday Spray 104.5 ml
WS4671954,Nosotras,Nosotras Toallas Femeninas Invisible Algodón (16 Unidades)
WS4671957,Wellington Polo Club,Wellington Polo Club Black Neceser For Men Edp 60Ml + Desodorante 150Ml
WS4671960,Dove,Dove Ritual de Reparación Shampoo x 200 ml
WS4671962,Sally Hansen,Esmalte Para Uñas Sally Hansen Color Therapy Color 270 mauve Mantra
WS4671966,Hipoalergic,Cinta Adhesiva Neuromuscular Hipoalergic Kin 5 cm x 1 m (1 tira color azul)
WS4671969,Tena,Tena Slip Nocturno Talle G - 7 Unidades
WS4671970,Comodin,Comodin Apositos Incontinencia Extrema (10 Unidades)
WS4671972,Baby Innovation,Baby Innovation Babero Silicona Azul Con Bolsillo Contenedor (Impermeable)
WS4671974,Lisfar,Lisfar Parche Oculares Pediátrico 20 Unidades
WS4671977,Palmolive,Jabón en Barra Palmolive Kids Frutas Tropicales 85 g
WS4671979,Paloma Herrera,Paloma Herrera Intense Woman Edp 100 ml
WS4671980,Sri Sri,Pasta Dental Sri Sri Tattva Sudanta Encias Sanas x 100 g
WS4671986,Rexona,Rexona Desodorante Aerosol Men Antibacterial Proteccion 150 ml
WS4671987,Curitas,Curitas Apositos Para Dedos Tela Elastica (16 Unidades)
WS4671991,Zono,Zono Protector Solar Fps50 120 ml
WS4671993,Cher,Cher Cofre Mix Creamy Pistachio Body Mist 135 ml + Buttercream
WS4671994,Pampers,Pampers Toallas Humedas Aloe Vera (96 Unidades)
WS4671995,Lenox,Lenox Almohadillas de Gel Night And Day (2 Unidades)
WS4671996,Lenox,Lenox Chico N° 1 m
WS4671997,Rabanne,Rabanne Invictus Cofre Edt Presentación 100 ml
WS4671998,Sally Hansen,Sally Hansen Removedor De Cuticulas
WS4671999,Sally Hansen,Sally Hansen Insta Dri Esmalte 223 sugar Poppy__E8a9b2
WS4672002,Givenchy,Givenchy Irresistible Nude Velvet Edp Presentación Fragancias 80 ml
WS4672003,Gum,Gum Cepillo Dental Classic Bio 409
WS4672004,Xmart,Xmart Máquina de Afeitar Descartable Rapi2
WS4672005,Silfab,Silfab Irrigador Plastico
WS4672014,Duracell,Duracell Pila Audifono Tamaño 312 (6 Blister)
WS4672015,Sally Hansen,"Esmalte Para Uñas Sally Hansen Color Therapy x 14,7 ml Color Solidarity Dove"
WS4672016,Chester Ice,Set Edt Chester Ice 60 ml + Deo 150 ml
WS4672018,San-Up,San Up Termometro de Galio Biotherm Sin Mercurio
WS4672020,Comodin,Comodin Refuerzo Pañal Xg (20 Unidades)
WS4672022,Gum,Gum Caja Protectora
WS4672023,Tena,Tena Slip Nocturno Talle XG -16 Unidades
WS4672029,Vitamin Way,Vitamin Way Coenzima Q10 (30 Cápsulas)
WS4672030,Cutex,Cutex Esmalte Pack Duo French Summer Pink Sunset
WS4672033,Colibrí,Colibri Anilina Frio Rosa 819
WS4672034,Giesso,Giesso Puro Mujer EDT 19ml + Body Lotion
WS4672036,Sidus,Blueking 1 Arándano Natural Antioxidante 300 comp Masticable
WS4672037,Ladysoft,Ladysoft Toalla Nocturna xl Absorcion Nocturna (8 Unidades)
WS4672038,Tommy Hilfiger,Tommy Hilfiger Tommy Girl Edt 100  ml Para Mujer
WS4672040,Plenitud,Ropa Interior Plenitud Protect Plus Super Pack TalleG/XG - 16 unidades
WS4672041,Nosotras,Nosotras Tampon Digital Super 16 uni
WS4672044,Dove,Shampoo Dove Óleo Nutrición x 200 ml
WS4672045,Nosotras,Nosotras Toalla Larga Tela Extra Suave (8 Unidades)
WS4672046,Tena,Tena Ropa Interior Slip (9 Unidades) m
WS4672049,Tena,Tena Ropa Interior Pants para Hombre | Talle G|EG | 8 unidades
WS4672050,Maxx,Preservativos Maxx Mega 3 Unidades
WS4672051,Lenox,Lenox Plantilla Univ Conf Toalla
WS4672054,Apper,Apper Pastillero Diario Am-Pm Blister 2 Unidades
WS4672057,Calvin Klein,Calvin Klein Euphoria Magnetic Elixir Eau de Parfum 100 ml
WS4672058,Dove,Dove Óleo Nutrición Acondicionador x 200 ml
WS4672059,Isdin,Isdin Woman Body Oil 100 ml
WS4672061,Sally Hansen,Sally Hansen Pure Color Hardener 005
WS4672066,Old Spice,Desodorante Old Spice Dragon Blast x 50 g
WS4672071,Rexona,Rexona Active Emotion Antitranspirante Aerosol Fem x 150 ml
WS4672075,Petit Enfant,Petit Enfant Shampoo Kids Ecopack 400 ml
WS4672079,Frozen,Frozen Maquillaje Cremoso Infantil
WS4672083,Vitamin Way,Vitamin Way Colageno Hidrolizado (30 Cápsulas)
WS4672084,Lenox,Lenox Talonera de Gel Para Descanso x 2 Unid
WS4672087,Bialcohol,Alcohol 70 % Bialcohol x 500 ml
WS4672088,Valuge,Valuge Piroctol As Shampoo Anticaspa 150 ml
WS4672091,Acf By Dadatina,Acf Set Regalable Serum Volumen 1 Saten
WS4672098,Herbal Essences,Acondicionador Herbal Essences Rosa Mosqueta x 240 ml
WS4672100,Cutex,Cutex Esmalte de Uñas Wine Collection | Color Pinot
WS4672101,Nivea,Bálsamo Labial Nivea Edición Limitada Disney Bella x 4.8 g
WS4672102,Dove,Baby Dove Jabon Liquido Baby Glicerina Repuesto 180 ml
WS4672105,Lenox,Lenox Talle Chico Grande
WS4672107,Gum,Gum Cepillo Classic Stranger Things 409 Suave
WS4672108,Cher,Edt Cher Mix Deli Choco Cake 75 ml
WS4672113,Disney,Disney Esmalte Cenicienta Plata Con Glitter
WS4672121,Rexona,Rexona Antitranspirante Invisible 150 ml
WS4672123,Sri Sri,Sri Sri Pasta Dental Efecto Blanqueador 50 gr
WS4672127,Lisfar,Lisfar Tapon Oido Pediatrico (2 Unidades)
WS4672128,La Pasionaria,La Pasionaria Fragancia Historias 4 Edp 50 ml
WS4672129,Dior,Dior Sauvage Parfum Presentación 60 ml
WS4672132,Eucerin,Eucerin Exfoliante Dermopure Oil Control Para Piel Grasa 100 ml
WS4672133,Ga.Ma,Gama Afeitadora Eggo Confort 5.0 Trimmer Wet & Dry Usb Modelo Black
WS4672134,Bellissima,Bellissima Plancha My Pro Creativity Infrared B8 200
WS4672138,Rexona,Rexona Antitranspirante Mujer Active Emotion 150 ml
WS4672140,Aller Atucha,Aller Atucha Tapones Para Oido de Silicona Amasable
WS4672145,Lux,Jabón Lux Orquídea Negra x 120 g
WS4672147,Procer,Procer Talle 3 8
WS4672152,Jactans,K-Pop Esmaltes Huntrix en Caramelera
WS4672154,Armani,Armani Code Men Edp Tamaño 75 ml
WS4672155,Uma,Uma Fragancia Lune Edp 50 ml Presentación (Ml) 50 ml
WS4672156,Sally Hansen,Sally Hansen Insta Dri Esmalte 393 Cinna Snap__95161F
WS4672158,Carolina Herrera,Carolina Herrera 212 Vip Black Rodeo Le Eau de Parfum 100 ml
WS4672159,Cher,Onyx EDP 50 ml + Tote Bag + Travel Size 20 ml Set de Cher
WS4672164,Body Care,Body Care Muñequera Elástica Sin Costura Medium
WS4672165,Beter,Beter Beauty Care Cepillos Detangling On-The-Go
WS4672167,Fave,Fave Venda Ovata N10 1 Unidad 10 cm x 3 mts Único
WS4672168,Jeanne Arthes Paris,Jeanne Arthes Paris Amore Mio Tempting Cherry Edp 100 ml
WS4672170,Revlon,Revlon Tinta de Maquillaje Photoready Lift & Fill Skin Tint 30 ml | Tono 130
WS4672175,La Pasionaria,La Pasionaria Desodorante en Aerosol Historias 6 x 123 ml
WS4672179,Banderas,Banderas Her Secret Pink Absolu Edp 80 ml
WS4672181,Sarkany,Sarkany Neceser Why Not Desire Edp 100 ml + Body Splash 75 Ml
WS4672183,Nic,Tratamiento Capilar Nic Subí El Volumen x 150 ml
WS4672187,Pantene,Pantene Acondicionador Bambu 150 ml
WS4672189,Sarkany,Sarkany Dragoness Edp 100 ml
WS4672190,Always,Always Toallas Fememninas Seca Con Alas 8 Unidades
WS4672194,Comodin,Comodin Pañal Adulto Anatomico g (8 Unidades)
WS4672197,Comodin,Comodin Ropa Interior Adulto Descartable (8 Unidades) Talle P/M
WS4672198,Sally Hansen,Sally Hansen Insta Dri Color 573 black To Black
WS4672199,Disney,Disney Set de Maquillaje 100 en Valija (Maquillaje + Esmalte + Labial)
WS4672201,Calipso,Calipso Protectores Diarios Normal 20 Unidades Unico
WS4672203,Oral B,Oral B Cepillo Dental Complete 40 medio 2X1
WS4672205,Bensimon,Set Bensimon Blue Night Edp 100 ml + Cool Spray 50 ml
WS4672206,L'Inedito,Edp Dolcezza L'inedito Donna 80 ml
WS4672209,Dove,Dove Antitranspirante Men Comfort Protection 148 gr
WS4672210,L'Oreal Paris,Crema Mate Iluminadora Glycolic Bright L´Oreal Paris
WS4672211,Trim,"Trim Lima Zafiro 6"""
WS4672212,La Roche Posay,Crema la Roche Posay Hyalu B5 Spf 30 Repuesto x 50 ml
WS4672214,Garden House,Garden House Suplemendo Dietario Ginkgo Biloba Extracto 80 mg (30 Comprimidos)
WS4672215,Bensimon,Bensimon Blue Night Body Spray 165 ml
WS4672216,Cher,Cher Dieciocho Sarcastic Multi Stick | Color Blush Cherry
WS4672217,Maxx,Maxx Preservativo Tachas (3 Unidades)
WS4672220,Prime,Prime Preservativos Extra Large Sin Látex
WS4672224,Vichy,Vichy Serum Liftactiv Specialist 16 Eye Collagen x 15 ml
WS4672226,Sally Hansen,Esmalte Para Uñas Sally Hansen Color Therapy Color 454 Dressed To Chill
WS4672228,Oral B,Oral B Cepillos Dental Pro Salud 7 Beneficios 2 X 1
WS4672231,Aller Atucha,Atucha Pera de Goma Jeringa Para Enema N°12
WS4672235,Dior,Miss Dior Blooming Bouquet Edt 100 ml
WS4672236,Bensimon,Set Bensimon Bold Edp 100 ml + Bolso Bensimon de Regalo
WS4672239,Acf By Dadatina,Acf By Dadatina Set Defensa Am/Pm (Crema + Recarga + Neceser)
WS4672240,Carolina Herrera,Carolina Herrera 212 Vip Men Black Elixir Edp Presentación Fragancias 100 ml
WS4672242,Sri Sri,Sri Sri Pasta de Dientes Sudanta Ultra Blanqueadora 200 gr
WS4672243,Procer,Procer Muñequera xl
WS4672244,Carolina Herrera,Carolina Herrera Ch la Bomba Edp 80 ml
WS4672245,Nina Ricci,Nina Ricci Venus Edp Presentación 30 ml
WS4672246,Burgues,Edp Burgues Balzac 8 100 ml
WS4672247,Banderas,Banderas The Golden Secret Edt Tamaño
WS4672248,Comodin,Comodin Pañal Adulto Clasico g (20 Unidades)
WS4672249,Giesso,Set Edt Giesso Puro Femenino x 19 ml + Body Lotion x 100 g
WS4672250,Boos,Boos Set de Fragancia Intense Edp 90 ml + Botella Termica
WS4672257,Rimmel London,Rimmel Blush Color 001 Third Base
WS4672259,Comodin,Comodin Refuerzo Pañal Talle Grande (20 Unidades) g
WS4672260,Procer,Procer Protector Bucal
WS4672263,Klorane,Klorane Shampoo Calmante Peonia Para Cuero Cabelludo Sensible 200 ml
WS4672264,Cher,Body Splash Cher Veinte 135 ml
WS4672266,Exatherm,Termómetro Digital Exatherm Dt-K11b
WS4672276,Banderas,Banderas The Icon Edt Presentación Fragancias
WS4672278,Sally Hansen,"Esmalte Para Uñas Sally Hansen Color Therapy x 14,7 ml Color Yes You Can"
WS4672279,Wellington Polo Club,Wellington Polo Club Blue Neceser For Men Edp 60Ml + Deo 150Ml
WS4672283,Trim,"Trim Lima Zafiro 5"""
WS4672286,Aller Atucha,Atucha Pera de Goma Jeringa Para Enema N°4
WS4672290,Sally Hansen,Esmalte para Uñas Sally Hansen Color Therapy Color 385 Pamper Me Purple
WS4672296,Tena,Tena Ropa Interior Slip l
WS4672301,Gum,Gum Cepillo Dental Paw Patrol Baby
WS4672304,Colgate,Colgate Cepillo Dental Pro Cuidado Carbon
WS4672305,Klorane,Klorane Balsamo a La Manteca de Cupuacu Organico 200 ml
WS4672306,Issue,Issue Kit Sin Amoniaco Tono 7
WS4672307,Rimmel London,Rimmel Wonder Care Lash & Brow Color Serum
WS4672311,Maybelline,Corrector Maybelline Fit Me Spot Rescue Tono 20
WS4672317,Lisfar,Lisfar Pastillero Semanal Chico
WS4672319,Ona Saez,Ona Saez Mito for her Edp 100 ml
WS4672322,Curaprox,Curaprox Cepillo Dental Kids Ultra Soft 5500 Curen
WS4672324,Lux,Lux Jabón en Barra Rosas Francesas 120 gr (3 Unidades)
WS4672325,Disney,Shampoo Infantil Disney en Carterita Wonder Woman 300 ml
WS4672326,Avene,Avene Cleanance Pan Limpieza 100 gr
WS4672331,Revlon,"Revlon Kit Infaltables: Labial, máscara de pestañas y loción bronceadora"
WS4672333,Lenox,Lenox Protector Pads Para Callosidades (6 Unidades) Unico
WS4672334,Klorane,Klorane Balsamo Granada 200
WS4672337,Issue,Issue Color Pack Keratina Nº7.1 Rubio Ceniza 7.1 Rubio Ceniza Intenso
WS4672339,La Roche Posay,Gel Repuesto la Roche Posay Effaclar Micro Peeling 400 ml
WS4672340,Benetton,Benetton Set United Dreams Aim High Edt 100 ml + Shower Gel
WS4672342,Uma,Uma Cofre Blanc (Edt 19 ml + Body Lotion 100 ml)
WS4672343,Syra Lab,Venda Elastica 10 cm x 20 m - Syra
WS4672346,Kevingston,Kevingston Eau de Toilette 20 azul 100 ml
WS4672347,Lancome,Lancome Idôle Edt Presentación 100 ml
WS4672348,Sally Hansen,"Esmalte Para Uñas Sally Hansen Color Therapy x 14,7 ml Color Sweet Resilience"
WS4672349,Jactans,Disney Brillo Labial Moana
WS4672352,Cutex,Cutex Esmalte Pack Duo French Summer Golden Sand
WS4672361,Bensimon,Bensimon Blue Night Extreme Edp Presentación 200 ml
WS4672363,Aspen,Aspen Termómetro Digital Infrarrojo de Contacto Ts8
WS4672366,Garden House,Garden House Suplemento Dietario Centella Asiática (60 Comprimidos)
WS4672368,Avene,Avene Protector Solar Ultra Fluid Spf50+ Color 50 ml
WS4672369,Cher,Cofre Cher Mix Lemon Cookie Body Mist 125 ml + Buttercream 150 Gr
WS4672371,Benetton,Benetton We Are Tribe Elixir Edp 90 ml
WS4672372,Vichy,Vichy Shampoo Dercos Anti Caspa Anti-Dandruff Oil Hair 95 ml
WS4672374,Xmart,Xmart Maquina de Afeitar Fem Speed 3 (3 Unidades)
WS4672375,Caviahue,Serum Antiedad Retinal Caviahue 30 ml
WS4672377,Fascino,Fascino Make Up Brochas Set x 6 Rainbow Line
WS4672382,Davidoff,Davidoff Cool Elixir Edp 100 ml
WS4672383,Nosotras,Nosotras Toallas Buenas Noches Ultra Delgada Tela Extra Suave (14 Unidades)
WS4672384,Isdin,Isdin Fotoprotector Fusion Water Magic Glow Spf50 50 ml
WS4672386,La Pasionaria,La Pasionaria Desodorante en Aerosol Historias 5 x 123 ml
WS4672389,Bander Green,Bander Green Codera Larga T1
WS4672391,Jactans,Minnie Perfume Orejitas Rosa 30 ml
WS4672393,ACF,Acf Toalla Desmaquillante Ecologica
WS4672394,Lenox,Lenox Tamaño Chico m
WS4672395,Neostrata,Neostrata Refine Gel Plus 125 ml Antiage Piel Grasa
WS4672397,Pantene,Shampoo Pantene Pro-V Miracles Detox x 400 ml
WS4672398,Giesso,Giesso Estuche In Blue (Edt 50 ml + Deo)
WS4672401,Duracell,Duracell Pila Audifono Tamaño 675 (6 Blister)
WS4672404,Banderas,Banderas King Of Seduction Edt Tamaño
WS4672406,Banderas,Banderas The Icon Edt 50 ml
WS4672409,Jactans,Toy Story Perfume Lotso Frutilla 50 ml
WS4672410,Tascani,Tascani Necesser Distinto For Men Edp 100 ml + Necesser
WS4672415,Curaprox,Curaprox Cepillo Interdental Cps 011 Prime Handy Green
WS4672417,Petit Enfant,Petit Enfant Jabón Líquido Ecopack 400 ml
WS4672422,Lux,Jabón Lux Rosas Francesas x 120 g
WS4672425,Hipoalergic,Cinta Adhesiva de Algodón Hipoalergic Sport 5 cm x 9 m (1 rollo)
WS4672427,Comodin,Comodin Pañales Anatomicos Para Adultos Xg (16 Unidades)
WS4672429,Estrella,Estrella Pañales Pants Ropa Interior Talle Medium (8 Unidades)
WS4672431,Caro Cuore,Caro Cuore - Cuore Edt x 60 ml
WS4672433,Valuge,Ecelon Loción Limpiadora Facial Pieles Sensibles 250 ml
WS4672435,Amope,Amopé Nueva Lima de Uñas + Lima Electronica Pies + Repuestos
WS4672436,Kevin,Set Kevin Absolute Edt 60 ml + Desodorante 150 ml + Neceser
WS4672437,Maxx,Preservativo Maxx Anatómico x 3 un
WS4672438,Gillette,Máquina de Afeitar Gillette Prestobarba 3 Carbono x 4 un
WS4672439,Paloma Herrera,Paloma Herrera Intense Woman Edp 60 ml
WS4672442,Donna,Donna Pompones de Algodón 50 Unidades
WS4672443,La Pasionaria,la Pasionaria Fragancia Historias 5 Edp 50 ml
WS4672446,Clericot,Clericot Bajalengua de Madera Adulto 100 Unidades
WS4672447,Secret,Desodorante Antitranspirante en Gel Secret Coco x 45 g
WS4672449,Boos,Boos Fragancia Intense Night Neceser + Edp 60 Ml Desodorante 150 Ml For Men
WS4672453,Mimo & Co,Mimo & Co Girls Colonia
WS4672457,Nivea,Nivea Jabón Antibacterial Herbal flow Pack (3 Unidades) 90 grs
WS4672461,Kenzo,Kenzo Parfum D Ete Edp 75 ml
WS4672464,Body Care,Body Care Muñequera Elástica Sin Costura Large
WS4672467,Bensimon,Bensimon Bold Edp 50 ml + Cool Spray 50 ml
WS4672470,Dekkin,Cargador de Pared Dekkin
WS4672471,Sally Hansen,"Esmalte para Uñas Sally Hansen Color Therapy x 14,7 ml Color Base Coat"
WS4672472,Cher,Cher Mix Cofre Speak Love Edt 75 ml + Body Lotion
WS4672474,Nivea,Desodorante Nivea Men Deep Original Carbón Activo en Aerosol x 150 ml
WS4672475,Maxx,Maxx Preservativo Tachas (12 Unidades)
WS4672476,Givenchy,Givenchy Irresistible Nude Velvet Edp Presentación Fragancias 35 ml
WS4672478,Dove,Dove Desodorante Barra Invisible Dry 50 gr
WS4672479,Kotex,Toallas Femeninas Kotex Esencial - 8 Unidades
WS4672480,Aller Atucha,Atucha Tubo Para Irrigador
WS4672481,Plenitud,Plenitud Toalla Femme Esencial Plus Larga con alas - 8 Unidades
WS4672483,Lenox,Lenox Talle m
WS4672484,Uma,Uma Fragancia Lune Edp 100 ml Presentación (Ml) 100 ml
WS4672486,Jactans,Transformers Perfume Lata 50 ml
WS4672487,Farmaco,Jabón Glicerina Farmaco Piel Seca X 120 G
WS4672489,Cher,Edt Cher Mix Deli Creamy Latte 75 ml
WS4672491,Cutex,Cutex Esmalte de Uñas Wine Collection | Color Malbec
WS4672493,Lenox,Lenox Talle M.
WS4672496,Aller Atucha,Pera de Goma N°14 - Atucha
WS4672498,Savant,Gripaben T Descongestivo X 5g
WS4672501,Klorane,Klorane Shampoo Hidratante Avena 200 ml
WS4672502,Maxx,Maxx Preservativo Súper Lubricado (3 Unidades)
WS4672506,Syra Lab,Aposito Quirurgico Esteril 10 x 20 cm X6 - Syra
WS4672511,Maxx,Maxx Preservativos Tiempo
WS4672514,Gum,Gum Cepillo Dental Kids Suave Trolls (Con Timer Luz)
WS4672516,Sally Hansen,Sally Hansen Insta Dri Esmalte 383 Asap 129 apple__daa
WS4672517,Sancor,Sancor Bebe Fórmula Láctea Advanced 2 200 ml
WS4672519,Sally Hansen,"Esmalte de Uñas Sally Hansen Insta-Dri Secado Rápido x 9,17 ml 133 Taupe Priority"
WS4672521,Nivea,Crema Facial Nivea 7 en 1 Cuidado Nutritivo Para Todo Tipo de Piel x 100 ml
WS4672522,Bensimon,Bensimon Night Extreme Body Spray 165 ml
WS4672525,Vitamina,Set Edt Vitamina Night x 19 ml + Body Lotion x 100 g
WS4672526,Beter,Beter Cepillo Charms Natural Fiber Natural Fiber Cepillo Charms
WS4672527,Cher,Cher Onyx Tiare Woman Edp 100 ml
WS4672529,Lord Cheseline,Lord Cheseline Gel Para Peinar Expert Styling 280 gr
WS4672533,Millefiori,Millefiori Bandas Depilatorias Faciales (4 Unidades)
WS4672534,Boos,Boos Set de Fragancia Intense Night Edp 90 ml + Botella Termica
WS4672536,Jactans,Brillo Labial Stitch
WS4672537,Aller Atucha,Atucha Irrigador 2 lt
WS4672538,Dove,Baby Dove Jabon Liquido Baby Glicerina 200 ml
WS4672545,Jeanne Arthes Paris,Jeanne Arthes Paris Balade a Paris Flanerie Pont Des Arts Edp 100 ml
WS4672546,Sally Hansen,Sally Hansen Insta Dri Esmalte 493 midnight Drive__164A84
WS4672547,Bross,Bross Fragancia London Gold Edp 100 ml Presentación (Ml) 100 ml
WS4672549,Sally Hansen,Esmalte para Uñas Sally Hansen Color Therapy Color 199 Eiffel In Love
WS4672552,Jactans,Frozen Esmalte Infantil Princesa en Bolsita
WS4672553,Pantene,Acondicionador Pantene Pro-V 3 minute Miracle Nutri-Perlas x 170 ml
WS4672555,Colibrí,Colibri Anilina Frio Azul Marino 817
WS4672556,Isdin,Fotoprotector Isdin Compact Light Spf 50 Color Maquillaje X 10 Gramos
WS4672558,Genomma,Tafirol Forte Plus | 8 cápsulas blandas | Diclofenac sódico + Paracetamol
WS4672560,Comodin,Comodin Pañal Adulto Anatomico Xg (8 Unidades)
WS4672561,Body Care,Body Care Cincha Rotuliana Con Velcro Único
WS4672562,Revlon,Revlon Tinta de Maquillaje Photoready Lift & Fill Skin Tint 30 ml | Tono 140
WS4672563,Baby Innovation,Baby Innovation Cepillo Dental Bebe Segunda Dentición 1U
WS4672565,Boos,Boos Double Intense Woman Edp 90 ml + Cartera
WS4672566,Jactans,Warner Dc Perfume Superman Con Tazos Para Jugar Edp 50 ml
WS4672571,Cher,Body Splash Cher Original 135 ml
WS4672573,Rabanne,Rabanne One Million Royal Parfum Presentación 50 ml
WS4672574,Maxx,Maxx Preservativos Texturados (x3 Unidades)
WS4672575,Panalab,Cleanex Agua Micelar 3 en 1 desmaquilla Limpia Hidrata 200 ml Panalab
WS4672576,Tucci,Tucci Anima Riserva Edp 100 ml
WS4672577,Lord Cheseline,Lord Cheseline Gel Para Peinar Expert Styling 150 gr
WS4672578,Hipoalergic,"Cinta Elástica Autoadherente Hipoalergic Flex 7,5 cm x 4,5 m (1 rollo color beige)"
WS4672579,Encanto,Encanto Maquillaje Cremoso Infantil
WS4672580,Apper,Apper Corta Pastillas
WS4672581,Jactans,Disney Esmalte Infantil Princesas en Bolsita
WS4672583,Dove,Dove Desodorante Antitranspirante Original en Barra 53 gr
WS4672586,Sally Hansen,"Esmalte Para Uñas Sally Hansen Insta Dri x 9,17 ml Color 433 Hurry Plum"
WS4672590,Sri Sri,Sri Sri Pasta de Dientes Sudanta Extra Fresh 200 gr
WS4672592,Rabanne,Rabanne Million Gold Intense Edp Presentación 100 ml
WS4672593,Banderas,Banderas The Icon Edp Presentación 200 ml
WS4672594,Rimmel London,Rimmel London Delineador de Labios Oh My Plump Tono 080 Rimmel Red
WS4672598,3M,3 m Tela Adhesiva 125 .cm x 9 m Micropore Nexcare Con Racionador Estuche
WS4672599,Klorane,Klorane Shampoo a La Pulpa de Cédrat 400 ml
WS4672600,Curaprox,Curaprox Set Interdentales Prime Start 06
WS4672603,Dolce & Gabbana,Dolce & Gabbana Light Blue New Pour Homme Edt 100 ml
WS4672604,Apper,Apper Pinza de Depilar Curva Estampa
WS4672606,Rexona,Rexona Talco Pedico 200 gr
WS4672608,Fave,Venda Yeso Gypsofix Rapido 20 cm x 4 m - Fave
WS4672609,Carefree,Toallitas Higienicas Carefree Compact Sin Perfume Pro Dia X 20 Unidades
WS4672610,Givenchy,Givenchy L´Interdit Angélique Rouge Edp Presentación 50 ml
WS4672614,Rimmel London,Delineador de Labios Rimmel Lasting Finish 505 Red Dynamite
WS4672617,Karina Rabolini,Karina Rabolini Estuche Trap 2 (Edt + Cartera Negra)
WS4672618,Cher,Cofre Cher Mix Cotton Candy Body Mist 125 ml + Buttercream 150 Gr
WS4672619,Comodin,Comodin Pañal Adulto Clasico Talle Xxg 20 Unidades
WS4672620,Ralph Lauren,Ralph Lauren Polo Blue Edt 125 ml + Edt 40 ml + Desodorante
WS4672623,Eucerin,Sérum Eucerin Sun Oil Control Uv Ultra Light Fps 50+ 30 ml
WS4672625,Rimmel London,"Delineador Labial Retráctil Rimmel Lasting Finish Exaggerate x 0,25 g 24"
WS4672627,Jactans,K-Pop Perfume Saja en Lata 50 ml
WS4672633,Kenzo,Flower By Kenzo Ikeana Indigo Edp Presentación Fragancias 75 ml
WS4672637,Sarkany,Cofre Dragoness Le Parfum Edp 100 ml + Necesers Sarkany + Body Splash
WS4672638,Boos,Boos Intense Double Edp 90 ml
WS4672639,Carolina Herrera,Carolina Herrera Set Ch Pasión Men Edp 100 ml + Shower Gel + Travel Size Tamaño 3 Unid
WS4672640,Gillette,Gillette Maquina Desechable Corpo Cuerpo (4 Unidades)
WS4672641,Sarkany,Sarkany Dragoness Edp 50 ml
WS4672643,Dove,Dove Reconstrucción Completa Shampoo x 200 ml
WS4672646,Vichy,Repuesto Sérum Hidratante Vichy Mineral 89 Booster 50 ml
WS4672651,Burgues,Edp Burgues Montagne 56 100 ml
WS4672652,47 Street,47 Street Fragancia Vibe Edt x 50 ml
WS4672654,Palmolive,Palmolive Jabon Liquido Nutrimilk Humectacion Prolongada 250 ml
WS4672656,Lisfar,Lisfar Corta Pastillas
WS4672659,Revlon,Revlon Mascara de Pestañas So Fierce Big Bad Lash Blackest Black Wp
WS4672660,Sally Hansen,Esmalte para Uñas Sally Hansen Color Therapy Color 380 Positivi Tea
WS4672663,L'Inedito,Edp Dolcezza L'inedito Imperiale x 80 ml
WS4672665,Gasana,Gasa Esteril 10x10x10 Sobre Esteril Caja Expend X100 - Gasan
WS4672666,Hipoalergic,Cinta Adhesiva Neuromuscular Hipoalergic Kin 5 cm x 5 m (1 rollo color azul)
WS4672669,Lux,Lux Jabón en Barra Jazmin Cremoso 120 gr (3 Unidades)
WS4672673,Vick,Vick Vaporub Lata 12 Grs X 12 Unidades
WS4672674,Boos,Edt Boos Red x 100 ml + Desodoreante en Aerosol x 150 ml
WS4672675,Artez Westerley,Artez Westerley Base Oculta Manchas 050 hiemal
WS4672676,Valmax,Termi Bag Cadena de Frío Bolsas Térmicas 2028 xcm 20 Unidades
WS4672679,Banderas,Banderas The Icon Elixir Woman Edp Intense 100 ml
WS4672684,Vitamina,Vitamina Lady Edp 50 ml + Miniatura 19 ml
WS4672685,Ducray,Ducray Shampoo Extra Doux 200 ml
WS4672686,Tena,Tena Pants Ultra l (8 Unidades)
WS4672688,Kevin,Set Kevin Absolute Edt 100 ml + Deo Tamaño 2 Unid
WS4672689,Comodin,Comodin Pañales Anatomicos Para Adultos g (16 Unidades)
WS4672690,Jactans,Transformers Perfume Infantil Estuche Camion 50 ml
WS4672691,Apper,Apper Gel Frio-Calor Grande
WS4672692,Bensimon,Bensimon Bold Intense Parfum 100 ml + Bolso Bensimon
WS4672698,Vitamin Way,Vitamin Way Suplemento Dietario Colágeno Y Hialurónico (30 Cápsulas)
WS4672701,Curitas,Apósitos Adhesivos Curitas Aqua Protect xl 6 x 7 Cm x 5 un
WS4672702,Avene,Concentrado Facial Avene Cleanance Comedomed 30 ml
WS4672706,Gillette,Desodorante Antitranspirante Gillette Specialized Pro Cool Ware x 45 g
WS4672708,Apper,Apper Set Cortapastillas + Organizador Semanal
WS4672709,Colgate,Colgate Cepillo Dental Slim Soft Limpieza Profunda | 2 Unidades
WS4672714,Karina Rabolini,Karina Rabolini Set Duo White Fruits & Vitamins Nutritiva Y Relajante
WS4672717,Cutex,Cutex Esmalte Pack Duo French Summer Sunny Bloom
WS4672718,Nautica,Edp Nautica For Her Jasmine x 100 ml
WS4672721,Lenox,Lenox Aposito Pads Multiuso
WS4672722,Johnsons,Johnsons Baby Jabón en Barra Glicerina 80 gr
WS4672726,Prime,Prime Preservativo Skyn Elite x3 Unidades
WS4672730,Gl,Gl Peine Pediculicida Metalico
WS4672733,Disney,Disney Esmalte Bella Dorado Con Glitter
WS4672735,Epica,Epica Grasse Perfume Hombre Edp 50 ml
WS4672736,Nosotras,Nosotras Th Buenas Noches 8U
WS4672737,La Roche Posay,La Roche Posay Lipikar Baume Ap Max Balsamo 75 ml
WS4672739,Banderas,Banderas Fragancia Her Secret Temptation Edt For Women Presentación (Ml) 50 ml
WS4672743,Prime,Preservativos Prime Skyn Extra Large x 3 un
WS4672744,Cher,Edp Cher Onyx Tiare x 50 ml
WS4672746,Pampers,Pampers Pañales Baby Dry Talle Hipoalergénicos P 36 Unidades
WS4672748,Cutex,Esmalte Para Uñas Cutex Color Classic Negro Noche
WS4672749,Tangle Teezer,Tangle Teezer Tangle T. Brush Original Pink
WS4672751,Gillette,Máquina de Afeitar Gillette Prestobarba 3 Carbono x 2 un
WS4672753,Sagrada Madre,Sagrada Madre Sahumerios de Palo Santo
WS4672754,Maybelline,Corrector Maybelline Fit Me Spot Rescue Tono 30
WS4672755,Millefiori,Millefiori Cera Depil Vegetal 200 gr
WS4672756,Davidoff,Davidoff Cool Elixir Woman Edp 100 ml
WS4672757,Caviahue,Contorno de Ojos Palta Hidratante Ojeras y Bolsas 15gr
WS4672758,Carolina Herrera,Carolina Herrera Ch la Bomba Edp 30 ml
WS4672759,Lenox,Lenox Talle m
WS4672762,Klorane,Klorane Shampoo Fijador Y Protector de Color Granada 200 ml
WS4672768,Trim,Trim Lima Para Uñas Metal
WS4672769,Artez Westerley,Artez Westerley Pomada Para Pestañas Fortalecedora Firmcil Color Negro
WS4672773,Tena,Tena Pants Nocturno l (8 Unidades)
WS4672775,Lisfar,Lisfar Pastillero Semanal Grande
WS4672776,Body Care,Body Care Codera Elástica Sin Costura Large
WS4672777,Jactans,Mickey Perfume Orejitas Azul 30 ml
WS4672781,Hugo Boss,Hugo Boss Boss Bottled Parfum 50 ml
WS4672783,Thera Pearl,Thera Pearl Gel Frio Calor Cuello / Hombro
WS4672785,Colgate,Cepillo Dental Colgate 360 limpieza Completa Bi-Pack
WS4672789,Sally Hansen,Esmalte para Uñas Sally Hansen Color Therapy Color 235 Tulip
WS4672791,Sally Hansen,Esmalte para Uñas Sally Hansen Color Therapy Color 165 Tea Time
WS4672798,Revlon,Revlon Tinta de Maquillaje Photoready Lift & Fill Skin Tint 30 ml | Tono 110
WS4672799,Lux,Jabón en Barra Lux Botanicals Flor de Vainilla 120 g
WS4672801,Aller Atucha,Atucha Orinal Hombre Con Tapa
WS4672802,Tascani,Tascani Necesser Unico For Men Edp 100 ml + Necesser
WS4672803,Disney,Disney Perfume Con Glitter 50 ml - Princesa
WS4672804,Lenox,Lenox Talle M. l
WS4672805,Estrella,Estrella Pañales Pants Ropa Interior Talle Xg (8 Unidades)
WS4672806,Oral B,Oral B Crema Dental 4 en 1 menta Fresca 70 gr
WS4672808,Espadol,Espadol Jabón Líquido Antibacterial Original 220 ml
WS4672810,Gum,Gum Gel Dental Carbon Activado Stranger Things 100 gr
WS4672811,Boos,Boos Fragancia Intense Blue Neceser + Edp 60 ml + Desodorante 150 Ml For Men
WS4672812,Cutex,Cutex Esmalte de Uñas Wine Collection | Color Merlot
WS4672818,La Pasionaria,La Pasionaria Desodorante en Aerosol Historias 1 x 123 ml
WS4672820,Lenox,Almohadilla Lenox Para Dedo En Garra Talle Grande X 1 Unid
WS4672823,Zono,Protector Solar Zono en Crema Fps 15 x 200 ml
WS4672824,Maxx,Preservativos Maxx Ultra Finos 12 Unidades Variedad Ultra Fino
WS4672825,Aller Atucha,Pera de Goma N°16 - Atucha
WS4672826,Aller Atucha,Atucha Pera de Goma Jeringa Para Enema N°2
WS4672828,Kolynos,Kolynos Súper Blanco Frescura Intensa Crema Dental 90 g
WS4672831,Sally Hansen,Sally Hansen Insta Dri Renovation That a Blazing 390 color Blazing 390
WS4672834,Petit Enfant,Petit Enfant Oleo Calcareo de 0 a 1 Año Ecopack 400 ml
WS4672838,Nivea,Espuma de Afeitar Nivea Men Hydrocare Para Todo Tipo de Piel
WS4672844,Babelito,Chupete Babelito Simétrico de Silicona Celeste T1
WS4672845,Baby Innovation,Baby Innovation Aspirador Nasal
WS4672849,Revlon,Base Líquida Revlon Age Defying 3X | Color Honey Beige
WS4672854,Body Care,Body Care Muñequera Elástica Sin Costura Extra Large
WS4672855,Petit Enfant,Petit Enfant Colonia Bebe 100 ml + Peluche
WS4672857,Odol,Odol Crema Dental Doble Accion 90 grs
WS4672861,CeraVe,Cerave Rutina Piel Mixta: Limpiador + Gel-Crema Oil Control
WS4672862,Elmex,Crema Dental Elmex Sensitive Pack 2 x 110 g
WS4672864,Vitamina,Edp Vitamina Lady x 50 ml
WS4672865,Hugo Boss,Hugo Boss Hugo Jeans Edt Presentación 125 ml
WS4672866,Sally Hansen,Sally Hansen Insta Dri Esmalte 113 White On Time__Fefefe
WS4672867,Lattafa,Lattafa Yara Elixir Edp T100 ml
WS4672869,Jactans,Stitch Balsamo Labial en Bolsita
WS4672872,Jactans,Disney Esmalte Moana Rojo Con Glitter
WS4672880,Petit Prince,Petit Prince Fragancia Boys 18 colonia 100 ml
WS4672881,Maxx,Maxx Preservativos Super Fino (3 Unidades)
WS4672882,Karina Rabolini,Karina Rabolini Estuche Mikado (Edt + Cartera Blanca)
WS4672884,Oral B,Oral B Crema Dental 123 70 gr
WS4672885,Nina Ricci,Nina Ricci Nina Nature Edt Presentación 50 ml
WS4672887,Bensimon,Bensimon Brave Edp Presentación 200 ml
WS4672891,Banderas,Banderas The Icon Edt Presentación 200 ml
WS4672893,Wellington Polo Club,Wellington Polo Club Set Polo Club Negro Edp 90 ml + Deo Tamaño 2 Unid
WS4672896,Curaprox,Curaprox Cepillo Dental Para Ortodoncia Ultra Soft - Cs Ortho
WS4672897,Lisfar,Lisfar Care Zaleas Protector de Cama 60X90 Descartables 10U
WS4672898,Corega,Ultra Corega Adhesivo Dental 40 grs
WS4672903,Bensimon,Bensimon Bold Body Spray 165 ml
WS4672904,Boos,Boos Intense Double Edp 90 ml
WS4672906,3M,3 m Tela Adhesiva 250 .cm x 9 m Micropore Nexcare Con Racionador Estuche
WS4672909,Bross,Bross London Gold Desodorante en Aerosol 150 ml
WS4672910,Agatha Ruiz De La Prada,Agatha Ruiz de La Prada Gotas de Color Dot-To-Dot Edt Presentación Fragancias 100 ml
WS4672911,Boos,Boos Set Fragancia Intense Blue Edp 90 ml + Botella Termica For Men
WS4672913,Maybelline,Rubor en Mousse Maybelline Cloudtopia Tono Moonlit Rose
WS4672914,Gum,Gum Cepillo Dental Post-Operation Delicate 317 Ultra Suave
WS4672919,Comodin,Comodin Bombacha Plastica g
WS4672921,Boos,Boos Intense Attraction Edp 90 + Cartera
WS4672922,Rabanne,Rabanne Million Gold Intense Edp Presentación 50 ml
WS4672925,Jeanne Arthes Paris,Jeanne Arthes Paris Miss Cassandra Passion Edp 100 ml
WS4672928,Maxx,Preservativo Maxx Euforia | 3 unidades
WS4672929,Bensimon,Bensimon Bold Intense Parfum 100 ml + Cool Spray 50 ml
WS4672932,Sally Hansen,Esmalte Para Uñas Sally Hansen Color Therapy Color 480 everything Zen
WS4672934,Rexona,Desodorante Antitranspirante Rexona Aerosol Bamboo 150 ml
WS4672936,Benetton,Benetton We Are Tribe Play Edt Presentación Fragancias 90 ml
WS4672939,Rimmel London,Rimmel London Delineador de Labios Oh My Plump Tono 040 Kinda Cute
WS4672941,Duracell,Duracell Pila Audifono Tamaño 10 (6 Blister)
WS4672945,Procer,Procer Talle S
WS4672947,Sally Hansen,Esmalte para Uñas Sally Hansen Color Therapy Color 376 Pause And Reset
WS4672949,Duracell,Duracell Pila Grande D (2 Unidades)
WS4672950,Syra Lab,Aposito Quirurgico Esteril 13 x 20 cm X4 - Syra
WS4672951,Paloma Herrera,Paloma Herrera Desodorante en Aerosol Intense 123 ml
WS4672952,Klorane,Klorane Camomila Shampoo 400 ml
WS4672953,Benetton,Benetton Colors Black Man Edt Presentación 200 ml
WS4672954,Depimiel,Rollon Alta Adherencia | 100 ml
WS4672959,Lisfar,Lisfar Tapon Oido Adulto (2 Unidades)
WS4672963,Doncella,Doncella Algodon Plegado 500 gr
WS4672964,Cher,Cher Body Splash Dieciocho 135 ml
WS4672967,Curitas,Curitas Unguento Para Heridas
WS4672968,Klorane,Klorane Balsamo Camomila 200
WS4672969,L'Inedito,Edp Potenza L'inedito Imperiale x 100 ml
WS4672970,La Roche Posay,La Roche Posay Hydraphase Ha Riche 72h Crema Facial Piel Seca Sensible X 40ml
WS4672975,Pura Soap,Pura Soap 12h Respira Herbal Spay Eucalipto
WS4672976,Cher,Cher Mix Cofre Be Bold Edt 75 ml + Body Lotion
WS4672982,Lux,Lux Jabon en Pastilla Dama de Noche 90 gr
WS4672983,Pantene,Shampoo Pantene Pro-V Miracles Equilibrio x 400 ml
WS4672984,Halloween,Halloween Bliss Edt Presentación Fragancias 100 ml
WS4672985,Jactans,Capybara Perfume en Lata Baja 50 ml
WS4672986,Sally Hansen,"Esmalte Para Uñas Sally Hansen Insta Dri x 9,17 ml Color 281 Beet Ing Heart"
WS4672989,Lisfar,Lisfar Limas Para Uñas Esmeril Número 11 12 Unidad
WS4672990,Rexona,Rexona Antitranspirante en Crema Clinical Men In Fresh 58 gr
WS4672991,Farmaco,Farmaco Glicerina Jabón en Barra Con Aloe Piel Normal 100 g
WS4672993,Klorane,Klorane Shampo Matizante Centaurea Para Reflejos Canosos 400 ml
WS4672995,Lenox,Lenox Chico N° 1 xg
WS4672998,Cher,Edt Cher Mix Deli Sugar Melo 75 ml
WS4672999,Sally Hansen,Sally Hansen Color Therapy Esmalte de Uñas 340
WS4673001,Chicco,Chicco Pezoneras Protectoras de Silicona Skin To Skin 1 Par
WS4673003,Pura Soap,Crema Corporal Vegetal Pura Soap Castaña x 300 ml
WS4673004,Lenox,Lenox Talle S l
WS4673011,Kolynos,Pasta Dental Kolynos Super Blanco 180 g x 3 Unidades
WS4673012,Burgues,Burgues Desodorante Aerosol Balzac 8 For Men 160 ml
WS4673013,Bellissima,Buclera Bellissima 15 gt 300
WS4673015,Biore,Biore Bandas De Limpieza Profunda Original (8 Unidades)
WS4673020,Baby Innovation,Baby Innovation Alicate Con Lupa
WS4673022,Lux,Lux Jabón de Glicerina en Barra Bromelia 90 gr (3 Unidades)
WS4673023,Gut,Gasa Estuche N°5 30x30 - Gut
WS4673024,Rexona,Rexona Men V8 Antitranspirante Aerosol 250 ml
WS4673025,Franklin,Franklin Termómetro Digital Flex Hz5 1 Unidad
WS4673028,Sri Sri,Pasta Dental Sri Sri Tattva Sudanta Ultra Blanqueadora x 100 g
WS4673030,Jactans,Disney Esmalte Fucsia La Sirenita
WS4673031,Eucerin,Crema Eucerin Hyaluron Filler Elasticity Repuesto Spf 30 x 50 ml
WS4673032,Comodin,Comodin Pañales Adulto Clasico Xg (10 Unidades)
WS4673035,Comodin,Comodin Refuerzo Pañal Xg (10 Unidades)
WS4673038,Curaprox,Curaprox Cepillo Interdental Cps 09 prime Handy Yellow
WS4673039,Hipoalergic,"Cinta Elástica Autoadherente Hipoalergic Flex 5 cm x 4,5 m (1 rollo color beige)"
WS4673041,Ciel,Ciel Neceser (Edp 50 ml + Deo 123 ml) For Woman
WS4673042,Apper,Apper Antifaz Gel Frio
WS4673044,Cutex,Cutex Esmalte Pack Duo French Summer Ocean Mist
WS4673047,Depimiel,Depimiel Roll On Clasico 100 gr
WS4673048,Jactans,Disney Brillo Labial Princesa Frozen Ii
WS4673049,Oyonnax,Oyonnax Peine De Rulero N° 7 Terminado A Mano 1 Unidad
WS4673052,L'Inedito,Edp Potenza L'inedito Uomo x 100 ml
WS4673053,Hipoalergic,Apósitos de Silicona Reductor de Cicatrices Hipoalergic Sili-Care 4 cm x 15 cm (caja x 2 unidades)
WS4673054,Jean Paul Gaultier,Jean Paul Gaultier Scandal Le Parfum Edp Presentación 80 ml
WS4673055,Maxx,Maxx Espermicida Preservativos 6 Unidades
WS4673056,Boos,Edt Boos Acqua x 100 ml + Desodoreante en Aerosol x 150 ml
WS4673059,Kevin,Set Kevin Black Edt 60 ml + Desodorante 150 ml + Neceser
WS4673060,Maxx,Preservativo Maxx Texturado x 12 un
WS4673062,Avene,Avene Desmaquillante Waterproof 125 ml
WS4673069,Banderas,Banderas The Icon Elixir Woman Edp Intense 50 ml
WS4673070,Marchand D' Aromes,Set Marchand D Aromes Edp Le Bon Rouge x 110 ml + Perfumero x 5 ml
WS4673072,Nic,Tratamiento Capilar Nic Repuntando x 200 ml
WS4673073,Aller Atucha,Pera de Goma N°18 - Atucha
WS4673075,Calvin Klein,Calvin Klein Ck One Night Essence Parfum 100 ml
WS4673076,Tena,Tena Ropa Interior Pants Ultra Talle l (8 Unidades)
WS4673081,Curaprox,Curaprox Cepillo Interdental Cps 08 prime Handy Pink
WS4673082,Maybelline,Corrector Maybelline Fit Me Spot Rescue Tono 05
WS4673084,Procer,Procer Muñequera Elástica | Talle 2
WS4673086,Hipoalergic,Cinta Adhesiva Neuromuscular Hipoalergic Kin 5 cm x 5 m (1 rollo color beige)
WS4673089,Cher,Cher Dieciocho Rocket Body Splash 125 ml
WS4673090,Colgate,Pasta Dental Colgate Herbal Natural Protect x 90 g
WS4673093,Giesso,Giesso Set Puro Edt 50 ml + Deo Tamaño 2 Unid
WS4673095,Aller Atucha,Pera de Goma N° 6 - Atucha
WS4673096,Jactans,K-Pop Perfume Huntrix Estuche Cubo 50 ml
WS4673097,Lisfar,Lisfar Pastillero Individual
WS4673098,Issue,Issue Keratin Color 9 Rubio Claro Claro 9 Rubio Muy Claro
WS4673100,La Pasionaria,La Pasionaria Desodorante en Aerosol Historias 3 x 123 ml
WS4673102,Comodin,Comodin Apósitos Refuerza Pañal m
WS4673103,Maxx,Preservativos Maxx Ultra Fino 3 Unidades
WS4673104,Sagrada Madre,Sahumerio Sagrada Madre Sándalo Y Olíbano x 8 un
WS4673105,Más Accesorios,Mas Accesorios Esponjas Desmaquillante
WS4673106,Pantene,Acondicionador Pantene Pro-V Miracles Detox x 200 ml
WS4673107,Sally Hansen,"Esmalte para Uñas Sally Hansen Color Therapy x 14,7 ml Color 455 Time For Blue"
WS4673108,Forlano,Forlano Bolsa Colectora de Orina F-2002 Sonda
WS4673109,Babelito,Mamadera Boca Ancha T1 Babelito x 125 ml (Color Sujeto a Stock)
WS4673110,47 Street,47 Street Fragancia Intuition Edt x 50 ml
WS4673112,Chicco,Chicco Biberon Natural Feeling Flujo Normal 0 meses 150 ml
WS4673113,Vichy,Vichy Mineral 89 Cream 40 ml Hidratante Facial
WS4673115,Comodin,Comodin Pañal Adulto Clasico Xg (20 Unidades)
WS4673118,Sensodyne,Sensodyne Cepillo Complete Care Medium
WS4673122,Lux,Lux Jabón en Barra Jazmin Cremoso 120 gr
WS4673123,Zono,Zono Protector Solar Fps30 120 ml
WS4673125,Jactans,Margarita Fragancia Arriesghada Edt 50 ml
WS4673127,Colibrí,Colibri Anilina Frio Lila 830
WS4673128,Prime,Prime Preservativo Skyn Extra Lubricado (6 Unidades)
WS4673129,Calvin Klein,Calvin Klein Euphoria Bold Elixir 100 ml
WS4673131,Secret,Desodorante Antitranspirante Secret Ph Balanced Lavanda x 45 g
WS4673139,Procer,Procer Venda Elástica Deportiva de Algodón 9 cm 1 uni Único
WS4673144,Odol,Odol Crema Dental Doble Accion 180 grs
WS4673148,Ducray,Ducray Shampoo Kertyol P.S.O 125 ml
WS4673149,Boos,Boos Intense Attraction Neceser For Men Edp 60Ml + Desodorante 150Ml
WS4673150,Lenox,Lenox Protector Pads Para Callos Y Ojos de Gallo (8 Unidades) Unico
WS4673152,Armani,Armani Acqua Di Gio Edt Tamaño 100 ml
WS4673154,Dove,Shampoo Dove Óleo Nutrición Superior x 400 ml
WS4673161,Nivea,Bálsamo Labial Nivea Edición Limitada Disney Rapunzel x 4.8 g
WS4673162,Comodin,Comodin Paños Jabonosos Descartables con Manzanilla | 10 Unidades
WS4673166,Nina Ricci,Nina Ricci Venus Edp Presentación Fragancias 80 ml
WS4673169,Gillette,Maquina Afeitar Desechable Gillette Prestobarba Carbono 8 Uds
WS4673174,Tena,Tena Pants Ultra m (8 Unidades)
WS4673177,Otosan,Otosan Tapon Para Oido Amasable de Silicona
WS4673178,Batiste,Batiste Shampoo en Seco Rose Gold Radiant Rose 108 gr
WS4673179,Maybelline,Corrector Maybelline Fit Me Spot Rescue Tono 40
WS4673180,Lisfar,Lisfar Limas Para Uñas Esmeril Número 17 12 Unidad
WS4673181,Procer,Procer Talle 3 7
WS4673183,La Pasionaria,La Pasionaria Fragancia Historias 1 Edp 50 ml
WS4673185,Gut,Gasa Estuche N°5 15x15 - Gut
WS4673187,Boos,Boos Set Fragancia Intense Attaction Edp 90 ml + Botella Termica
WS4673188,Bensimon,Bensimon Blue Night Edp 200 ml
WS4673190,Comodin,Comodin Apositos Incontinencia Extrema (20 Unidades)
WS4673194,Head & Shoulders,Shampoo Head & Shoulders Romero Anti Caida x 180 ml
WS4673195,Profit,Venda Profit Deportiva 7 cm x 3 mts Densidad Único
WS4673196,Jactans,Capybara esmalte en Bolsita de Cumple 8 ml
WS4673203,Omron,Omron Tensiómetro Digital Automático De Brazo HEM-7121J-LA
WS4673204,Cutex,Cutex Esmalte de Uñas Wine Collection | Color Rose
WS4673210,Aller Atucha,Atucha Orinal Mujer
WS4673211,Tascani,Tascani Necesser Singular For Men Edp 100 ml + Necesser
WS4673212,Boos,Boos Wild Extreme Edp 100 ml
WS4673213,Sally Hansen,Sally Hansen Vitamin E Nail & Cuticle Oil
WS4673214,Sensodyne,Sensodyne Crema Dental Sensibilidad Y Esmalte Blanqueador 100 gr
WS4673217,Vitamina,Vitamina Edp Vitmina Lady x 100 ml
WS4673218,Lisfar,Lisfar Goma Para Nebulizar de Latex Tubular 1 metro
WS4673221,Carolina Herrera,Carolina Herrera Bad Boy Le Parfum Edp Presentación 150 ml
WS4673222,Bensimon,Bensimon Fragancia Bold Intense Body Spray 165 ml
WS4673227,Hinds,Hinds Crema Rosa Beauty 250 ml
WS4673228,Nivea,Nivea Crema antiarrugas q10 plus noche 50 ml
WS4673231,Ducray,Ducray Shampoo Squanorm Graso 200 ml
WS4673232,Petit Amour,Petit Amour Fragancia Sweet 15 colonia 100 ml
WS4673237,Lisfar,Lisfar Botiquin Primeros Auxilios
WS4673240,Bensimon,Bensimon Bold Edp Presentación 200 ml
WS4673245,Wellington Polo Club,Wellington Polo Club Necesser Polo Club Red Edp 60 ml + Desodorante
WS4673247,Avene,Mascarilla Detox Avene Cleanance x 50 ml Capacidad
WS4673251,Band Aid,Apósitos Band-Aid Ultra Flex Variados x 20 un
WS4673252,Comodin,Comodin Apósitos Refuerza Pañal g
WS4673256,Venado,Venado Peine Familiar Mediano P180 x 1 Unidad
WS4673258,Hinds,Hinds Rosa Plus 75 ml
WS4673259,Ona Saez,Ona Saez Bandolera Mito (Edp 100 ml + Deo 160 ml)
WS4673260,Zono,Zono Protector Solar Sport Fps 50 120 ml
WS4673264,Silfab,Silfab Orinal Masculino
WS4673265,3M,3 m Tela Adhesiva 500 .cm x 9 m Micrpore Nexcare Con Racionador Estuche
WS4673267,Colgate,Colgate Enjuague Nucal Periogard Udo Diario 500 ml
WS4673268,Pantene,Shampoo Pantene Anti Caida x 510 ml
WS4673269,Sally Hansen,"Esmalte Para Uñas Sally Hansen Color Therapy x 14,7 ml Color Gorgeous Granite"
WS4673273,Nosotras,Protectores Nosotras Largos Multifluidos | 50 unidades
WS4673275,Nina Ricci,Nina Ricci Nina Nature Edt Presentación 80 ml
WS4673276,Nivea,Desodorante Antitranspirante Femenino Nivea Dry Confort x 150 ml
WS4673277,Prime,Prime Preservativo Skyn Extra Lubricado x3 Unidades
WS4673279,Acf By Dadatina,Acf By Dadatina Serum Vol 4 bioma Postbiotico
WS4673282,Ducray,Ducray Shampo Extra Doux 400 ml
WS4673283,Giesso,Giesso Perfume Eau de Parfum para Hombres Intuition 100 ml
WS4673287,Duracell,Duracell Pila Audifono Tamaño 13 (6 Blister)
WS4673288,Revlon,Revlon Tinta de Maquillaje Photoready Lift & Fill Skin Tint 30 ml | Tono 120
WS4673289,Lisfar,Lisfar Triturador de Pastillas
WS4673292,Artez Westerley,Artez Westerley Lápiz Delineador Para Ojos Y Cejas Marron
WS4673294,Sally Hansen,Sally Hansen Insta Dri Color 423 Just In Wine
WS4673296,Givenchy,Givenchy Irresistible Nude Velvet Edp Presentación Fragancias 50 ml
WS4673300,Aller Atucha,Atucha Jeringa Para Enema Nº 0 15 cc
WS4673301,Banderas,Banderas Seduction Edp 100 ml
WS4673302,Halloween,Halloween Bliss Edt Presentación 30 ml
WS4673303,Jactans,Stitch Perfume Frutilla 50 ml
WS4673305,Elmex,Elmex Crema Dental Sensitive Professional 75 gr
WS4673309,Gillette,Repuesto Máquina de Afeitar Gillette 3 mach Carbón x 4 un
WS4673311,Sally Hansen,"Esmalte Para Uñas Sally Hansen Insta Dri Renovation x 9,17 ml Color 526 chill Out"
WS4673312,Syra Lab,Aposito Quirurgico Esteril 7 x 20 cm X8 - Syra
WS4673315,Babelito,Set de Regalo Babelito Recien Nacido x 4 Unid.
WS4673320,Calipso,Calipso Normal Con Gel Extra Seda Toalla Femenina x 16 un Unico
WS4673324,Hipoalergic,Cinta Adhesiva Neuromuscular Hipoalergic Kin 5cm x 5m
WS4673326,Rexona,Rexona Desodorante Xtracool 250 ml
WS4673329,Zono,Protector Solar Zono en Crema Fps 50 x 200 ml
WS4673332,Cher,CHER ORIGINAL BODY SPLASH X100 + BODY LOTION COFRE
WS4673333,Lucy Anderson,LUCY ANDERSON CREMA DE MANOS PITANGA X 200 G
WS4673335,Marta Roggiero,MARTA ROGGIERO HG260/BN
WS4676838,WATTEAU,Watteau Locion Brisas Vidrio X 220ml
WS4676841,Farmacias Chester,WATTEAU LOCIÓN INGLESA X440
WS4676843,Bensimon,Bensimon Blue Re Code Edt 100 ml
WS4676887,WATTEAU,Watteau Brisas Loción Corporal Mujer Edc 440 ml
WS4679902,Marta Roggiero,MARTA ROGGIERO H2771 BROCHE
WS4679903,Marta Roggiero,MARTA ROGGIERO ELASTICO 842565
WS4679904,Marta Roggiero,MARTA ROGGIERO BROCHE H2759
WS4679905,Marta Roggiero,MARTA ROGGIERO TIC TAC INFANT X2 TTIG12
WS4679906,Marta Roggiero,MARTA ROGGIERO GOMITAS X4 HG204/A
WS4679907,Marta Roggiero,MARTA ROGGIERO GOMITA POR PAR HI5527
WS4679908,Maybelline,Maybelline Base en Polvo Fit Me Ultimate Powder Fps44 235 True Beige
WS4679909,Marta Roggiero,MARTA ROGGIERO AGARRAPELUSA X6 HI5519
WS4679910,Marta Roggiero,MARTA ROGGIERO HV1064
WS4679911,Marta Roggiero,MARTA ROGGIERO GOMITAS X4 HG302
WS4679912,Marta Roggiero,MARTA ROGGIERO MARTA ROGGIERO VG3
WS4679913,Marta Roggiero,MARTA ROGGIERO H2756 BROCHE X 2
WS4679915,Marta Roggiero,MARTA ROGGIERO GOMITA INFANTIL HI5513
WS4679941,Marta Roggiero,MARTA ROGGIERO VINCHA VG13
WS4679944,Marta Roggiero,MARTA ROGGIERO HG260/B
WS4679946,Marta Roggiero,MARTA ROGGIERO H2062
WS4679947,Marta Roggiero,MARTA ROGGIERO GOMITAS X3 G3G3
WS4679948,Marta Roggiero,MARTA ROGGIERO PEINE P12
