SKU,Producto,Marca,EAN,Imagen_URL,Fuente,Pagina_URL
0006852,OXIGENTA ALFAPARFx1000ml VOL 10,ALFAPARF,8022297160849,https://www.barbersalon.com/media/catalog/product/cache/c68e9bbb2d73eded5f4972f8e568886c/a/l/alfaparf-oxid-10vol-33.82oz.jpg,busqueda web (exacta),https://www.barbersalon.com/hair-salon/alfaparf-oxid-o-stabilized-peroxide-cream-10-volume-33-81-oz.html
0017210,SERUM CAPILAR ALFAPARFx50ml LISSE DESIGN ELI,ALFAPARF,8022297141442,https://www.tiendadelabelleza.co/cdn/shop/files/KeratinTherapyLisseDesignAceiteTheOilAlfaparfMilanoTecItalyTiendadelaBelleza.png?v=1734753079,busqueda web (exacta),https://www.tiendadelabelleza.co/products/keratin-therapy-lisse-design-aceite-the-oil-alfaparf-milano
0023353,TERMOPROTECTOR ALFAPARFx300ml STYLE CARE,ALFAPARF,8022297141558,https://cdn.shopify.com/s/files/1/0844/3861/4342/files/AL0155.png?v=1738255241,busqueda web (exacta),https://www.justmylook.com/products/alfaparf-milano-semi-di-lino-style-care-thermal-protector-300ml
0025163,TINTE ALFAPARFx60ml SHINE 7.66,ALFAPARF,8022297186566,https://bellpro.cl/wp-content/uploads/2026/01/11785.png,busqueda web (exacta),https://bellpro.cl/producto/alfaparf-evolution-shine-effect-7-66-60ml/
0025164,TINTE ALFAPARFx60ml SHINE 6.66,ALFAPARF,8022297186559,https://bellpro.cl/wp-content/uploads/2026/01/11784-1.png,busqueda web (exacta),https://bellpro.cl/producto/alfaparf-evolution-shine-effect-6-66-60ml/
0025165,TINTE ALFAPARFx60ml SHINE 5.66,ALFAPARF,8022297186542,https://bellpro.cl/wp-content/uploads/2026/01/11783.png,busqueda web (exacta),https://bellpro.cl/producto/alfaparf-evolution-shine-effect-5-66-60ml/
0025166,TINTE ALFAPARFx60ml SHINE 4.66,ALFAPARF,8022297186535,https://bellpro.cl/wp-content/uploads/2026/01/11782.png,busqueda web (exacta),https://bellpro.cl/producto/alfaparf-evolution-shine-effect-4-66-60ml/
0025167,TINTE ALFAPARFx60ml SHINE 6.64,ALFAPARF,8022297186528,https://bellpro.cl/wp-content/uploads/2026/01/11781.png,busqueda web (exacta),https://bellpro.cl/producto/alfaparf-evolution-shine-effect-6-64-60ml/
0025168,TINTE ALFAPARFx60ml SHINE 5.53,ALFAPARF,8022297186511,https://bellpro.cl/wp-content/uploads/2026/01/11806.png,busqueda web (exacta),https://bellpro.cl/producto/alfaparf-evolution-shine-effect-5-53-60ml/
0025169,TINTE ALFAPARFx60ml SHINE 8.51,ALFAPARF,8022297186504,https://bellpro.cl/wp-content/uploads/2026/01/11809.png,busqueda web (exacta),https://bellpro.cl/producto/alfaparf-evolution-shine-effect-8-51-60ml/
0025170,TINTE ALFAPARFx60ml SHINE 6.51,ALFAPARF,8022297186498,https://bellpro.cl/wp-content/uploads/2026/01/11808.png,busqueda web (exacta),https://bellpro.cl/producto/alfaparf-evolution-shine-effect-6-51-60ml/
0025171,TINTE ALFAPARFx60ml SHINE 7.5,ALFAPARF,8022297186481,https://bellpro.cl/wp-content/uploads/2026/01/11814.png,busqueda web (exacta),https://bellpro.cl/producto/alfaparf-evolution-shine-effect-7-5-60ml/
0025172,TINTE ALFAPARFx60ml SHINE 6.5,ALFAPARF,8022297186474,https://bellpro.cl/wp-content/uploads/2026/01/11813.png,busqueda web (exacta),https://bellpro.cl/producto/alfaparf-evolution-shine-effect-6-5-60ml/
0025173,TINTE ALFAPARFx60ml SHINE 4.5,ALFAPARF,8022297186467,https://bellpro.cl/wp-content/uploads/2026/01/11812-2.png,busqueda web (exacta),https://bellpro.cl/producto/alfaparf-evolution-shine-effect-4-5-60ml/
0025174,TINTE ALFAPARFx60ml SHINE 7.46,ALFAPARF,8022297186450,https://bellpro.cl/wp-content/uploads/2026/01/11815.png,busqueda web (exacta),https://bellpro.cl/producto/alfaparf-evolution-shine-effect-7-46-60ml/
0025175,TINTE ALFAPARFx60ml SHINE 8.4,ALFAPARF,8022297186443,https://bellpro.cl/wp-content/uploads/2026/01/11780.png,busqueda web (exacta),https://bellpro.cl/producto/alfaparf-evolution-shine-effect-8-4-60ml/
0025176,TINTE ALFAPARFx60ml SHINE 7.3,ALFAPARF,8022297186412,https://bellpro.cl/wp-content/uploads/2026/01/11787.png,busqueda web (exacta),https://bellpro.cl/producto/alfaparf-evolution-shine-effect-7-3-60ml/
0025177,TINTE ALFAPARFx60ml SHINE 9.3,ALFAPARF,8022297186436,https://cdn.shopify.com/s/files/1/1120/1136/files/9.3_Alfaparf_Milano_Evolution_Of_The_Color_Shine_Effect_Permanent_Color_60ml.png?v=1778174680,"busqueda web (exacta) REVISAR (solo muestra de color, sin empaque)",https://www.kiyobeauty.com/products/alfaparf-milano-evolution-of-the-color-shine-effect-permanent-color-60ml
0025178,TINTE ALFAPARFx60ml SHINE 8.3,ALFAPARF,8022297186429,https://bellpro.cl/wp-content/uploads/2026/01/11788.png,busqueda web (exacta),https://bellpro.cl/producto/alfaparf-evolution-shine-effect-8-3-60ml/
0025179,TINTE ALFAPARFx60ml SHINE 6.3,ALFAPARF,8022297186405,https://bellpro.cl/wp-content/uploads/2026/01/11786.png,busqueda web (exacta),https://bellpro.cl/producto/alfaparf-evolution-shine-effect-6-3-60ml/
0025180,TINTE ALFAPARFx60ml SHINE 9.13,ALFAPARF,8022297186399,https://cdn.shopify.com/s/files/1/1120/1136/files/9.13_Alfaparf_Milano_Evolution_Of_The_Color_Shine_Effect_Permanent_Color_60ml.png?v=1778174707,"busqueda web (exacta) REVISAR (solo muestra de color, sin empaque)",https://www.kiyobeauty.com/products/alfaparf-milano-evolution-of-the-color-shine-effect-permanent-color-60ml
0025181,TINTE ALFAPARFx60ml SHINE 10.32,ALFAPARF,8022297186382,https://bellpro.cl/wp-content/uploads/2026/01/11805.png,busqueda web (exacta),https://bellpro.cl/producto/alfaparf-evolution-shine-effect-10-32-60ml/
0025182,TINTE ALFAPARFx60ml SHINE 8.32,ALFAPARF,8022297186375,https://bellpro.cl/wp-content/uploads/2026/01/11804.png,busqueda web (exacta),https://bellpro.cl/producto/alfaparf-evolution-shine-effect-8-32-60ml/
0025183,TINTE ALFAPARFx60ml SHINE 7.32,ALFAPARF,8022297186368,https://bellpro.cl/wp-content/uploads/2026/01/11803.png,busqueda web (exacta),https://bellpro.cl/producto/alfaparf-evolution-shine-effect-7-32-60ml/
0025184,TINTE ALFAPARFx60ml SHINE 6.32,ALFAPARF,8022297186351,https://bellpro.cl/wp-content/uploads/2026/01/11802.png,busqueda web (exacta),https://bellpro.cl/producto/alfaparf-evolution-shine-effect-6-32-60ml/
0025185,TINTE ALFAPARFx60ml SHINE 5.32,ALFAPARF,8022297186344,https://bellpro.cl/wp-content/uploads/2026/01/11801.png,busqueda web (exacta),https://bellpro.cl/producto/alfaparf-evolution-shine-effect-5-32-60ml/
0025186,TINTE ALFAPARFx60ml SHINE 7.25,ALFAPARF,8022297186337,https://bellpro.cl/wp-content/uploads/2026/01/11791.png,busqueda web (exacta),https://bellpro.cl/producto/alfaparf-evolution-shine-effect-7-25-60ml/
0025187,TINTE ALFAPARFx60ml SHINE 6.25,ALFAPARF,8022297186320,https://bellpro.cl/wp-content/uploads/2026/01/11841.png,busqueda web (exacta),https://bellpro.cl/producto/alfaparf-evolution-shine-effect-6-25-60ml/
0025188,TINTE ALFAPARFx60ml SHINE 9.24,ALFAPARF,8022297186313,https://cdn.shopify.com/s/files/1/1120/1136/files/9.24_Alfaparf_Milano_Evolution_Of_The_Color_Shine_Effect_Permanent_Color_60ml.png?v=1778174263,"busqueda web (exacta) REVISAR (solo muestra de color, sin empaque)",https://www.kiyobeauty.com/products/alfaparf-milano-evolution-of-the-color-shine-effect-permanent-color-60ml
0025189,TINTE ALFAPARFx60ml SHINE 5.15,ALFAPARF,8022297186306,https://bellpro.cl/wp-content/uploads/2026/01/11807-2.png,busqueda web (exacta),https://bellpro.cl/producto/alfaparf-evolution-shine-effect-5-15-60ml/
0025190,TINTE ALFAPARFx60ml SHINE 10.05,ALFAPARF,8022297186290,https://bellpro.cl/wp-content/uploads/2026/01/11810.png,busqueda web (exacta),https://bellpro.cl/producto/alfaparf-evolution-shine-effect-10-05-60ml/
0025191,TINTE ALFAPARFx60ml SHINE 8.85,ALFAPARF,8022297186283,https://bellpro.cl/wp-content/uploads/2026/01/11797.png,busqueda web (exacta),https://bellpro.cl/producto/alfaparf-evolution-shine-effect-8-85-60ml/
0025192,TINTE ALFAPARFx60ml SHINE 8.82,ALFAPARF,8022297186276,https://bellpro.cl/wp-content/uploads/2026/01/11796.png,busqueda web (exacta),https://bellpro.cl/producto/alfaparf-evolution-shine-effect-8-82-60ml/
0025193,TINTE ALFAPARFx60ml SHINE 9.81,ALFAPARF,8022297186269,https://cdn.shopify.com/s/files/1/0274/9959/3843/files/APMP_EOC-Shine-Effect_Marroni-Freddi_9.81_PF029044_228735da-eee4-4e47-96cd-016419e915bb.jpg?v=1773193067,"busqueda web (exacta) REVISAR (solo muestra de color, sin empaque)",https://alfaparfusapro.com/products/evolution-of-the-color-shine-effect
0025201,TINTE ALFAPARFx60ml SHINE 6.7,ALFAPARF,8022297186238,https://bellpro.cl/wp-content/uploads/2026/01/11793.png,busqueda web (exacta),https://bellpro.cl/producto/alfaparf-evolution-shine-effect-6-7-60ml/
0025202,TINTE ALFAPARFx60ml SHINE 9.28,ALFAPARF,8022297186214,https://cdn.shopify.com/s/files/1/1120/1136/files/9.28_Alfaparf_Milano_Evolution_Of_The_Color_Shine_Effect_Permanent_Color_60ml.png?v=1778173636,"busqueda web (exacta) REVISAR (solo muestra de color, sin empaque)",https://www.kiyobeauty.com/products/alfaparf-milano-evolution-of-the-color-shine-effect-permanent-color-60ml
0025203,TINTE ALFAPARFx60ml SHINE 9.23,ALFAPARF,8022297186207,https://cdn.shopify.com/s/files/1/1120/1136/files/9.23_Alfaparf_Milano_Evolution_Of_The_Color_Shine_Effect_Permanent_Color_60ml.png?v=1778173168,"busqueda web (exacta) REVISAR (solo muestra de color, sin empaque)",https://www.kiyobeauty.com/products/alfaparf-milano-evolution-of-the-color-shine-effect-permanent-color-60ml
0025204,TINTE ALFAPARFx60ml SHINE 8.23,ALFAPARF,8022297186191,https://bellpro.cl/wp-content/uploads/2026/01/11839.png,busqueda web (exacta),https://bellpro.cl/producto/alfaparf-evolution-shine-effect-8-23-60ml/
0025205,TINTE ALFAPARFx60ml SHINE 7.21,ALFAPARF,8022297186184,https://bellpro.cl/wp-content/uploads/2026/01/11838.png,busqueda web (exacta),https://bellpro.cl/producto/alfaparf-evolution-shine-effect-7-21-60ml/
0025206,TINTE ALFAPARFx60ml SHINE 10.2,ALFAPARF,8022297186177,https://bellpro.cl/wp-content/uploads/2026/01/11837.png,busqueda web (exacta),https://bellpro.cl/producto/alfaparf-evolution-shine-effect-10-2-60ml/
0025207,TINTE ALFAPARFx60ml SHINE 6.18,ALFAPARF,8022297186160,https://bellpro.cl/wp-content/uploads/2026/01/11794.png,busqueda web (exacta),https://bellpro.cl/producto/alfaparf-evolution-shine-effect-6-18-60ml/
0025208,TINTE ALFAPARFx60ml SHINE 1.11,ALFAPARF,8022297186153,https://bellpro.cl/wp-content/uploads/2026/01/11836.png,busqueda web (exacta),https://bellpro.cl/producto/alfaparf-evolution-shine-effect-1-11-60ml/
0025209,TINTE ALFAPARFx60ml SHINE 10.1,ALFAPARF,8022297186146,https://bellpro.cl/wp-content/uploads/2026/01/11835.png,busqueda web (exacta),https://bellpro.cl/producto/alfaparf-evolution-shine-effect-10-1-60ml/
0025210,TINTE ALFAPARFx60ml SHINE 9.1,ALFAPARF,8022297186139,https://cdn.shopify.com/s/files/1/1120/1136/files/9.1_Alfaparf_Milano_Evolution_Of_The_Color_Shine_Effect_Permanent_Color_60ml.png?v=1778165458,busqueda web (exacta),https://www.kiyobeauty.com/products/alfaparf-milano-evolution-of-the-color-shine-effect-permanent-color-60ml
0025211,TINTE ALFAPARFx60ml SHINE 8.1,ALFAPARF,8022297186122,https://bellpro.cl/wp-content/uploads/2026/01/11830.png,busqueda web (exacta),https://bellpro.cl/producto/alfaparf-evolution-shine-effect-8-1-60ml/
0025212,TINTE ALFAPARFx60ml SHINE 7.1,ALFAPARF,8022297186115,https://bellpro.cl/wp-content/uploads/2026/01/11829.png,busqueda web (exacta),https://bellpro.cl/producto/alfaparf-evolution-shine-effect-7-1-60ml/
0025213,TINTE ALFAPARFx60ml SHINE 10,ALFAPARF,8022297186108,https://bellpro.cl/wp-content/uploads/2026/01/11828.png,busqueda web (exacta),https://bellpro.cl/producto/alfaparf-evolution-shine-effect-10-60ml/
0025214,TINTE ALFAPARFx60ml SHINE 9,ALFAPARF,8022297186092,https://cdn.shopify.com/s/files/1/1120/1136/files/9_Alfaparf_Milano_Evolution_of_the_Color_Shine_Effect.png?v=1773253663,"busqueda web (exacta) REVISAR (solo muestra de color, sin empaque)",https://www.kiyobeauty.com/products/alfaparf-milano-evolution-of-the-color-shine-effect-permanent-color-60ml
0025215,TINTE ALFAPARFx60ml SHINE 8,ALFAPARF,8022297186085,https://bellpro.cl/wp-content/uploads/2026/01/11826.png,busqueda web (exacta),https://bellpro.cl/producto/alfaparf-evolution-shine-effect-8-60ml/
0025216,TINTE ALFAPARFx60ml SHINE 7,ALFAPARF,8022297186078,https://bellpro.cl/wp-content/uploads/2026/01/11825.png,busqueda web (exacta),https://bellpro.cl/producto/alfaparf-evolution-shine-effect-7-60ml/
0025217,TINTE ALFAPARFx60ml SHINE 5,ALFAPARF,8022297186054,https://bellpro.cl/wp-content/uploads/2026/01/11823.png,busqueda web (exacta),https://bellpro.cl/producto/alfaparf-evolution-shine-effect-5-60ml/
0025218,TINTE ALFAPARFx60ml SHINE 4,ALFAPARF,8022297186047,https://bellpro.cl/wp-content/uploads/2026/01/11822.png,busqueda web (exacta),https://bellpro.cl/producto/alfaparf-evolution-shine-effect-4-60ml/
0025219,TINTE ALFAPARFx60ml SHINE 3,ALFAPARF,8022297186030,https://bellpro.cl/wp-content/uploads/2026/01/11821.png,busqueda web (exacta),https://bellpro.cl/producto/alfaparf-evolution-shine-effect-3-60ml/
0020271,SECADOR ALIZZxund 21000 ELEGANCE NEGRO,ALIZZ,7707314873384,https://exitocol.vteximg.com.br/arquivos/ids/31155003/secador-alizz-profesional-super-mega-turbo-21000-elegance-nergro.jpg,www.exito.com,
0021865,CEPILLO ELECTRICO ALIZZxund AIR INFR 360 DORADO,ALIZZ,7709071556791,https://cdn.shopify.com/s/files/1/0079/1245/6274/files/cepillo_negro_web.png?v=1759165871,busqueda web (exacta),https://alizz.com.co/products/cepillo-secador-air-360-infrared-dorado
0021866,CEPILLO ELECTRICO ALIZZxund AIR INFR 360 LILA,ALIZZ,7709071556777,https://cdn.shopify.com/s/files/1/0079/1245/6274/files/Purpura.jpg?v=1733763765,busqueda web (exacta),https://alizz.com.co/products/cepillo-secador-air-360-infrared-lila
0016996,AROMATIZADOR ALTAR DE CORPUSx250ml FLOR DE LOTO Y MELON,ALTAR DE CORPUS,7703224302341,,no encontrada,
0025945,TONICO CAPILAR AMAZONICAx150ml FORTALECEDOR,AMAZONICA,7708333276750,https://locatelcolombia.vteximg.com.br/arquivos/ids/411234/7708333276750_1_TONICO_CAP.AMAZONICA_ROSEMARY_X150ML.png,www.locatelcolombia.com verificada a ojo (EAN coincide pero es: Tónico Capilar Amazónica Rosemary X 150ml),
0010040,LABIAL AMEx2g BANG 01 CHERRY BOOM BANG,AME,7709579514982,https://cdn.shopify.com/s/files/1/0682/5112/3885/files/159081-800-auto_ecbdea3d-a043-4ef7-ab16-376a15ff853b.jpg?v=1745415518,busqueda web (exacta),https://www.vivelabelleza.com.co/products/labial-ame-2g-01-cherry-boom-bang
0010883,ILUMINADOR AMEx4.0g SECOND BASE DUO PALETA,AME,7709969180848,https://exitocol.vteximg.com.br/arquivos/ids/23612679/iluminador-duo-en-polvo-second-base.jpg,www.exito.com,
0010885,LABIAL AMEx2g BANG 03 PRETTY POP BANG,AME,7709480334690,https://exitocol.vteximg.com.br/arquivos/ids/23607774/labial-en-barra-03-pretty-pop.jpg,www.exito.com,
0010886,LABIAL AMEx2g BANG 04 LOVE SHOT BANG,AME,7709958250248,https://exitocol.vteximg.com.br/arquivos/ids/23607778/labial-en-barra-04-love-shot.jpg,www.exito.com,
0014332,FIJADOR MAQUILLAJE AMEx80ml,AME,7709606413896,https://exitocol.vteximg.com.br/arquivos/ids/23620610/holy-fix-fijador-de-maquillaje.jpg,www.exito.com,
0014712,DELINEADOR AMEx1.6g GEL,AME,7709606413865,https://exitocol.vteximg.com.br/arquivos/ids/23610702/delineador-liquido-de-ojos-en-gel.jpg,www.exito.com,
0014852,ESTILIZADOR AMEx10g CEJAS,AME,7708731297746,https://exitocol.vteximg.com.br/arquivos/ids/23415656/estilizador-de-cejas-gel-on-fleek.jpg,www.exito.com,
0017872,SERUM FACIAL AMEx33ml HIDRATANTE,AME,7708731297135,https://exitocol.vteximg.com.br/arquivos/ids/23620718/serum-hidratante.jpg,www.exito.com REVISAR (foto muestra marca Moonshot),
0019774,SERUM FACIAL AMEx33g EFECTO BARRERA,AME,7708139460353,https://cdn.shopify.com/s/files/1/0682/5112/3885/files/183159-800-auto_c4224b55-e3a9-47f3-9841-32f572aba149.png?v=1745417096,busqueda web (exacta),https://www.vivelabelleza.com.co/products/serum-facial-ame-33g-efecto-barrera
0020506,POLVO AMEx10g SUELTO STAY PINK 05,AME,7709997969774,https://cdn.shopify.com/s/files/1/0682/5112/3885/files/183828-800-auto_ffae858c-9b04-4471-b060-a5e28e9c6534.png?v=1745416379,busqueda web (exacta),https://www.vivelabelleza.com.co/products/polvo-ame-stay-pink-05
0020976,TINTA LABIAL AMEx4.5g 01 GEL SUNLIGHT,AME,7708139460803,https://cdn.shopify.com/s/files/1/0682/5112/3885/files/184880-800-auto_82d04804-9a22-4cc5-a00a-06b5f60beda4.png?v=1745417329,busqueda web (exacta),https://www.vivelabelleza.com.co/products/tinta-labios-ame-4-5g-01-gel-sunlight
0020977,TINTA LABIAL AMEx4.5g 02 GEL SUNLIGHT,AME,7708139460377,https://cdn.shopify.com/s/files/1/0682/5112/3885/files/184881-800-auto_9b572abc-777b-4ca9-830e-44774931d6c0.png?v=1745417331,busqueda web (exacta),https://www.vivelabelleza.com.co/products/tinta-labios-ame-4-5g-02-gel-sunlight
0020978,TINTA LABIAL AMEx4.5g 03 GEL SUNLIGHT,AME,7708731297470,https://cdn.shopify.com/s/files/1/0409/7805/5325/files/Tinta_Labios_Gel_06_web_Tono03.png?v=1756314942,busqueda web (exacta),https://ame.com.co/products/tinta-de-labios-gel
0020979,TINTA LABIAL AMEx4.5g 04 GEL SUNLIGHT,AME,7708731297159,https://cdn.shopify.com/s/files/1/0682/5112/3885/files/184883-800-auto_0a7c403c-ad3d-4f49-bd2b-895282df02fa.png?v=1745417333,busqueda web (exacta),https://www.vivelabelleza.com.co/products/tinta-labios-ame-4-5g-04-gel-sunlight
0021908,CONTORNO AMEx5g LIQUIDO CAOBA 02,AME,7708731297906,https://cdn.shopify.com/s/files/1/0409/7805/5325/files/Contornos-Ecommerce-AME-04.png?v=1744288106,busqueda web (exacta),https://ame.com.co/products/contorno-liquido-contour-up
0021910,CONTORNO AMEx5g LIQUIDO NOGAL 03,AME,7708139460797,https://cdn.shopify.com/s/files/1/0409/7805/5325/files/Contornos-Ecommerce-AME-05.png?v=1744288106,busqueda web (exacta),https://ame.com.co/products/contorno-liquido-contour-up
0022923,POLVO AMEx10g STAY PEACH 06,AME,7708731297234,https://cdn.shopify.com/s/files/1/0682/5112/3885/files/185371-800-auto_bae62437-7bf3-4a62-b8f3-dcf5a337b62a.png?v=1745416381,busqueda web (exacta),https://www.vivelabelleza.com.co/products/polvo-ame-10g-stay-peach-06
0023008,RUBOR AMEx4.5g LIQUIDO AMAPOLA 06,AME,7708731297173,https://cdn.shopify.com/s/files/1/0409/7805/5325/files/Rubor_Liquido_09_web_TonoAmapola06.png?v=1756317135,busqueda web (exacta),https://ame.com.co/products/rubor-liquido-en-serum-blush-up
0023009,RUBOR AMEx4.5g LIQUIDO AMBER 02,AME,7708731297838,https://cdn.shopify.com/s/files/1/0409/7805/5325/files/Rubor_Liquido_05_web_TonoAmber02.png?v=1756317135,busqueda web (exacta),https://ame.com.co/products/rubor-liquido-en-serum-blush-up
0023011,RUBOR AMEx4.5g LIQUIDO CARMEN 01,AME,7708731297319,https://cdn.shopify.com/s/files/1/0409/7805/5325/files/Rubor_Liquido_04_web_TonoCarmen01.png?v=1756317135,busqueda web (exacta),https://ame.com.co/products/rubor-liquido-en-serum-blush-up
0023370,TINTA LABIAL AMEx4.5g 08 SERUM,AME,7708731297098,https://cdn.shopify.com/s/files/1/0409/7805/5325/files/Tinta_Serum_web_06_Tono08_Mocha.png?v=1756315384,busqueda web (exacta),https://ame.com.co/products/tinta-de-labios-serum
0023669,PESTANINA AMEx10ml APRUEBA AGUA DEFINE,AME,7708139460032,https://cdn.shopify.com/s/files/1/0409/7805/5325/files/Mascara-Pestanas-Web-01.png?v=1756252809,busqueda web (exacta),https://ame.com.co/products/mascara-de-pestanas-back-to-basic
0016691,LABIAL ANA MARIAx2g COLOR CARE MELOCOTON,ANA MARIA,7702678813052,https://locatelcolombia.vteximg.com.br/arquivos/ids/406446/7702678813052_1_Labial Ana Maria Perfect Color Care Meloc X 2g.png,www.locatelcolombia.com,
0016692,LABIAL ANA MARIAx2g COLOR CARE LAVANDA,ANA MARIA,7702678388932,https://locatelcolombia.vteximg.com.br/arquivos/ids/406438/7702678388932_1_Labial-Ana-Maria-Perfect-Color-Care-LavandaX-2g.png,www.locatelcolombia.com,
0016693,LABIAL ANA MARIAx2g COLOR CARE ALMENDRA,ANA MARIA,7702678349742,https://exitocol.vteximg.com.br/arquivos/ids/34868816/Labial-Acido-Hialuro-Almendra-ANA-MARIA-2-gr-3313777_a.jpg,www.exito.com,
0016694,LABIAL ANA MARIAx2g COLOR CARE MERLOT,ANA MARIA,7702678226708,https://exitocol.vteximg.com.br/arquivos/ids/34868815/Labial-Acido-Hialuro-Merlot-ANA-MARIA-2-gr-3313776_a.jpg,www.exito.com,
0016695,LABIAL ANA MARIAx2g COLOR CARE FIESTA,ANA MARIA,7702678403444,https://locatelcolombia.vteximg.com.br/arquivos/ids/406444/7702678403444_1_Labial Ana Maria Perfect Color Care Fiesta X 2g.png,www.locatelcolombia.com,
0016696,LABIAL ANA MARIAx2g COLOR CARE,ANA MARIA,7702678619180,https://exitocol.vteximg.com.br/arquivos/ids/26741729/Labial-Acido-Hialuro-Chocolate-ANA-MARIA-2-gr-3313782_a.jpg,www.exito.com,
0022307,GEL DE BANO ANIANx750ml ACEITE OLIVA,ANIAN,8414716032750,https://exitocol.vteximg.com.br/arquivos/ids/34404400/Gel-De-Bano-Aceite-De-Oliva-ANIAN-750-ml-3206928_a.jpg,www.exito.com,
0022308,GEL DE BANO ANIANx750ml AVENA/ALMENDRAS,ANIAN,8414716031753,https://anian.es/wp-content/uploads/2024/04/Gel_Avena_Almendras.webp,busqueda web (exacta),https://anian.es/productos/gel-de-bano-avena-almendras/
0022309,GEL DE BANO ANIANx750ml CITRICO INTENSO,ANIAN,8414716033757,https://anian.es/wp-content/uploads/2024/04/Gel_Citrico_Intenso.webp,busqueda web (exacta),https://anian.es/productos/gel-de-bano-citrico-intenso/
0022669,LECHE CORPORAL ANIANx500ml ACEITE OL,ANIAN,8414716218055,https://anian.es/wp-content/uploads/2024/04/Leche_Corporal_Aceita_Oliva.webp,busqueda web (exacta),https://anian.es/productos/leche-corporal-aceite-de-oliva/
0022670,LECHE CORPORAL ANIANx500ml AVENA/ALM AS,ANIAN,8414716216051,https://anian.es/wp-content/uploads/2024/04/Leche_Corporal_Avena.webp,busqueda web (exacta),https://anian.es/productos/leche-corporal-avena-almendras/
0022671,LECHE CORPORAL ANIANx500ml COCO/VAIN,ANIAN,8414716217058,https://anian.es/wp-content/uploads/2024/04/Leche_Corporal_Coco.webp,busqueda web (exacta),https://anian.es/productos/leche-corporal-coco-vainilla/
0024287,MASCARILLA CAPILAR ANYELUZx500ml AFRO Y CURLY HIDRATANTE,ANYELUZ,7707407480284,https://pasteurio.vteximg.com.br/arquivos/ids/212545/mascarilla-anyeluz-reparadora-hidratante-afro---curly-pote-500-ml.jpg,www.farmaciaspasteur.com.co,
0000921,LACA AQUA NETx312g EXTRA FUERTE,AQUA NET,99060313,https://cdn.shopify.com/s/files/1/0682/5112/3885/files/155784-800-auto_612f3ad9-979d-4b86-937c-b04b3a10d0e3.jpg?v=1745415948,busqueda web (exacta),https://www.vivelabelleza.com.co/products/laca-aqua-net-312gr-extra-fuerte
0021977,CREMA CORPORAL ARRURRUx220ml DELICAD TRICION,ARRURRU,7702277850328,https://colsubsidio.vteximg.com.br/arquivos/ids/198416/7702277850328.jpg,www.drogueriascolsubsidio.com verificada a ojo (EAN coincide pero es: Crema Humectante Arrurrú Delicada Nutrición x 220ml),
0022788,PANITOS HUMEDOS ARRURRUx20und AVENA RITE PRACTICORTE,ARRURRU,7702277096696,https://locatelcolombia.vteximg.com.br/arquivos/ids/404802/7702277096696_1_Toallas Humedas Arruru Avena Karite X 20Und.png,www.locatelcolombia.com,
0009427,POMO ATENEAxund PINKY,ATENEA,7700000007278,https://cdn.shopify.com/s/files/1/0741/6132/4314/files/AteneaEcommerceV27022.jpg,busqueda web (exacta),https://ateneaprofesional.com/products/beauty-sponge-marmol
0009430,LIMA ATENEAxund PULIDORA MOR/GRI 100/180 S4,ATENEA,7798029262136,,no encontrada,
0010022,SOMBRA ATENEAx28g 18 TONOS ART DECO PALETA,ATENEA,781159031830,https://cdn.shopify.com/s/files/1/0741/6132/4314/files/AteneaEcommerceV27217.jpg,busqueda web (exacta),https://ateneaprofesional.com/products/paleta-de-sombras-18-tonos-art-deco
0010169,DELINEADOR ATENEAxund 508176 PLUMON,ATENEA,781718835329,https://cdn.shopify.com/s/files/1/0741/6132/4314/files/PLUMON_DELINEADOR1080X1080.jpg,busqueda web (exacta),https://ateneaprofesional.com/products/delineador-en-plumon-negro
0010343,SOMBRA ATENEAx45.5g 35 TONOS MARVELOUS PALETA,ATENEA,781718835398398,https://cdn.shopify.com/s/files/1/0741/6132/4314/files/6530-2.jpg,busqueda web (exacta),https://ateneaprofesional.com/products/paleta-de-sombras-marvelous-makeup-expert
0010344,SOMBRA ATENEAx45.5g 35 TONOS MAJESTIC PALETA,ATENEA,781718835381,https://cdn.shopify.com/s/files/1/0741/6132/4314/files/AteneaEcommerceV27208.jpg,busqueda web (exacta),https://ateneaprofesional.com/products/paleta-de-sombras-35-tonos-birds-1
0012881,PESTANAS ATENEAxund ENTERAS 3D GIRL BOSS,ATENEA,781159031519,https://tienda.magnacosmetics.co/wp-content/uploads/2023/11/0407az.jpg,busqueda web (exacta),https://www.magnacosmetics.co/producto/pestanas-girl-boss-focus-atenea/
0013243,SEPARADOR ATENEAxund SILICONA 7212,ATENEA,7700000000439,,no encontrada,
0013389,PESTANINA ATENEAx7.5g SUPREME 1ST SCENE LINE,ATENEA,781159032424,https://cdn.shopify.com/s/files/1/0741/6132/4314/files/Pestanina_negra.png,busqueda web (exacta),https://ateneaprofesional.com/products/pestanina-1st-scene
0013499,BASE ATENEAx55g 1ST SCENE CREAM,ATENEA,781159031977,https://cdn.shopify.com/s/files/1/0682/5112/3885/files/164024-800-auto_7f6357f4-f7fd-4149-817d-9ab43879f49f.jpg?v=1745413684,busqueda web (exacta),https://www.vivelabelleza.com.co/products/base-liquida-atenea-55g-1st-scene-cream
0013501,BASE ATENEAx55g 1ST SCENE OLIVE,ATENEA,781159031960,https://cdn.shopify.com/s/files/1/0682/5112/3885/files/164026-800-auto_1c9a75af-9db2-4b38-ba8f-d002e76a5531.jpg?v=1745413689,busqueda web (exacta),https://www.vivelabelleza.com.co/products/base-liquida-atenea-55g-1st-scene-olive
0013502,BASE ATENEAx55g 1ST SCENE TEMPLETE,ATENEA,781159031946,https://cdn.shopify.com/s/files/1/0741/6132/4314/files/Atenea_faltantes0027.jpg?v=1743916083,busqueda web REVISAR (foto genérica de la línea/otra presentación),https://ateneaprofesional.com/products/mini-base-liquida-1st-scene
0013503,BASE ATENEAx55g 1ST SCENE SAND,ATENEA,781159031984,https://www.glamora.mx/web/image/product.template/4594/image_1024?unique=615972d,busqueda web (exacta),https://www.glamora.mx/shop/781159031984-atenea-base-de-maquillaje-1-escena-sand-4594
0013504,BASE ATENEAx55g 1ST SCENE EBOKY,ATENEA,781159031939,https://cdn.shopify.com/s/files/1/0682/5112/3885/files/164029-800-auto_dff940fb-b858-40ff-b242-f84b9116aeb9.jpg?v=1745413686,busqueda web (exacta),https://www.vivelabelleza.com.co/products/base-liquida-atenea-55g-1st-scene-eboky
0013541,SOMBRA ATENEAx45.5g 35 TONOS HAWAI PALETA,ATENEA,781159031441,https://cdn.shopify.com/s/files/1/0741/6132/4314/files/AteneaEcommerceV27215.jpg,busqueda web (exacta),https://ateneaprofesional.com/products/paleta-de-sombras-35-tonos-hawaii
0013693,PADS FACIAL ATENEAx180und LUXURY DESMAQUILLANTE,ATENEA,781159407802,https://cdn.shopify.com/s/files/1/0741/6132/4314/files/Atenea_EC_Sesion0924_5832.jpg,busqueda web (exacta),https://ateneaprofesional.com/products/algodon-luxury-desmaquillante
0013880,POLVO ATENEAx11.8g MATTE BRONZE COMPACTO,ATENEA,781718826594,https://cdn.shopify.com/s/files/1/0741/6132/4314/files/Atenea_Ecommerce_Oct_236261.jpg,busqueda web (exacta),https://ateneaprofesional.com/products/bronzer-matte
0015134,RUBOR ATENEAx56g SUBLIME TONO 1,ATENEA,781159032240,https://cdn.shopify.com/s/files/1/0741/6132/4314/files/AteneaEcommerceV27151.jpg,busqueda web (exacta),https://ateneaprofesional.com/products/rubor-compacto-sublime
0015454,SOMBRA ATENEAx8ml LOUVRE,ATENEA,781159408014,https://tienda.magnacosmetics.co/wp-content/uploads/2021/12/04079w.jpg,busqueda web (exacta),https://www.magnacosmetics.co/producto/sombra-liquida-louvre-8ml-atenea/
0015459,SOMBRA ATENEAx15g 12 TONOS SUBLIME PALETA,ATENEA,781159407987,https://cdn.shopify.com/s/files/1/0741/6132/4314/files/DSC9790_2.jpg,busqueda web (exacta),https://ateneaprofesional.com/products/paleta-de-sombras-12-tonos-sublime
0015461,PESTANAS ATENEAxund ENTERAS FOCUS 3D FOCUS,ATENEA,7707375606488,https://cdn.shopify.com/s/files/1/0417/0855/2343/files/focus_d68654fb-1f86-4e39-9d69-cbfc398a20cd.jpg,busqueda web (exacta),https://www.freyadivinavanidad.com/products/pestanas-3d-focus-atenea
0015462,PESTANAS ATENEAxund ENTERAS FOCUS 3D HEART,ATENEA,6999421533300,https://cdn.shopify.com/s/files/1/0741/6132/4314/files/Atenea_Mayo_Ecommerce0766.jpg,busqueda web (exacta),https://ateneaprofesional.com/products/copia-de-pestanas-heart-focus
0015464,PESTANAS ATENEAxund ENTERAS FOCUS 3D POINT,ATENEA,6919031800609,https://cdn.shopify.com/s/files/1/0741/6132/4314/files/Atenea_Mayo_Ecommerce0747.jpg,busqueda web (exacta),https://ateneaprofesional.com/products/pestanas-point-focus
0015465,PESTANAS ATENEAxund ENTERAS FOCUS 3D REFER,ATENEA,6919031800746,https://cdn.shopify.com/s/files/1/0741/6132/4314/files/Atenea_Mayo_Ecommerce0768.jpg,busqueda web (exacta),https://ateneaprofesional.com/products/pestanas-refer-focus
0015466,PESTANAS ATENEAxund ENTERAS FOCUS 3D REFLECT,ATENEA,6919031800920,https://cdn.shopify.com/s/files/1/0741/6132/4314/files/Atenea_Mayo_Ecommerce0737.jpg,busqueda web (exacta),https://ateneaprofesional.com/products/pestanas-reflect-focus
0015945,MAQUILLAJE CEJAS ATENEAx5.2g FOCUS BLONDIE,ATENEA,781159408250,https://cdn.shopify.com/s/files/1/0741/6132/4314/files/TRIO_DE_CEJAS_FOCUS-06.webp,busqueda web (exacta),https://ateneaprofesional.com/products/trio-de-cejas-blondie-savage
0018139,BLOQUEADOR FACIAL ATENEAx50g SPF50 SUN GEL,ATENEA,781159031458,https://cdn.shopify.com/s/files/1/0741/6132/4314/files/AteneaEcommerceV27074.jpg?v=1743916097,busqueda web (exacta),https://ateneaprofesional.com/products/bloqueador-solar-aqua-waves
0018140,AMPOLLETA ATENEAx10ml BOMM REPARACION INTESIVA,ATENEA,659525555870,https://www.girlymaquillaje.com/wp-content/uploads/02foto-productoampolla-capilarcomm-zoom.jpg,busqueda web (exacta),https://www.girlymaquillaje.com/producto/bomm-ampolla-capilar-golden-rescue/
0018815,RUBOR ATENEAx4.5g PEACH MERLBA 1ST SCENE,ATENEA,736372666871,https://cdn.shopify.com/s/files/1/0596/4287/1919/files/2.png,busqueda web (exacta),https://ateneabeauty.com.mx/products/rubores-individuales-1st-scene
0018925,SOMBRA ATENEAx2.2g OKI CREMOSA,ATENEA,736372667021,https://cdn.shopify.com/s/files/1/0741/6132/4314/files/Frame17_92d59099-099c-4d82-8696-491279b6228e.png,busqueda web (exacta),https://ateneaprofesional.com/products/sombra-cremosa-individual
0019022,CONTORNO ATENEAx6g TOSTED COCONUT BRONZE,ATENEA,736372667465,https://cdn.shopify.com/s/files/1/0741/6132/4314/files/TOSTEDCOCONUT_TONO.webp,busqueda web (exacta),https://ateneaprofesional.com/products/bronzer-cremoso
0019151,LAPIZ LABIAL ATENEAx1.5g NUDE DARK,ATENEA,736372667168,https://cdn.shopify.com/s/files/1/0741/6132/4314/files/AteneaEcommerceOct236302_6aedfa6c-7194-49e6-b50a-e2328fa0ad95.jpg,busqueda web REVISAR (foto genérica de la línea/otra presentación),https://ateneaprofesional.com/products/lapiz-delineador
0019368,POMO ATENEAxund DAPHNE,ATENEA,736372667519,https://cdn.shopify.com/s/files/1/0741/6132/4314/files/AteneaEcommerceV27019.jpg,busqueda web (exacta),https://ateneaprofesional.com/products/beauty-sponge-marmol
0019370,POMO ATENEAxund MELROSE,ATENEA,736372667526,https://cdn.shopify.com/s/files/1/0741/6132/4314/files/AteneaEcommerceV27025.jpg,busqueda web (exacta),https://ateneaprofesional.com/products/beauty-sponge-marmol
0019373,PEGANTE ATENEAx4.3g FOCUS BLACK,ATENEA,781159408489,https://www.girlymaquillaje.com/wp-content/uploads/img7587-zoom.jpg,busqueda web (exacta),https://www.girlymaquillaje.com/producto/pega-para-pestanas-negra-black-focus/
0019375,PRIMER ATENEAx30ml ESSENTIAL FACIAL,ATENEA,736372667199,https://www.girlymaquillaje.com/wp-content/uploads/IMG_9063.webp,busqueda web (exacta),https://www.girlymaquillaje.com/producto/primer-para-rostro-essential-atenea/
0019476,SERUM LABIAL ATENEAx3.5ml MAXIMIZER LIP,ATENEA,736372667618,https://cdn.shopify.com/s/files/1/0741/6132/4314/files/maxi1.png,busqueda web (exacta),https://ateneaprofesional.com/products/lip-maximizer-serum
0019477,SERUM LABIAL ATENEAx3.5ml REPAIR LIP,ATENEA,736372667601,https://cdn.shopify.com/s/files/1/0741/6132/4314/files/condi1_173e8060-caee-4da0-8888-3445f11c7d12.png,busqueda web (exacta),https://ateneaprofesional.com/products/lip-repair-conditioner-serum
0019552,BRILLO LABIAL ATENEAx4.8ml BRIGHT PINK 1,ATENEA,736372667373,https://cdn.shopify.com/s/files/1/0741/6132/4314/files/Atenea_Ecommerce_Oct_236240.jpg?v=1765398502,busqueda web (exacta),https://ateneaprofesional.com/products/lip-gloss-1st-escene
0019555,BRILLO LABIAL ATENEAx4.8ml COCO 1ST SCENCE,ATENEA,736372667366,https://cdn.shopify.com/s/files/1/0741/6132/4314/files/Atenea_Ecommerce_Oct_236236.jpg?v=1764256264,busqueda web (exacta),https://ateneaprofesional.com/products/lip-gloss-1st-escene
0019585,BALSAMO LABIAL ATENEAx15ml CHERRY,ATENEA,659525555962,https://cdn.shopify.com/s/files/1/0682/5112/3885/files/182462-800-auto_e0d69080-2ea4-478a-99a0-493742a8e28e.png?v=1745413517,busqueda web (exacta),https://www.vivelabelleza.com.co/products/balsamo-labial-atenea-15ml-cherry
0019590,SOMBRA ATENEAx45.5g 35 TONOS CLASSIC PALETA,ATENEA,736372667731,https://cdn.shopify.com/s/files/1/0741/6132/4314/files/Atenea-Ecommerce-Enero9958-1080.jpg,busqueda web (exacta),https://ateneaprofesional.com/products/paleta-classic-35-tonos-makeup-expert
0019593,BROCHA ATENEAx46und ATKG-46 FLAWLES SET,ATENEA,736372668820,https://cdn.shopify.com/s/files/1/0741/6132/4314/files/Atenea-Ecommerce-Feb10250-1080.jpg,busqueda web (exacta),https://ateneaprofesional.com/products/kit-de-brochas-de-maquillaje-flawless-x46-pcs
0019610,BROCHA ATENEAxund JL1 RUBOR,ATENEA,659525555979,https://cdn.shopify.com/s/files/1/0741/6132/4314/files/jl1.jpg,busqueda web (exacta),https://ateneaprofesional.com/products/runway-collection-brocha-para-rubor-jl1
0019612,BROCHA ATENEAxund JL3 POLVO,ATENEA,659525555993,https://cdn.shopify.com/s/files/1/0741/6132/4314/files/jl3.jpg,busqueda web (exacta),https://ateneaprofesional.com/products/runway-collection-jl3-brocha-para-polvo
0019614,BROCHA ATENEAxund JL10 PINCEL PLANO,ATENEA,659525556068,https://cdn.shopify.com/s/files/1/0741/6132/4314/files/jl10.jpg,busqueda web (exacta),https://ateneaprofesional.com/products/runway-collection-jl10-pincel-plano-para-ojos
0019615,BROCHA ATENEAxund JL12 CEJAS,ATENEA,659525556082,https://cdn.shopify.com/s/files/1/0741/6132/4314/files/jl12.jpg,busqueda web (exacta),https://ateneaprofesional.com/products/runway-collection-jl12-pincel-de-precision
0019616,BROCHA ATENEAxund JL13 DIFUMINAR,ATENEA,659525556099,https://cdn.shopify.com/s/files/1/0741/6132/4314/files/jl13.jpg,busqueda web (exacta),https://ateneaprofesional.com/products/runway-collection-jl13-pincel-de-precision
0019618,BROCHA ATENEAxund JL18 CONTORNO,ATENEA,659525556143,https://cdn.shopify.com/s/files/1/0741/6132/4314/files/jl18.jpg,busqueda web (exacta),https://ateneaprofesional.com/products/runway-collection-jl18-pincel-delgado-para-contorno
0019762,LAPIZ LABIAL ATENEAx0.17g SNOW WHITE,ATENEA,736372667632,https://cdn.shopify.com/s/files/1/0741/6132/4314/files/FOTOS-LAPICES.ECOMM-07-05.webp,busqueda web (exacta),https://ateneaprofesional.com/products/lapiz-delineador-en-gel-1st-scene
0019763,LAPIZ LABIAL ATENEAx0.17g NIGHT PARTY,ATENEA,"736372668868, 0781159031854",https://cdn.shopify.com/s/files/1/0741/6132/4314/files/FOTOS-LAPICES.ECOMM-07-03.webp,busqueda web (exacta),https://ateneaprofesional.com/products/lapiz-delineador-en-gel-1st-scene
0019778,RUBOR ATENEAx4.5ml FLIRTY LIQUIDO,ATENEA,736372667496,https://cdn.shopify.com/s/files/1/0899/4576/8215/files/144758-1.jpg,busqueda web (exacta),https://www.almacensandra.com/products/rubor-liquido-velvet-atenea-x-4-5-ml
0019779,RUBOR ATENEAx4.5ml RUSSET ORANGE LIQUIDO,ATENEA,736372667489,https://cdn.shopify.com/s/files/1/0899/4576/8215/files/144760-1.jpg,busqueda web (exacta),https://www.almacensandra.com/products/rubor-liquido-velvet-atenea-x-4-5-ml
0019780,RUBOR ATENEAx4.5ml CHILI Y HOT LIQUIDO,ATENEA,736372667502,https://cdn.shopify.com/s/files/1/0596/4287/1919/files/Atenea-Ecommerce-Enero9978-1080.jpg,busqueda web (exacta),https://ateneabeauty.com.mx/products/rubores-liquidos-velvet-collection
0020287,LABIAL LIQUIDO ATENEAx2.7g RED WINE,ATENEA,736372667779,https://cdn.shopify.com/s/files/1/0596/4287/1919/files/Atenea-Ecommerce-Enero10012-1080.jpg,busqueda web (exacta),https://ateneabeauty.com.mx/products/labial-velvet-liquido
0020290,LABIAL LIQUIDO ATENEAx2.7g ROSE PETAL,ATENEA,736372667793,https://cdn.shopify.com/s/files/1/0596/4287/1919/files/Atenea-Ecommerce-Enero10016-1080.jpg,busqueda web (exacta),https://ateneabeauty.com.mx/products/labial-velvet-liquido
0020291,LABIAL LIQUIDO ATENEAx2.7g OLD ROSE,ATENEA,736372667816,https://cdn.shopify.com/s/files/1/0596/4287/1919/files/Atenea-Ecommerce-Enero10009-1080.jpg,busqueda web (exacta),https://ateneabeauty.com.mx/products/labial-velvet-liquido
0020293,LABIAL LIQUIDO ATENEAx2.7g DULL PINK,ATENEA,736372667809,https://cdn.shopify.com/s/files/1/0596/4287/1919/files/Atenea-Ecommerce-Enero10023-1080.jpg,busqueda web (exacta),https://ateneabeauty.com.mx/products/labial-velvet-liquido
0020374,RUBOR ATENEAx9g NIGHCHERRY ALLURE DUO CREMA Y POLVO,ATENEA,736372667717,https://cdn.shopify.com/s/files/1/0741/6132/4314/files/Atenea-Ecommerce-Rubores1860_9f6da499-b0a0-4053-aa8a-a5a37cd55bb1.jpg,busqueda web (exacta),https://ateneaprofesional.com/products/rubor-duo-en-crema-y-polvo-allure
0020375,RUBOR ATENEAx9g ORANGEWEEK ALLURE DUO CREMA Y POLVO,ATENEA,736372667724,https://cdn.shopify.com/s/files/1/0741/6132/4314/files/Atenea-Ecommerce-Rubores1846_e065a2ad-136a-4c2a-8173-f6aa1eb22e19.jpg,busqueda web (exacta),https://ateneaprofesional.com/products/rubor-duo-en-crema-y-polvo-allure
0020376,RUBOR ATENEAx9g PINKCRUSH ALLURE DUO CREMA Y POLVO,ATENEA,736372667700,https://cdn.shopify.com/s/files/1/0741/6132/4314/files/Atenea-Ecommerce-Rubores1852.jpg,busqueda web (exacta),https://ateneaprofesional.com/products/rubor-duo-en-crema-y-polvo-allure
0020985,LABIAL ATENEAx2g LIP DUO WOOD ROSE,ATENEA,736372667755,https://www.pigmentta.com/wp-content/uploads/2024/08/Lip-Liner-Lipstick-1St-Scene-2-en-1-Atenea.jpg,busqueda web REVISAR (foto genérica de la línea/otra presentación),https://www.pigmentta.com/tienda/maquillaje/lip-liner-lipstick-1st-scene-2-en-1-atenea/
0020986,LABIAL ATENEAx2g LIP DUO PECAN BROWN,ATENEA,736372667762,https://www.pigmentta.com/wp-content/uploads/2024/08/Lip-Liner-Lipstick-1St-Scene-2-en-1-Atenea.jpg,busqueda web REVISAR (foto genérica de la línea/otra presentación),https://www.pigmentta.com/tienda/maquillaje/lip-liner-lipstick-1st-scene-2-en-1-atenea/
0020987,LABIAL ATENEAx2g LIP DUO GINGER FLOWER,ATENEA,736372667748,https://www.pigmentta.com/wp-content/uploads/2024/08/Lip-Liner-Lipstick-1St-Scene-2-en-1-Atenea.jpg,busqueda web REVISAR (foto genérica de la línea/otra presentación),https://www.pigmentta.com/tienda/maquillaje/lip-liner-lipstick-1st-scene-2-en-1-atenea/
0020991,BROCHA ATENEAx9und KITAT10 SET,ATENEA,736372668806,https://cdn.shopify.com/s/files/1/0741/6132/4314/files/AteneaMayoEcommerce0633.jpg,busqueda web (exacta),https://ateneaprofesional.com/products/kit-de-brochas-para-ojos-scarlet-x28-pcs-copia
0020992,BROCHA ATENEAx21und KITAT1 SET,ATENEA,736372668714,https://cdn.shopify.com/s/files/1/0741/6132/4314/files/Atenea_Brochas_Ecommerce2811.jpg?v=1743915939,busqueda web (exacta),https://ateneaprofesional.com/products/kit-de-brochas-scarlet-ojos-x21-pcs
0020993,BROCHA ATENEAx12und KITAT3 SET,ATENEA,736372668738,https://cdn.shopify.com/s/files/1/0741/6132/4314/files/AteneaMayoEcommerce0705.jpg?v=1743915979,busqueda web (exacta),https://ateneaprofesional.com/products/kit-de-brochas-flawless-basic-x12
0021819,BROCHA ATENEAx18und KITAT2 CORAL LIF,ATENEA,736372668721,https://cdn.shopify.com/s/files/1/0741/6132/4314/files/Atenea-Ecommerce-Feb10201-1080.jpg?v=1743915866,busqueda web (exacta),https://ateneaprofesional.com/products/kit-de-brochas-de-maquillaje-coral-life
0021969,COSMETIQUERA ATENEAxund KC ZT01-N,ATENEA,7707375604354,https://cdn.shopify.com/s/files/1/0741/6132/4314/files/Atenea_Cosmetiqueras2915.jpg,busqueda web (exacta),https://ateneaprofesional.com/products/cosmetiquera-triangular
0022673,LIMA ATENEAxund JUMBO 100/180 S9 GRIS/MO,ATENEA,7798029260309,,no encontrada,
0022828,PESTANAS ATENEAxund KNOT FREE MEDIUM,ATENEA,736372667878,https://www.lolastore.co/wp-content/uploads/IMG_5641.jpg,busqueda web REVISAR (foto genérica de la línea/otra presentación),https://www.lolastore.co/ojos/pestana-postiza/pestana-punto-a-punto-knot-free-atenea/
0022831,PESTANAS ATENEAxund TRIO MEDIUM,ATENEA,736372667090,https://cdn.shopify.com/s/files/1/0417/0855/2343/files/download_af31acd3-9f10-403e-be6f-28f5fae2c681.jpg,busqueda web REVISAR (foto genérica de la línea/otra presentación) REVISAR (baja resolución 189x189),https://www.freyadivinavanidad.com/products/pestanas-postizas
0023014,RUBOR ATENEAx12g 4 TONOS GLAM BLACK,ATENEA,781159408328,https://cdn.shopify.com/s/files/1/0741/6132/4314/files/AteneaEcommerceV27225.jpg,busqueda web (exacta),https://ateneaprofesional.com/products/makeup-expert-paleta-de-rubores-glamblack
0023267,SOMBRA ATENEAx1.7g PURPLE CANDY CREM BARRA,ATENEA,736372669629,https://cdn.shopify.com/s/files/1/0899/4576/8215/files/PURPLECANDY.jpg,busqueda web (exacta),https://www.almacensandra.com/products/sombra-cremosa-en-barra-atenea
0023268,SOMBRA ATENEAx1.7g ROSE CANDY CREMOS RRA,ATENEA,736372668929,https://cdn.shopify.com/s/files/1/0741/6132/4314/files/AteneaEcommerceAgosto0976.jpg,busqueda web (exacta),https://ateneaprofesional.com/products/sombras-cremosas-en-barra
0023619,EXFOL LAB ATENEAx10g LIP SCRUB,ATENEA,736372668998,https://cdn.shopify.com/s/files/1/0741/6132/4314/files/AteneaECAbril_02340.jpg,busqueda web (exacta),https://ateneaprofesional.com/products/exfoliante-para-labios-lip-scrub
0023634,PESTANINA ATENEAx7.5g NEGRO APRUEBA AGU,ATENEA,7707375600332,https://cdn.shopify.com/s/files/1/0741/6132/4314/files/Atenea_EC_Abril_02391.jpg,busqueda web (exacta),https://ateneaprofesional.com/products/pestanina-a-prueba-de-agua
0023662,SOMBRA ATENEAx31.2g 24 TONOS FERRAZZO,ATENEA,7707375605436,https://cdn.shopify.com/s/files/1/0899/4576/8215/files/Sintitulo_12.jpg,busqueda web (exacta),https://www.almacensandra.com/products/paleta-de-sombras-atenea-x-ferrazzo-discover-your-editorial-side
0000067,ACELERADOR AUSTRALIAN GOLDx237ml HYDRATIN,AUSTRALIAN GOLD,54402390290,https://locatelcolombia.vteximg.com.br/arquivos/ids/311206/54402390290_1_LOCION-BRONCEADOR-AUSTRALIAN-GOLD-ACCELERATOR-X-237ML.jpg,www.locatelcolombia.com verificada a ojo (EAN coincide pero es: Locion Bronceador Australian Gold Accelerator X 237Ml),
0001768,SECADOR BABYLISSxund PORTOFINO NEGRO 6600,BABYLISS PRO,74108447739,https://exitocol.vteximg.com.br/arquivos/ids/35358312/secador-profesional-babylisspro-portofino-2000w-negro.jpg,busqueda web (exacta),https://tienda.exito.com/secador-profesional-babylisspro-portofino-2000w-negro-105207914-mp/p
0013248,"PLANCHA BABYLISSxund HIP COLOR BLUE 1""",BABYLISS PRO,74108412058,https://exitocol.vteximg.com.br/arquivos/ids/35358359/plancha-profesional-babylisspro-hip-color-1-pulgadas-azul.jpg,busqueda web (exacta),https://tienda.exito.com/plancha-profesional-babylisspro-hip-color-1-pulgadas-azul-105207884-mp/p
0022892,PINZA ELECTRICO BABYLISSxund BLUE NT 1 1/4XL,BABYLISS PRO,74108465283,https://cdn.shopify.com/s/files/1/1726/0467/products/3d680114-5fea-4c7a-b7ca-b9fefd347318.jpg,busqueda web (exacta),https://www.thetedstore.com/products/babyliss-bntw125xluc-us
0009556,MASCARILLA CAPILAR BE NATURALx350g NUTRI QUINUA,BE NATURAL,7756719004442,https://exitocol.vteximg.com.br/arquivos/ids/23417551/be-naturalnutri-quinua-mascarilla-350-g-crema.jpg,www.exito.com,
0010068,MASCARILLA CAPILAR BE NATURALx350g REPAIR ARGAN,BE NATURAL,7756719004435,https://exitocol.vteximg.com.br/arquivos/ids/23438856/mascarilla-be-natural-repair-argan-350gr.jpg,www.exito.com,
0010277,AMPOLLETA BE NATURALx10ml SHOCK,BE NATURAL,"7756719002127, 7756719024754",,EAN de la hoja corresponde a otro producto,
0016749,SHAMPOO BE NATURALx350ml VIRGIN COCONUT,BE NATURAL,7756719017794,https://exitocol.vteximg.com.br/arquivos/ids/23422264/champu-coco-virgen-350ml.jpg,www.exito.com verificada a ojo (EAN coincide pero es: Champú Coco Virgen 350Ml),
0016752,SERUM CAPILAR BE NATURALx50ml COCONUT,BE NATURAL,7756719017831,https://exitocol.vteximg.com.br/arquivos/ids/23418401/aceite-restaurador-virgen-de-coco-50ml.jpg,www.exito.com verificada a ojo (EAN coincide pero es: Aceite Restaurador Virgen De Coco 50Ml),
0021388,ACEITE CORPORAL BELOTTIx120ml ALMEND,BELOTTI,7707305585029,https://belotti.com.co/wp-content/uploads/2023/09/Beautika-Almond_120_2-web.jpg,busqueda web (exacta),https://belotti.com.co/product/aceite-para-masajes-almendras-beautika/
0021389,ACEITE CORPORAL BELOTTIx120ml CALEND,BELOTTI,7707305584428,https://belotti.com.co/wp-content/uploads/2023/09/Beautika-Calendula-y-cannabis_1-web.jpg,busqueda web REVISAR (foto genérica de la línea/otra presentación),https://belotti.com.co/product/aceite-para-masajes-calendula-beautika/
0021390,ACEITE CORPORAL BELOTTIx120ml CHOCOL,BELOTTI,7709814409902,https://belotti.com.co/wp-content/uploads/2023/09/Beautika-Chocolate_Pequeno_1-120-web.jpg,busqueda web (exacta),https://belotti.com.co/product/aceite-para-masajes-chocolate-beautika/
0021391,ACEITE CORPORAL BELOTTIx120ml COCO,BELOTTI,7707305588457,https://belotti.com.co/wp-content/uploads/2025/01/Aceite-de-Coconut-100.jpg,busqueda web (exacta),https://belotti.com.co/product/beautika-aceite-para-masajes-coconut/
0021392,ACEITE CORPORAL BELOTTIx120ml NARANJ,BELOTTI,7707305583728,https://belotti.com.co/wp-content/uploads/2023/09/Beautika-Orange_1-1000-web.jpg,busqueda web REVISAR (foto genérica de la línea/otra presentación),https://belotti.com.co/product/aceite-para-masajes-naranja-beautika/
0021844,CALENTADOR CERA BELOTTIxund PLASTICO LON,BELOTTI,7707979349415,https://belotti.com.co/wp-content/uploads/2024/10/Cerador-1-Web.jpg,busqueda web (exacta),https://belotti.com.co/product/cerador-roll-on-belotti/
0021888,CERA DEPILATORIA BELOTTIx100ml ARGAN ARITE BIKINI ROLL ON,BELOTTI,7707979349651,https://belotti.com.co/wp-content/uploads/2024/10/Cera-Roll-On-Bikini-Acerite-de-Argan-1-Web.jpg,busqueda web (exacta),https://belotti.com.co/product/cera-depilatoria-roll-on-para-bikini-aceite-de-argan-belotti/
0021889,CERA DEPILATORIA BELOTTIx100ml ARGAN ARITE ROLL ON,BELOTTI,7707305582608,https://exitocol.vteximg.com.br/arquivos/ids/29782023/belotti-cera-depilatoria-roll-on-100ml.jpg,www.exito.com,
0021890,CERA DEPILATORIA BELOTTIx100ml AZULE CLOROFILA ROLL ON,BELOTTI,7707979349262,https://belotti.com.co/wp-content/uploads/2024/08/CERA-DEPILATORIA-ROLL-ON-AZULENO-Y-CLOROFILA-Frente.jpg,busqueda web (exacta),https://belotti.com.co/product/cera-depilatoria-liposoluble-roll-on-azuleno-y-clorofila-belotti/
0021891,CERA DEPILATORIA BELOTTIx100ml JENGI Y MENTA ROLL ON,BELOTTI,7708695009829,https://belotti.com.co/wp-content/uploads/2024/08/CERA-DEPILATORIA-ROLL-ON-JENGIBRE-Y-MENTA-Frente.jpg,busqueda web (exacta),https://belotti.com.co/product/cera-depilatoria-liposoluble-roll-on-jengibre-y-menta-belotti/
0021892,CERA DEPILATORIA BELOTTIx100ml RESIN PINO BIKINI ROLL ON,BELOTTI,7708695009461,https://belotti.com.co/wp-content/uploads/2024/10/Cera-Roll-On-Bikini-Resina-de-Pino-1-Web.jpg,busqueda web (exacta),https://belotti.com.co/product/cera-depilatoria-roll-on-para-bikini-resina-de-pino-belotti/
0021893,CERA DEPILATORIA BELOTTIx100ml RESIN PINO ROLL ON,BELOTTI,7707305581953,https://olimpica.vteximg.com.br/arquivos/ids/2294794/image-493c5614c1d04b768fd73730f5b84656.jpg,www.olimpica.com,
0021894,CERA DEPILATORIA BELOTTIx125g ALOE,BELOTTI,7709733548683,https://fedco.vteximg.com.br/arquivos/ids/158103/00191696-1.jpg,busqueda web (exacta),https://www.fedco.com.co/ceramiel-belotti-aloe-x-125-g-00191696/p
0021895,CERA DEPILATORIA BELOTTIx125g AZULEN,BELOTTI,7707979349996,https://cdn.shopify.com/s/files/1/0657/3447/6024/files/CeramielDepilatoriaBelottiAzuleno125g.png,busqueda web (exacta),https://mechu2.com/products/ceramiel-depilatoria-belotti-azuleno-125g
0021896,CERA DEPILATORIA BELOTTIx125g CHOCOL,BELOTTI,7707305580529,https://fedco.vteximg.com.br/arquivos/ids/158105/00191698-1.jpg,busqueda web (exacta),https://www.fedco.com.co/ceramiel-belotti-chocolate-x-125-g-00191698/p
0021897,CERA DEPILATORIA BELOTTIx125g KIWI,BELOTTI,7709733548690,https://fedco.vteximg.com.br/arquivos/ids/158107/00191700-1.jpg,busqueda web (exacta),https://www.fedco.com.co/ceramiel-belotti-kiwi-x-125-g-00191700/p
0021898,CERA DEPILATORIA BELOTTIx125g NATURA,BELOTTI,7707305580536,https://fedco.vteximg.com.br/arquivos/ids/158109/00191702-1.jpg,busqueda web (exacta),https://www.fedco.com.co/ceramiel-belotti-natural-x-125-g-00191702/p
0021899,CERA DEPILATORIA BELOTTIx125g ORO,BELOTTI,7707979349781,https://belotti.com.co/wp-content/uploads/2023/09/Ceramiel-Oro-Belotti-1-web.jpg,busqueda web REVISAR (foto genérica de la línea/otra presentación),https://belotti.com.co/product/belotti-ceramiel-depilatoria-oro/
0021900,CERA DEPILATORIA BELOTTIx250g ALOE,BELOTTI,7709733548614,https://belotti.com.co/wp-content/uploads/2023/09/Ceramiel-Aloe-Belotti-1-web.jpg,busqueda web REVISAR (foto genérica de la línea/otra presentación),https://belotti.com.co/product/belotti-ceramiel-depilatoria-aloe/
0021901,CERA DEPILATORIA BELOTTIx250g AZULEN,BELOTTI,7707979349408,https://belotti.com.co/wp-content/uploads/2023/09/Ceramiel-Azuleno-Belotti-1-web.jpg,busqueda web REVISAR (foto genérica de la línea/otra presentación),https://belotti.com.co/product/belotti-ceramiel-depilatoria-azuleno/
0021902,CERA DEPILATORIA BELOTTIx250g CHOCOL,BELOTTI,7709336537176,https://belotti.com.co/wp-content/uploads/2023/09/Ceramiel-Chocolate-Belotti-1-Web.jpg,busqueda web REVISAR (foto genérica de la línea/otra presentación),https://belotti.com.co/product/belotti-ceramiel-depilatoria-chocolate/
0021903,CERA DEPILATORIA BELOTTIx250g KIWI,BELOTTI,7709336537152,https://belotti.com.co/wp-content/uploads/2023/09/Ceramiel-Kiwi-Belotti-1-web.jpg,busqueda web (exacta),https://belotti.com.co/product/belotti-ceramiel-depilatoria-kiwi/
0021904,CERA DEPILATORIA BELOTTIx250g NATURA,BELOTTI,7707305580949,https://belotti.com.co/wp-content/uploads/2023/09/Ceramiel-Natural-Belotti-1-web.jpg,busqueda web (exacta),https://belotti.com.co/product/belotti-ceramiel-depilatoria-natural/
0021905,CERA DEPILATORIA BELOTTIx250g ORO,BELOTTI,7707979349675,https://belotti.com.co/wp-content/uploads/2023/09/Ceramiel-Oro-Belotti-1-web.jpg,busqueda web (exacta),https://belotti.com.co/product/belotti-ceramiel-depilatoria-oro/
0003211,AROMATIZADOR BIOCORPx60ml ROJO,BIOCORP,004104,https://biocorp.com.co/wp-content/uploads/2025/05/Rojo.jpg,busqueda web (exacta),https://biocorp.com.co/aromatizadores/aromatizadores-ambiente-concentrados/rojo/
0000394,CEPILLO BLOMERxund 7040 EMBERA,BLOMER,7704455070405,https://blomer.com.co/wp-content/uploads/2021/02/7040-scaled.jpg,busqueda web (exacta),https://blomer.com.co/producto/embera/
0000395,CEPILLO BLOMERxund TORINO 7203,BLOMER,7704455072034,https://exitocol.vteximg.com.br/arquivos/ids/23499293/cepillo-redondo-torino-nylon-ref-7203-blomer-style-linea-home.jpg,www.exito.com verificada a ojo (por nombre: Cepillo Redondo Torino Nylon Ref. 7203 Blomer Style Linea Home),
0000396,CEPILLO BLOMERxund BARU 2-747,BLOMER,7704455007470,https://blomer.com.co/wp-content/uploads/2021/02/747-scaled.jpg,busqueda web (exacta),https://blomer.com.co/producto/baru/
0000402,CEPILLO BLOMERxund 1421 EMBERA,BLOMER,7704455014218,https://blomer.com.co/wp-content/uploads/2021/02/1421-scaled.jpg,busqueda web (exacta),https://blomer.com.co/producto/embera/
0000407,CEPILLO BLOMERxund QUIMBAYA 3-4865,BLOMER,7704455048657,https://exitocol.vteximg.com.br/arquivos/ids/23499186/cepillo-quimbaya-ref-4865-blomer-style-cerda-natural-reforzada-nylon.jpg,www.exito.com verificada a ojo (por nombre: Cepillo Quimbaya Ref. 4865 Blomer Style Cerda Natural Reforzada Nylon),
0000409,CEPILLO BLOMERxund QUIMBAYA 5-4967,BLOMER,7704455049678,https://exitocol.vteximg.com.br/arquivos/ids/23499180/cepillo-quimbaya-ref-4967-blomer-style-cerda-natural-reforzada-nylon.jpg,www.exito.com verificada a ojo (por nombre: Cepillo Quimbaya Ref. 4967 Blomer Style Cerda Natural Reforzada Nylon),
0000414,CEPILLO BLOMERxund TERMICO 3002 ELECTRA,BLOMER,7704455030027,https://blomer.com.co/wp-content/uploads/2021/02/3002-scaled.jpg,busqueda web (exacta),https://blomer.com.co/producto/electra/
0000416,CEPILLO BLOMERxund 1521 EMBERA,BLOMER,7704455015215,https://blomer.com.co/wp-content/uploads/2021/02/1521-scaled.jpg,busqueda web (exacta),https://blomer.com.co/producto/embera/
0000418,CEPILLO BLOMERxund TORINO 7302,BLOMER,7704455073024,https://exitocol.vteximg.com.br/arquivos/ids/23499365/cepillo-redondo-torino-natural-ref-7302-blomer-style-cerdas-jabali.jpg,www.exito.com verificada a ojo (por nombre: Cepillo Redondo Torino Natural Ref. 7302 Blomer Style Cerdas Jabalí),
0000419,CEPILLO BLOMERxund TORINO 7201,BLOMER,7704455072010,https://exitocol.vteximg.com.br/arquivos/ids/23498976/cepillo-redondo-torino-nylon-ref-7201-blomer-style-linea-home.jpg,www.exito.com verificada a ojo (por nombre: Cepillo Redondo Torino Nylon Ref. 7201 Blomer Style Linea Home),
0002057,CEPILLO BLOMERxund TORINO 7202,BLOMER,7704455072027,https://exitocol.vteximg.com.br/arquivos/ids/23499318/cepillo-redondo-torino-nylon-ref-7202-blomer-style-linea-home.jpg,www.exito.com verificada a ojo (por nombre: Cepillo Redondo Torino Nylon Ref. 7202 Blomer Style Linea Home),
0004173,CEPILLO BLOMERxund 1424 EMBERA,BLOMER,7704455014249,https://blomer.com.co/wp-content/uploads/2021/02/1424-scaled.jpg,busqueda web (exacta),https://blomer.com.co/producto/embera/
0004568,CEPILLO BLOMERxund TORINO 7303,BLOMER,7704455073031,https://exitocol.vteximg.com.br/arquivos/ids/23499175/cepillo-redondo-torino-natural-ref-7303-blomer-style-cerdas-jabali.jpg,www.exito.com verificada a ojo (por nombre: Cepillo Redondo Torino Natural Ref. 7303 Blomer Style Cerdas Jabalí),
0004714,CEPILLO BLOMERxund ARAWAK 2 -6111,BLOMER,7704455061113,https://blomer.com.co/wp-content/uploads/2021/02/6111-scaled.jpg,busqueda web (exacta),https://blomer.com.co/producto/arawak/
0004716,CEPILLO BLOMERxund ARAWAK 3 -6213,BLOMER,7704455062134,https://blomer.com.co/wp-content/uploads/2021/02/6213-scaled.jpg,busqueda web (exacta),https://blomer.com.co/producto/arawak/
0004718,CEPILLO BLOMERxund ARAWAK 4 -6314,BLOMER,7704455063148,https://blomer.com.co/wp-content/uploads/2021/02/6314-scaled.jpg,busqueda web (exacta),https://blomer.com.co/producto/arawak/
0004719,CEPILLO BLOMERxund QUIMBAYA 1-4563,BLOMER,7704455045632,https://exitocol.vteximg.com.br/arquivos/ids/23499202/cepillo-quimbaya-ref-4563-blomer-style-cerda-natural-reforzada-nylon.jpg,www.exito.com verificada a ojo (por nombre: Cepillo Quimbaya Ref. 4563 Blomer Style Cerda Natural Reforzada Nylon),
0004728,CEPILLO BLOMERxund KANDU 1321,BLOMER,7704455013211,https://cdnx.jumpseller.com/s-essential/image/14595522/kandu-1321.jpg?1613001281,busqueda web (exacta),https://www.s-essential.com/en/cepillo-profesional-blomer-kandu
0004735,CEPILLO BLOMERxund 5401 GOLD DESERT,BLOMER,7704455054016,https://exitocol.vteximg.com.br/arquivos/ids/23498958/cepillo-gold-desert-ref-5401-blomer-linea-profesional-cerda-jabali.jpg,www.exito.com verificada a ojo (por nombre: Cepillo Gold Desert Ref. 5401 Blomer Linea Profesional Cerda Jabalí),
0004739,CEPILLO BLOMERxund 5403 GOLD DESERT,BLOMER,7704455054030,https://exitocol.vteximg.com.br/arquivos/ids/23499273/cepillo-gold-desert-ref-5403-blomer-linea-profesional-cerda-jabali.jpg,www.exito.com verificada a ojo (por nombre: Cepillo Gold Desert Ref. 5403 Blomer Linea Profesional Cerda Jabalí),
0004741,CEPILLO BLOMERxund 5404 GOLD DESERT,BLOMER,7704455054047,https://exitocol.vteximg.com.br/arquivos/ids/23499000/cepillo-gold-desert-ref-5404-blomer-linea-profesional-cerda-jabali.jpg,www.exito.com verificada a ojo (por nombre: Cepillo Gold Desert Ref. 5404 Blomer Linea Profesional Cerda Jabalí),
0004743,CEPILLO BLOMERxund TORINO 7002 CERDA MIXTA,BLOMER,7704455070023,https://cdnx.jumpseller.com/s-essential/image/76171129/ESSENTIAL_BEAUTY_SHOP_BLOMER_STYLE_LINEA_ACADEMICA_TORINO_CEPILLO_PROFESIONAL_REDONDO_CERDA_MIXTA_NATURAL_Y_NYLON_REFORZADO_7002.png?1777402770,busqueda web (exacta),https://www.s-essential.com/en/cepillo-blomer-torino-cerda-reforzada
0004745,CEPILLO BLOMERxund TORINO 7003 CERDA MIXTA,BLOMER,7704455070030,https://cdnx.jumpseller.com/s-essential/image/76171131/ESSENTIAL_BEAUTY_SHOP_BLOMER_STYLE_LINEA_ACADEMICA_TORINO_CEPILLO_PROFESIONAL_REDONDO_CERDA_MIXTA_NATURAL_Y_NYLON_REFORZADO_7003.png?1777402770,busqueda web (exacta),https://www.s-essential.com/en/cepillo-blomer-torino-cerda-reforzada
0004749,CEPILLO BLOMERxund TORINO 7102,BLOMER,7704455071020,https://exitocol.vteximg.com.br/arquivos/ids/23498929/cepillo-torino-penacho-ref-7102-blomer-style-cabello-liso-natural.jpg,www.exito.com verificada a ojo (por nombre: Cepillo Torino Penacho Ref. 7102 Blomer Style Cabello Liso Natural),
0004751,CEPILLO BLOMERxund TORINO 7103,BLOMER,7704455071037,https://exitocol.vteximg.com.br/arquivos/ids/23498941/cepillo-torino-penacho-ref-7103-blomer-style-cabello-liso-natural.jpg,www.exito.com verificada a ojo (por nombre: Cepillo Torino Penacho Ref. 7103 Blomer Style Cabello Liso Natural),
0004753,CEPILLO BLOMERxund TORINO 7301,BLOMER,7704455073017,https://exitocol.vteximg.com.br/arquivos/ids/23499133/cepillo-redondo-torino-natural-ref-7301-blomer-style-cerdas-jabali.jpg,www.exito.com verificada a ojo (por nombre: Cepillo Redondo Torino Natural Ref. 7301 Blomer Style Cerdas Jabalí),
0004755,CEPILLO BLOMERxund TORINO 7304,BLOMER,7704455073048,https://exitocol.vteximg.com.br/arquivos/ids/23499169/cepillo-redondo-torino-natural-ref-7304-blomer-style-cerdas-jabali.jpg,www.exito.com verificada a ojo (por nombre: Cepillo Redondo Torino Natural Ref. 7304 Blomer Style Cerdas Jabalí),
0005111,CEPILLO BLOMERxund WAYU 3-9852,BLOMER,7704455098522,https://blomer.com.co/wp-content/uploads/2021/02/9852-scaled.jpg,busqueda web (exacta),https://blomer.com.co/producto/wayu/
0005113,CEPILLO BLOMERxund WAYU 4-9953,BLOMER,7704455099536,https://blomer.com.co/wp-content/uploads/2021/02/9953-scaled.jpg,busqueda web (exacta),https://blomer.com.co/producto/wayu/
0005115,CEPILLO BLOMERxund TERMICO 3001 ELECTRA,BLOMER,7704455030010,https://blomer.com.co/wp-content/uploads/2021/02/3001-scaled.jpg,busqueda web (exacta),https://blomer.com.co/producto/electra/
0005116,CEPILLO BLOMERxund TERMICO 3004 ELECTRA,BLOMER,7704455030041,https://blomer.com.co/wp-content/uploads/2021/02/3004-scaled.jpg,busqueda web (exacta),https://blomer.com.co/producto/electra/
0005117,CEPILLO BLOMERxund KANDU 022,BLOMER,7704455000228,https://cdnx.jumpseller.com/s-essential/image/14595517/kandu-022.jpg?1613001281,busqueda web (exacta),https://www.s-essential.com/en/cepillo-profesional-blomer-kandu
0005736,CEPILLO BLOMERxund KANDU 021,BLOMER,"7983, 7704455000211",https://cdn.shopify.com/s/files/1/0788/0337/0301/files/Image_Editor_a0b2876c-687a-462b-a24c-2862f4884537.png?v=1707251954,busqueda web (exacta),https://impactodelabelleza.com/products/cepillo-blomer-kandu-021
0005737,CEPILLO BLOMERxund KANDU 023,BLOMER,"7984, 7704455000235",https://cdn.shopify.com/s/files/1/0788/0337/0301/files/Image_Editor_17_d7a92bf8-d229-4d62-ad54-995b5f78280a.png?v=1698351254,busqueda web (exacta),https://impactodelabelleza.com/products/cepillo-kandu-023-blomer
0006918,CEPILLO BLOMERxund 026 AIMARA ONDULADOR,BLOMER,"9307, 7704455000266",https://cdnx.jumpseller.com/s-essential/image/14595489/churrusco-026.jpg?1613001270,busqueda web (exacta),https://www.s-essential.com/en/cepillo-blomer-aimara-churusco
0000711,ESMALTE BRESCIAx12.5ml MATIFICANTE,BRESCIA,7707223339650,https://www.cosmeticosbrescia.eu/1006-product_zoom/top-coat-matificante.jpg,busqueda web (exacta),https://www.cosmeticosbrescia.eu/base-top-coats/top-coat-matificante
0001437,REMOVEDOR CUTICULA BRESCIAx160ml CREMA,BRESCIA,7707223336550,https://districeleste.com/5647-large_default/removedor-de-cuticula-en-crema-brescia-x-160-ml.jpg,busqueda web (exacta) REVISAR (marca de agua districeleste),https://districeleste.com/removedores-de-cuticula/1976-removedor-de-cuticula-en-crema-brescia-x-160-ml.html
0003074,ACEITE UNAS BRESCIAx60ml HUMECTANTE,BRESCIA,7707223337878,https://districeleste.com/10761-large_default/aceite-de-cuticula-brescia-x-60-ml.jpg,busqueda web (exacta) REVISAR (marca de agua districeleste),https://districeleste.com/aceites-para-unas/1346-aceite-de-cuticula-brescia-x-60-ml.html
0006043,DILUSOR BRESCIAx30ml,BRESCIA,7707223337434,https://mathissibiza.com/16869-thickbox_default/brescia-dilusor-de-esmalte-30ml.jpg,busqueda web (exacta),https://mathissibiza.com/brescia/20036-brescia-dilusor-de-esmalte-30ml-7707223337434.html
0006045,REMOVEDOR CALLOS BRESCIAx60g,BRESCIA,7707223336574,https://palatsi.com.co/wp-content/uploads/2025/02/7707223336574.png,busqueda web (exacta),https://surticosmeticos.com/products/removedor-de-callos-brescia-x60ml
0008430,DILUSOR BRESCIAx250ml,BRESCIA,7707223336536,,no encontrada,
0009173,REMOVEDOR CUTICULA BRESCIAx60ml CREMA,BRESCIA,7707223338332,https://palatsi.com.co/wp-content/uploads/2025/02/7707223338332.png,busqueda web (exacta),https://palatsi.com.co/products/removedor-de-cuticula-en-crema-60ml-brescia
0009979,LIMA BRESCIAxund,BRESCIA,7165350232686,https://www.cosmeticosbrescia.eu/797-product_zoom/lima-de-unas-x-144-unidades.jpg,busqueda web (exacta),https://www.cosmeticosbrescia.eu/limas/lima-de-unas-x-144-unidades
0011746,ENDURECEDOR BRESCIAx12.5ml BASE ROSADA,BRESCIA,7707223336703,https://districeleste.com/9037-large_default/esmalte-brescia-base-rosada.jpg,busqueda web (exacta) REVISAR (marca de agua districeleste),https://districeleste.com/brescia-bases-brillos/932-esmalte-brescia-base-rosada.html
0011750,ENDURECEDOR BRESCIAx12.5ml UNAS DELGADAS,BRESCIA,7707223339940,https://i.pinimg.com/736x/a3/8d/83/a38d83201623fc5431c559f2c1eafe49.jpg,busqueda web (exacta),https://es.pinterest.com/pin/759419555938402181/
0011751,ENDURECEDOR BRESCIAx12.5ml UNAS DEBILES,BRESCIA,7707223339933,,no encontrada,
0011843,ESMALTE BRESCIAx12.5ml ESCARCHA PLATA,BRESCIA,7707223337908,https://districeleste.com/9585-large_default/esmalte-brescia-escarcha-plata-pincel-decorativo.jpg,busqueda web (exacta) REVISAR (marca de agua districeleste),https://districeleste.com/brescia-decoracion/934-esmalte-brescia-escarcha-plata-pincel-decorativo.html
0011846,ESMALTE BRESCIAx12.5ml ESCARCHA DORADO,BRESCIA,7707223332743,https://districeleste.com/14193-large_default/esmalte-brescia-escarcha-dorada-pincel-decorativo.jpg,busqueda web (exacta) REVISAR (marca de agua districeleste),https://districeleste.com/brescia-decoracion/933-esmalte-brescia-escarcha-dorada-pincel-decorativo.html
0012342,ESMALTE BRESCIAx12.5ml BRILLO,BRESCIA,7707223335614,https://districeleste.com/9036-large_default/esmalte-brescia-brillo.jpg,busqueda web (exacta) REVISAR (marca de agua districeleste),https://districeleste.com/brescia-bases-brillos/931-esmalte-brescia-brillo.html
0012364,ENDURECEDOR BRESCIAx12.5ml BASE CALCIO Y KERATINA,BRESCIA,7707223335652,https://www.cosmeticandhair.com/9300-thickbox_default/brescia-base-calcio-y-keratina-125ml.jpg,busqueda web (exacta),https://www.cosmeticandhair.com/es/esmaltes-de-unas/2230-brescia-base-calcio-y-keratina-125ml-7707223335652.html
0012377,ENDURECEDOR BRESCIAx12.5ml EXTRACTO DE AJO,BRESCIA,7707223335638,https://districeleste.com/9039-large_default/esmalte-brescia-base-extracto-de-ajo.jpg,busqueda web (exacta) REVISAR (marca de agua districeleste),https://districeleste.com/brescia-bases-brillos/1200-esmalte-brescia-base-extracto-de-ajo.html
0012378,ENDURECEDOR BRESCIAx12.5ml BASE AJO LIMON,BRESCIA,7707223335645,https://mathissibiza.com/16867-thickbox_default/brescia-base-endurecedora-ajo-y-limon-125ml.jpg,busqueda web (exacta),https://mathissibiza.com/brescia/20034-brescia-base-endurecedora-ajo-y-limon-125ml-7707223335645.html
0012387,ESMALTE BRESCIAx12.5ml TRASLUCIDO 57,BRESCIA,7707223335577,,no encontrada,
0012388,ESMALTE BRESCIAx12.5ml TRASLUCIDO 58,BRESCIA,7707223335584,https://www.cosmeticosbrescia.eu/915-product_zoom/blanco-hueso-traslucido-58.jpg,busqueda web (exacta),https://www.cosmeticosbrescia.eu/transparentes/blanco-hueso-traslucido-58
0013836,ESMALTE BRESCIAx12.5ml CREMOSO139,BRESCIA,7707223336048,,no encontrada,
0014124,LIMA BRESCIAx12und,BRESCIA,7165350350281,https://districeleste.com/6889-large_default/paquete-x-12-limas-brescia-.jpg,busqueda web (exacta) REVISAR (marca de agua districeleste),https://districeleste.com/limas-puntas-para-pulidor/949-paquete-x-12-limas-brescia-.html
0022160,ESMALTE BRESCIAx25ml BASE AJO LIMON PROF,BRESCIA,7707889879958,https://districeleste.com/12682-large_default/esmalte-brescia-base-ajo-y-limon-grande-x-25-ml.jpg,busqueda web (exacta) REVISAR (marca de agua districeleste),https://districeleste.com/brescia-bases-brillos/5028-esmalte-brescia-base-ajo-y-limon-grande-x-25-ml.html
0023604,BRILLO ACRILICO BRESCIAx25ml PROFESI,BRESCIA,770722333577,https://districeleste.com/7809-large_default/esmalte-brescia-brillo-acrilico-grande-x-25-ml.jpg,busqueda web (exacta) REVISAR (marca de agua districeleste),https://districeleste.com/brescia-bases-brillos/2032-esmalte-brescia-brillo-acrilico-grande-x-25-ml.html
0023605,BRILLO SECANTE BRESCIAx25ml PROFESIO,BRESCIA,7707223335805,https://districeleste.com/9028-large_default/esmalte-brescia-brillo-secante-grande-x-25-ml.jpg,busqueda web (exacta) REVISAR (marca de agua districeleste),https://districeleste.com/brescia-bases-brillos/1634-esmalte-brescia-brillo-secante-grande-x-25-ml.html
0023606,BRILLO BRESCIAx25ml PROFESIONAL,BRESCIA,7707889872577,https://districeleste.com/9040-large_default/esmalte-brescia-brillo-grande-x-25-ml.jpg,busqueda web (exacta) REVISAR (marca de agua districeleste),https://districeleste.com/brescia-bases-brillos/2535-esmalte-brescia-brillo-grande-x-25-ml.html
0023611,ENDURECEDOR BRESCIAx25ml BASE ROSADA,BRESCIA,7707223335799,https://districeleste.com/7604-large_default/esmalte-brescia-base-rosada-grande-x-25-ml.jpg,busqueda web (exacta) REVISAR (marca de agua districeleste),https://districeleste.com/brescia-bases-brillos/1203-esmalte-brescia-base-rosada-grande-x-25-ml.html
0023615,ESMALTE BRESCIAx25ml PROFESIONAL,BRESCIA,7707889873888,,no encontrada,
0024470,REMOVEDOR CALLOS BRESCIAx60ml DUREZAS PIES,BRESCIA,7707889878135,https://i0.wp.com/brescia.co/wp-content/uploads/2026/02/ablanda-durezas-60g-scaled.png,busqueda web (exacta),https://brescia.co/producto/ablanda-durezas-60g/
0024474,REMOV CALLOS BRESCIAx160ml DUREZAS PIES,BRESCIA,7707889873130,https://i0.wp.com/brescia.co/wp-content/uploads/2026/02/ablanda-durezas-scaled.png,busqueda web (exacta),https://brescia.co/producto/ablanda-durezas-160g/
0004076,DECOLORANTE BYS PROx2undx120ml COLOR INVERSE,BYS PRO,7709454400895,https://www.byspro.net/wp-content/uploads/2022/08/kit-color-inverse-extractor-de-tinte-espectacolor-byspro.webp,busqueda web (exacta),https://www.byspro.net/producto/color-inverse/
0024293,KIT CAPILAR BYSPROx300ml LISS EXTEND KERATIN,BYS PRO,7709504188636,https://www.byspro.net/wp-content/uploads/2025/11/biokeratina-alisadora-liss-extend-sin-formol-byspro.webp,busqueda web REVISAR (foto genérica de la línea/otra presentación),https://grupobyspro.com/producto/liss-extend-bio-keratina-mega-kit/
0021864,CEPILLO CADUxund CURLY COLORES/SURTI,CADU,799192184062,https://cdn.shopify.com/s/files/1/0571/4329/6138/files/Fondoblanconuevosproductos_6_6265b781-a17a-4623-bf11-8a987d619189.png?v=1754317477,busqueda web REVISAR (foto genérica de la línea/otra presentación),https://caducosmetics.com/products/cepillo-curly-master
0022010,CREMA PARA PEINAR CADUx30ml,CADU,"0799192184130, 799192184130",https://cdn.shopify.com/s/files/1/0571/4329/6138/files/5_bc19f87f-fefb-4f59-a07e-7c190c704ca3.png?v=1747169569,busqueda web (exacta),https://caducosmetics.com/products/sachet-crema-para-peinar-rizos-30ml
0023187,SHAMPOO CADUx30ml LISO INTENSO,CADU,799192184123,https://cdn.shopify.com/s/files/1/0571/4329/6138/files/7_b764ef9f-e6f2-4d69-99d2-dc6f0a4060e5.png?v=1747169707,busqueda web (exacta),https://caducosmetics.com/products/sachet-shampoo-liso-30ml
0023521,TRATAMIENTO CAPILAR CADUx30ml TERAPI PARADORA RIZOS,CADU,7709406413478,https://cdn.shopify.com/s/files/1/0571/4329/6138/files/1_aeacf7c2-17ce-48bf-b5c2-f4d0abd8c7a9.png?v=1747169588,busqueda web (exacta),https://caducosmetics.com/products/sachet-tratamiento-rizo-30ml
0014434,PESTANINA CATRICEx11ml ALLROUND ULTRA BLACK,CATRICE,4250587733761,https://exitocol.vteximg.com.br/arquivos/ids/27008830/PESTAINA-CATRICE-11-ml-1322056_a.jpg,www.exito.com verificada a ojo (EAN coincide pero es: Pestañina CATRICE  (11  ml)),
0014440,PESTANINA CATRICEx10ml LASHES TO KILL WP,CATRICE,4250338487783,https://exitocol.vteximg.com.br/arquivos/ids/27018537/PESTAINA-CATRICE-10-ml-1322052_a.jpg,www.exito.com verificada a ojo (EAN coincide pero es: Pestañina CATRICE  (10  ml)),
0014454,RUBOR CATRICEx8g SUN LOVER 010 GLOW SUNK,CATRICE,4251232254884,https://exitocol.vteximg.com.br/arquivos/ids/33381779/RUBOR-CATRICE-8-gr-1322043_a.jpg,www.exito.com,
0019698,LABIAL LIQUIDO CATRICEx3ml SHINE BOMB 040,CATRICE,4059729445230,https://exitocol.vteximg.com.br/arquivos/ids/33382171/Labial-Shine-Bomb-R-CATRICE-3-ml-3494074_a.jpg,www.exito.com,
0019699,LABIAL LIQUIDO CATRICEx3ml SHINE BOMB 050,CATRICE,4059729445254,https://exitocol.vteximg.com.br/arquivos/ids/33382163/Labial-Shine-Bomb-V-CATRICE-3-ml-3494075_a.jpg,www.exito.com,
0020726,LAPIZ LABIAL CATRICEx0.35g 180 PLUMPING,CATRICE,4059729419743,https://exitocol.vteximg.com.br/arquivos/ids/33381794/Delineador-labial-CATRICE-DELINLAB-CATR-PLUMPING-035-gr-3576233_a.jpg,www.exito.com,
0020727,LAPIZ LABIAL CATRICEx0.35g 190 PLUMPING,CATRICE,4059729419750,https://exitocol.vteximg.com.br/arquivos/ids/33381788/Delineador-labial-CATRICE-DELINLAB-CATR-PLUMPING-035-gr-3576234_a.jpg,www.exito.com,
0020731,DELINEADOR CATRICEx1.7ml INK 010 WSH,CATRICE,4059729393500,https://exitocol.vteximg.com.br/arquivos/ids/33381877/Delineador-ojos-CATRICE-DelinOjo-CatrInk-Eyeliner-1-ml-3563802_a.jpg,www.exito.com verificada a ojo (EAN coincide pero es: Delineador ojos CATRICE Delin.Ojo Catr.Ink Eyeliner (1  ml)),
0020733,DELINEADOR CATRICEx1.7ml INK 010 WTP,CATRICE,4059729393517,https://exitocol.vteximg.com.br/arquivos/ids/33381864/Delineador-ojos-CATRICE-DelinOjo-CatrInk-Eyel-Wp-1-ml-3563803_a.jpg,www.exito.com verificada a ojo (EAN coincide pero es: Delineador ojos CATRICE Delin.Ojo Catr.Ink Eyel. Wp (1  ml)),
0020779,DELINEADOR CATRICEx0.78g KOHL 180 KAJAL,CATRICE,4059729444486,https://exitocol.vteximg.com.br/arquivos/ids/28815473/Delineador-ojos-CATRICE-OJO-KOHL-KAJAL-078-gr-3714520_a.jpg,www.exito.com,
0020781,DELINEADOR CATRICEx0.8g ULTRA 090 GEL WP,CATRICE,4059729397706,https://olimpica.vteximg.com.br/arquivos/ids/1458568/image-56d925a0b8b04cce922a2c16e935aec3.jpg,www.olimpica.com,
0020954,LABIAL LIQUIDO CATRICEx2.5ml SEEKING FLOWER 03,CATRICE,4059729469366,https://exitocol.vteximg.com.br/arquivos/ids/26742296/Labial-CATRICE-LBAL-HIDRCATRSEEKING-FLOWER-25-ml-3576243_a.jpg,www.exito.com,
0021563,BALSAMO LABIAL CATRICEx1.8g VOLUMINIZAD 10 MELT PLUMP,CATRICE,4059729515452,https://exitocol.vteximg.com.br/arquivos/ids/29293096/Labial-CATRICE-Labial-18-gr-3729080_a.jpg,www.exito.com,
0021564,BALSAMO LABIAL CATRICEx1.8g VOLUMINIZAD 20 MELT PLUMP,CATRICE,4059729515476,https://exitocol.vteximg.com.br/arquivos/ids/29293098/Labial-CATRICE-Labial-18-gr-3729081_a.jpg,www.exito.com,
0021565,BALSAMO LABIAL CATRICEx1.8g VOLUMINIZAD 30 MELT PLUMP,CATRICE,4059729515490,https://exitocol.vteximg.com.br/arquivos/ids/29293100/Labial-CATRICE-Labial-1-gr-3729082_a.jpg,www.exito.com,
0021566,BALSAMO LABIAL CATRICEx1.8g VOLUMINIZAD 40 MELT PLUMP,CATRICE,4059729515513,https://exitocol.vteximg.com.br/arquivos/ids/29293102/Labial-CATRICE-Labial-1-gr-3729083_a.jpg,www.exito.com,
0021567,BALSAMO LABIAL CATRICEx10ml BUTTER D IN 010,CATRICE,4059729515551,https://exitocol.vteximg.com.br/arquivos/ids/29293104/Brillo-CATRICE-Brillo-9-ml-3729084_a.jpg,www.exito.com,
0021568,BALSAMO LABIAL CATRICEx10ml BUTTER D IN 020,CATRICE,4059729515575,https://exitocol.vteximg.com.br/arquivos/ids/29293106/Brillo-CATRICE-Brillo-10-ml-3729085_a.jpg,www.exito.com,
0021569,BALSAMO LABIAL CATRICEx10ml BUTTER D IN 030,CATRICE,4059729515599,https://exitocol.vteximg.com.br/arquivos/ids/29293108/Brillo-CATRICE-Brillo-9-ml-3729086_a.jpg,www.exito.com,
0021570,BALSAMO LABIAL CATRICEx10ml BUTTER D IN 040,CATRICE,4059729515612,https://exitocol.vteximg.com.br/arquivos/ids/29293110/Labial-CATRICE-Labial-10-ml-3729087_a.jpg,www.exito.com,
0021572,BALSAMO LABIAL CATRICEx3.5ml GLAM IN D 010,CATRICE,4059729515698,https://exitocol.vteximg.com.br/arquivos/ids/29293112/Labial-CATRICE-Labial-35-gr-3729088_a.jpg,www.exito.com,
0021576,BALSAMO LABIAL CATRICEx3g FINDING DO 20,CATRICE,4059729492654,https://exitocol.vteximg.com.br/arquivos/ids/26742478/Protector-Labial-CATRICE-Catrice-Finding-Dory-3-gr-3664730_a.jpg,www.exito.com verificada a ojo (EAN coincide pero es: Protector labial CATRICE buscando a Dory (3  gr)),
0021754,BRILLO LABIAL CATRICEx3.5ml PLUM IT 10,CATRICE,4059729515872,https://exitocol.vteximg.com.br/arquivos/ids/29293135/Labial-CATRICE-Labial-35-gr-3729096_a.jpg,www.exito.com verificada a ojo (EAN coincide pero es: Labial CATRICE volumen plump t rosado (3.5  gr)),
0021760,BRILLO CATRICEx4ml GLOSSIN GLOW T60,CATRICE,4059729489852,https://exitocol.vteximg.com.br/arquivos/ids/33381943/Brillo-CATRICE-BRILLO-OIL-CATR-GLOSSIN-4-ml-3635319_a.jpg,www.exito.com,
0021933,CORRECTOR CATRICEx2.3g UNDER EYE BRI NER SETTING 20,CATRICE,4059729514561,https://exitocol.vteximg.com.br/arquivos/ids/29293044/Polvo-CATRICE-Polvo-23-gr-3729053_a.jpg,www.exito.com,
0021934,CORRECTOR CATRICEx4.2g UNDER EYE BRI NER 20,CATRICE,4059729419095,https://exitocol.vteximg.com.br/arquivos/ids/29293016/Corrector-CATRICE-Corrector-42-gr-3729040_a.jpg,www.exito.com,
0022059,DELINEADOR CATRICEx0.45ml PLUMON SUP OOF 010,CATRICE,4059729514462,https://exitocol.vteximg.com.br/arquivos/ids/29293080/Delineador-CATRICE-Delineador-045-ml-3729074_a.jpg,www.exito.com verificada a ojo (EAN coincide pero es: Delineador CATRICE de ojos superwp negro (0.45  ml)),
0022060,DELINEADOR CATRICEx0.45ml PLUMON SUP OOF 020,CATRICE,4059729514479,https://exitocol.vteximg.com.br/arquivos/ids/29293083/Delineador-CATRICE-Delineador-045-ml-3729075_a.jpg,www.exito.com verificada a ojo (EAN coincide pero es: Delineador CATRICE superproof brush liner waterprof (0.45  ml)),
0022373,ILUMINADOR CATRICEx10ml MELTED SUN 0 RONZER LIQUIDO,CATRICE,4059729515070,https://exitocol.vteximg.com.br/arquivos/ids/29293030/Bronceador-CATRICE-Bronceador-9-ml-3729047_a.jpg,www.exito.com verificada a ojo (EAN coincide pero es: Bronceador CATRICE líquido (9  ml)),
0022374,ILUMINADOR CATRICEx10ml MELTED SUN 0 RONZER LIQUIDO,CATRICE,4059729515094,https://exitocol.vteximg.com.br/arquivos/ids/29293033/Bronceador-CATRICE-Bronceador-9-ml-3729048_a.jpg,www.exito.com,
0022375,ILUMINADOR CATRICEx9ml SOFT GLAM FIL 010 BARRA,CATRICE,4059729515254,https://exitocol.vteximg.com.br/arquivos/ids/29293036/Iluminador-CATRICE-Iluminador-9-gr-3729049_a.jpg,www.exito.com,
0022376,ILUMINADOR CATRICEx9ml SOFT GLAM FIL 020 BARRA,CATRICE,4059729515292,https://exitocol.vteximg.com.br/arquivos/ids/29293038/Iluminador-CATRICE-Iluminador-9-gr-3729050_a.jpg,www.exito.com,
0022523,LABIAL CATRICEx1.74g 010 LIP ARTIST,CATRICE,4059729515940,https://exitocol.vteximg.com.br/arquivos/ids/29293138/Labial-CATRICE-Labial-174-gr-3729097_a.jpg,www.exito.com,
0022524,LABIAL CATRICEx1.74g 020 LIP ARTIST,CATRICE,4059729515964,https://exitocol.vteximg.com.br/arquivos/ids/29293140/Labial-CATRICE-Labial-174-gr-3729098_a.jpg,www.exito.com,
0022525,LABIAL CATRICEx1.74g 030 LIP ARTIST,CATRICE,4059729515988,https://exitocol.vteximg.com.br/arquivos/ids/29293142/Labial-CATRICE-Labial-174-gr-3729099_a.jpg,www.exito.com,
0022526,LABIAL CATRICEx1.74g 040 LIP ARTIST,CATRICE,4059729516008,https://exitocol.vteximg.com.br/arquivos/ids/29293144/Labial-CATRICE-Labial-174-gr-3729100_a.jpg,www.exito.com,
0022531,LABIAL CATRICEx3g CARE COLOURS T20,CATRICE,4059729445391,https://exitocol.vteximg.com.br/arquivos/ids/33381997/Labial-CATRICE-LABIAL-CATR-CARE-IN-COLOURS-3-gr-3635304_a.jpg,www.exito.com,
0022533,LABIAL CATRICEx3g CARE COLOURS T40,CATRICE,4059729445438,https://exitocol.vteximg.com.br/arquivos/ids/33382018/Labial-CATRICE-LABIAL-CATR-CARE-IN-COLOURS-3-gr-3635306_a.jpg,www.exito.com,
0022534,LABIAL CATRICEx3g CARE COLOURS T50,CATRICE,4059729445452,https://exitocol.vteximg.com.br/arquivos/ids/27010065/Labial-CATRICE-LABIAL-CATR-CARE-IN-COLOURS-3-gr-3635307_a.jpg,www.exito.com,
0022535,LABIAL CATRICEx3g CARE COLOURS T60,CATRICE,4059729489937,https://exitocol.vteximg.com.br/arquivos/ids/33381994/Labial-CATRICE-LABIAL-CATR-CARE-IN-COLOURS-3-gr-3635321_a.jpg,www.exito.com,
0022843,PESTANINA CATRICEx10ml GLAM DOLL BRO,CATRICE,4059729514523,https://exitocol.vteximg.com.br/arquivos/ids/29293063/Pestanina-CATRICE-Pestanina-10-ml-3729067_a.jpg,www.exito.com verificada a ojo (EAN coincide pero es: Pestañina CATRICE volumen brown (10  ml)),
0022844,PESTANINA CATRICEx10ml GLAM DOLL PRI PREBASE,CATRICE,4059729514431,https://exitocol.vteximg.com.br/arquivos/ids/29293060/Pestanina-CATRICE-Pestanina-10-ml-3729066_a.jpg,www.exito.com,
0022928,POLVO CATRICEx10g SUELTO MAGIC SHINE,CATRICE,4059729515032,https://exitocol.vteximg.com.br/arquivos/ids/29293048/Polvo-CATRICE-Polvo-10-gr-3729055_a.jpg,www.exito.com verificada a ojo (EAN coincide pero es: Polvo CATRICE matificante (10  gr)),
0022988,PRIMER CATRICEx30ml GLAM IN GOLD 010,CATRICE,4059729514851,https://exitocol.vteximg.com.br/arquivos/ids/29293028/Primer-CATRICE-Primer-30-ml-3729046_a.jpg,www.exito.com verificada a ojo (EAN coincide pero es: Prebase CATRICE hidratante (30  ml)),
0023029,RUBOR CATRICEx5.9g BLUSHIN CHARM 010 RA,CATRICE,4059729514899,https://exitocol.vteximg.com.br/arquivos/ids/29293050/Rubor-CATRICE-Rubor-55-gr-3729056_a.jpg,www.exito.com,
0023030,RUBOR CATRICEx5.9g BLUSHIN CHARM 030 RA,CATRICE,4059729514974,https://exitocol.vteximg.com.br/arquivos/ids/29293054/Rubor-CATRICE-Rubor-55-gr-3729058_a.jpg,www.exito.com,
0023031,RUBOR CATRICEx5.9g BLUSHIN CHARM 040 RA,CATRICE,4059729515018,,EAN de la hoja corresponde a otro producto,
0023032,RUBOR CATRICEx5.9g BLUSHIN CHARM 050 RA,CATRICE,4059729514950,https://exitocol.vteximg.com.br/arquivos/ids/29293052/Rubor-CATRICE-Rubor-55-gr-3729057_a.jpg,www.exito.com verificada a ojo (EAN coincide pero es: Rubor CATRICE multiusos (5.5  gr)),
0023137,SERUM FACIAL CATRICEx15ml CAFEINE KI CONTORNO DE OJOS,CATRICE,4059729444523,https://exitocol.vteximg.com.br/arquivos/ids/33381959/Serum-CATRICE-SERUM-UNDER-EYE-CATR-15-ml-3635302_a.jpg,www.exito.com,
0023274,SOMBRA CATRICEx4.2g PALETA TINY TREA S 010,CATRICE,4059729514684,https://exitocol.vteximg.com.br/arquivos/ids/29293068/Sombras-CATRICE-Sombras-42-gr-3729069_a.jpg,www.exito.com verificada a ojo (EAN coincide pero es: Sombras CATRICE the coral nude (4.2  gr)),
0023275,SOMBRA CATRICEx4.2g PALETA TINY TREA S 020,CATRICE,4059729514707,https://exitocol.vteximg.com.br/arquivos/ids/29293070/Sombras-CATRICE-Sombras-42-gr-3729070_a.jpg,www.exito.com,
0023276,SOMBRA CATRICEx4.2g PALETA TINY TREA S 030,CATRICE,4059729514721,https://exitocol.vteximg.com.br/arquivos/ids/29293072/Sombras-CATRICE-Sombras-42-gr-3729071_a.jpg,www.exito.com,
0023377,TINTA LABIOS CATRICEx4g GLOSSIN GLOW,CATRICE,4059729515438,https://exitocol.vteximg.com.br/arquivos/ids/29293093/Brillo-Labial-CATRICE-Brillo-Labial-4-ml-3729079_a.jpg,www.exito.com,
0023562,TRATAMIENTO CEJAS CATRICEx9ml CAFFEINE KIC,CATRICE,4059729487902,https://exitocol.vteximg.com.br/arquivos/ids/33382078/Serum-CATRICE-SERUM-CEJ-Y-PEST-CATR-CAFEI-9-ml-3635309_a.jpg,www.exito.com verificada a ojo (EAN coincide pero es: Serum CATRICE SERUM. CEJ Y PEST. CATR. CAFEI (9  ml)),
0025335,LABIAL CATRICEx4.5gml ENDLESS MATE TONO 10 LIQUIDO,CATRICE,4059729489562,https://exitocol.vteximg.com.br/arquivos/ids/32449133/Labial-CATRICE-Liquido-45-ml-3810184_a.jpg,www.exito.com,
0025336,LABIAL CATRICEx4.5gml ENDLESS MATE TONO 50 LIQUIDO,CATRICE,4059729489647,https://exitocol.vteximg.com.br/arquivos/ids/32449135/Labial-CATRICE-Liquido-Mate-Kiss-Me-050-45-ml-3810185_a.jpg,www.exito.com,
0025337,LABIAL CATRICEx4.5gml ENDLESS MATE TONO 60 LIQUIDO,CATRICE,4059729489661,https://exitocol.vteximg.com.br/arquivos/ids/32449137/Labial-CATRICE-Liquido-Mate-Red-Flag-060-45-ml-3810186_a.jpg,www.exito.com,
0025338,LABIAL CATRICEx4.5gml ENDLESS MATE TONO 90 LIQUIDO,CATRICE,4059729489722,https://exitocol.vteximg.com.br/arquivos/ids/32449139/Labial-CATRICE-Liquido-Mate-Broken-Hearts-45-ml-3810187_a.jpg,www.exito.com,
0025340,RUBOR CATRICEx5.6g  SOFT GLAM 10,CATRICE,4059729540935,https://exitocol.vteximg.com.br/arquivos/ids/32449016/Rubor-CATRICE-Soft-Glaw-56-gr-3810175_a.jpg,www.exito.com,
0025341,RUBOR CATRICEx5.6g  SOFT GLAM 20,CATRICE,4059729540959,https://exitocol.vteximg.com.br/arquivos/ids/32449019/Rubor-CATRICE-Soft-Glam-020-56-gr-3810176_a.jpg,www.exito.com,
0025343,BRILLO LABIAL CATRICEx1.6g DIAMOND GLAZE 10,CATRICE,4059729541048,https://exitocol.vteximg.com.br/arquivos/ids/32449144/Brillo-CATRICE-Barra-Diamond-Glaze-010-16-gr-3810189_a.jpg,www.exito.com,
0025344,BRILLO LABIAL CATRICEx1.6g DIAMOND GLAZE 20,CATRICE,4059729541062,https://exitocol.vteximg.com.br/arquivos/ids/32449146/Brillo-CATRICE-Barra-Diamond-Glaze-020-16-gr-3810190_a.jpg,www.exito.com,
0025345,BRILLO LABIAL CATRICEx1.6g DIAMOND GLAZE 30,CATRICE,4059729541086,https://exitocol.vteximg.com.br/arquivos/ids/32449148/Brillo-CATRICE-Barra-Diamond-Glaze-030-16-gr-3810191_a.jpg,www.exito.com,
0025346,BRILLO LABIAL CATRICEx2.5ml GLOSS OBSES 10,CATRICE,4059729541284,https://exitocol.vteximg.com.br/arquivos/ids/32449162/Brillo-CATRICE-Gloss-Obsessed-25-ml-3810196_a.jpg,www.exito.com,
0025347,BRILLO LABIAL CATRICEx2.5ml GLOSS OBSES 20,CATRICE,4059729541307,https://exitocol.vteximg.com.br/arquivos/ids/32449165/Brillo-CATRICE-Gloss-Obsessed-020-25-ml-3810197_a.jpg,www.exito.com,
0025348,BRILLO LABIAL CATRICEx2.5ml GLOSS OBSES 40,CATRICE,4059729541345,https://exitocol.vteximg.com.br/arquivos/ids/32449168/Labial-CATRICE-Gloss-Osessed-040-25-ml-3810198_a.jpg,www.exito.com,
0025349,BRILLO LABIAL CATRICEx2.5ml GLOSS OBSES 50,CATRICE,4059729541369,https://exitocol.vteximg.com.br/arquivos/ids/32449171/Brillo-CATRICE-Gloss-Obsessed-050-25-ml-3810199_a.jpg,www.exito.com,
0025350,BRILLO LABIAL CATRICEx1.8ml COLOUR CUSHI/10,CATRICE,4059729541383,https://exitocol.vteximg.com.br/arquivos/ids/32449174/Brillo-CATRICE-Colour-Cushion-010-18-ml-3810200_a.jpg,www.exito.com,
0025351,BRILLO LABIAL CATRICEx1.8ml COLOUR CUSHI/20,CATRICE,4059729541406,https://exitocol.vteximg.com.br/arquivos/ids/32449177/Brillo-CATRICE-Colour-Cushion-020-18-ml-3810201_a.jpg,www.exito.com,
0025352,BRILLO LABIAL CATRICEx1.8ml COLOUR CUSHI/30,CATRICE,4059729541420,https://exitocol.vteximg.com.br/arquivos/ids/32449180/Brillo-CATRICE-Colour-Cushion-030-18-ml-3810202_a.jpg,www.exito.com,
0025353,BRILLO LABIAL CATRICEx1.8ml COLOUR CUSHI/50,CATRICE,4059729541468,https://exitocol.vteximg.com.br/arquivos/ids/32449183/Brillo-CATRICE-Colour-Cushion-050-18Ml-18-ml-3810203_a.jpg,www.exito.com,
0025354,BRILLO LABIAL CATRICEx1.6g DIAMONG GLAZE 50,CATRICE,4059729541482,https://exitocol.vteximg.com.br/arquivos/ids/32449186/Brillo-CATRICE-Barra-Diamong-Glaze-050-16G-16-gr-3810204_a.jpg,www.exito.com,
0025355,LABIAL CATRICEx2.8ml PILOW LIKE MATE 10,CATRICE,4059729541123,https://exitocol.vteximg.com.br/arquivos/ids/32449150/Labial-CATRICE-Matte-Pillow-Like-010-28-ml-3810192_a.jpg,www.exito.com,
0025356,LABIAL CATRICEx2.8ml PILOW LIKE MATE 20,CATRICE,4059729541147,https://exitocol.vteximg.com.br/arquivos/ids/32449153/Labial-CATRICE-Matte-Pilow-Like-020-2-ml-3810193_a.jpg,www.exito.com,
0025357,LABIAL CATRICEx2.8ml PILOW LIKE MATE 30,CATRICE,4059729541161,https://exitocol.vteximg.com.br/arquivos/ids/32449156/Labial-CATRICE-Matte-Pilow-Like-030-28-ml-3810194_a.jpg,www.exito.com,
0025358,LABIAL CATRICEx2.8ml PILOW LIKE MATE 60,CATRICE,4059729541222,https://exitocol.vteximg.com.br/arquivos/ids/32449159/Labial-CATRICE-Matte-Pilow-Like-060-28-ml-3810195_a.jpg,www.exito.com,
0025359,LABIAL CATRICEx2.8ml PILOW LIKE MATE 60,CATRICE,4059729541529,,EAN de la hoja corresponde a otro producto,
0025360,PESTANINA CATRICEx12ml CAFÉ ALLROUND 20,CATRICE,4059729514769,https://exitocol.vteximg.com.br/arquivos/ids/32449077/Pestanina-CATRICE-Liquida-A-Prueba-De-Agua-12-ml-3810177_a.jpg,www.exito.com verificada a ojo (EAN coincide pero es: Pestañina CATRICE extra volumen a prueba de agua (12  ml)),
0025361,PESTANINA CATRICEx11ml TUBING STAY 10,CATRICE,4059729539830,https://exitocol.vteximg.com.br/arquivos/ids/32449080/Pestanina-CATRICE-Permanente-10-ml-3810178_a.jpg,www.exito.com,
0025362,PESTANINA CATRICEx11ml HYPER LASH WP,CATRICE,4059729539847,https://exitocol.vteximg.com.br/arquivos/ids/32449083/Pestanina-CATRICE-A-Prueba-De-Agua-11-ml-3810179_a.jpg,www.exito.com,
0025364,PESTANINA CATRICEx11ml BURGUNDY HYPER LASH,CATRICE,4059729540034,https://exitocol.vteximg.com.br/arquivos/ids/32449089/Pestanina-CATRICE-Hyper-Lash-11-ml-3810181_a.jpg,www.exito.com,
0025365,DELINEADOR CATRICEx0.78g KOHL KAJAL,CATRICE,4059729514790,https://exitocol.vteximg.com.br/arquivos/ids/32449092/Delineador-CATRICE-A-Prueba-De-Agua-078-gr-3810182_a.jpg,www.exito.com,
0025366,ILUMINADOR CATRICEx10ml OJERAS LIQ 10,CATRICE,4059729539854,https://exitocol.vteximg.com.br/arquivos/ids/32448994/Iluminador-CATRICE-Liquido-Blush-Affair-8-ml-3810166_a.jpg,www.exito.com verificada a ojo (EAN coincide pero es: Iluminador CATRICE líquido para contorno de ojos 010 (8  ml)),
0025367,ILUMINADOR CATRICEx10ml OJERAS LIQ 20,CATRICE,4059729539878,https://exitocol.vteximg.com.br/arquivos/ids/32448996/Iluminador-CATRICE-Liquido-Under-Eye-10-ml-3810167_a.jpg,www.exito.com verificada a ojo (EAN coincide pero es: Iluminador CATRICE líquido para contorno de ojos nude (10  ml)),
0025368,ILUMINADOR CATRICEx4.5g CREMA AURA GLAM,CATRICE,4059729547279,https://exitocol.vteximg.com.br/arquivos/ids/32449000/Iluminador-CATRICE-Crema-Aura-Glam-45-gr-3810169_a.jpg,www.exito.com,
0025369,SERUM FACACIAL CATRICEx28ml  ONE LAZY DAY,CATRICE,4059729515117,https://i8.amplience.net/i/Cosnova/5372654,busqueda web (exacta),https://www.catrice.eu/en-de/p/951511/lazy-day-all-in-one-serum
0025370,FIJADOR MAQUILLAJE CATRICEx55ml BLEND BOND SPRAY,CATRICE,4059729540430,https://exitocol.vteximg.com.br/arquivos/ids/34908118/Fijador-CATRICE-Spray-BlendBond-54-ml-3810168_a.jpg,www.exito.com,
0025371,RUBOR CATRICEx6g BLUR BALM PALETA,CATRICE,4059729540584,https://exitocol.vteximg.com.br/arquivos/ids/32449014/Rubor-CATRICE-Paleta-Blur-Balm-6-gr-3810174_a.jpg,www.exito.com,
0025372,POLVO CATRICEx8g  SOFT BLUR 20 MATE,CATRICE,4059729540614,https://exitocol.vteximg.com.br/arquivos/ids/32449003/Polvo-CATRICE-Matte-Soft-Blur-8-gr-3810170_a.jpg,www.exito.com,
0025373,POLVO CATRICEx8g  SOFT BLUR 30 MATE,CATRICE,4059729540621,https://exitocol.vteximg.com.br/arquivos/ids/32449006/Polvo-CATRICE-Matte-Soft-Blur-5-gr-3810171_a.jpg,www.exito.com,
0025374,POLVO CATRICEx10g  BLUR PERFECT WP,CATRICE,4059729540645,https://exitocol.vteximg.com.br/arquivos/ids/32449009/Polvo-CATRICE-Matifica-Blur-Perfect-Wp-10-gr-3810172_a.jpg,www.exito.com,
0025375,SERUM FACACIAL CATRICEx30ml VITAMINA C FRESH,CATRICE,4059729540911,https://amarket.com.bo/cdn/shop/files/4059729540911_1200x1200.jpg?v=1790227363,busqueda web (exacta),https://amarket.com.bo/products/4059729540911
0020108,CEPILLO CECILIAxund 5183 ESQUELETO RECTANGULAR,CECILIA,7708500236334,,no encontrada,
0018535,MASCARILLA FACIAL CETTUAx26g LIMPIEZA DE POROS,CETTUA,8809496773519,https://locatelcolombia.vteximg.com.br/arquivos/ids/348249/8809496773519_1_8809496773519.jpg,www.locatelcolombia.com,
0016358,TONICO CAPILAR COSMENATURALx60ml CABELLO Y BARBA,COSMENATURAL,7709402689228,https://locatelcolombia.vteximg.com.br/arquivos/ids/278196/7709402689228_1_LOCION-CAPILAR-COSMENATURAL-CABELLO-BARBA-X-60ML.jpg,www.locatelcolombia.com,
0016359,TONICO CAPILAR COSMENATURAL CABELLO Y BARBA,COSMENATURAL,7707981827130,https://locatelcolombia.vteximg.com.br/arquivos/ids/278191/7707981827130_1_LOCION-CAPILAR-COSMENATURAL-CABELLO-BARBA-X-120ML.jpg,www.locatelcolombia.com,
0017867,SERUM CAPILAR CREME OF NATUREx88.7ml ARGAN,CREME OF NATURE,75724251984,https://exitocol.vteximg.com.br/arquivos/ids/21345599/tratamiento-con-aceite-887ml-1028572050.jpg,"www.exito.com verificada a ojo (EAN coincide pero es: Tratamiento con aceite 88,7mL)",
0020088,CREMA PEINAR CREME OF NATUREx310ml ACTIV,CREME OF NATURE,75724473188,https://exitocol.vteximg.com.br/arquivos/ids/21345563/crema-de-la-naturaleza-miel-pura-activador-de-rizos-hidrata-y-protege-310ml-1028572040.jpg,"www.exito.com verificada a ojo (EAN coincide pero es: Crema de la naturaleza, Miel Pura, Activador de Rizos, hidrata y protege, 310ml)",
0022011,CREMA PARA PEINAR CREME OF NATUREx326g TW NG CREAM,CREME OF NATURE,75724428072,https://www.shopmamatega.com/cdn/shop/products/075724428072_1200x1200.png?v=1702108930,busqueda web (exacta),https://shopmamatega.com/products/075724428072
0005632,LAPIZ DAPHNEx0.3g PRACTIMAX BLACK,DAPHNE,7702234127715,https://exitocol.vteximg.com.br/arquivos/ids/26904681/Delineador-Practimax-DAPHNE-3-ml-955636_a.jpg,www.exito.com verificada a ojo (EAN coincide pero es: Delineador DAPHNE  (3  ml)),
0005635,LAPIZ CEJAS DAPHNEx1.3g CAFE FOLIE,DAPHNE,7702234124110,https://exitocol.vteximg.com.br/arquivos/ids/32666954/LAPIZ-CEJAS-DAPHNE-13-gr-890530_a.jpg,www.exito.com,
0007973,DELINEADOR DAPHNEx3ml PLUMON NEGRO,DAPHNE,7702234127562,https://exitocol.vteximg.com.br/arquivos/ids/26994235/DELINEADOR-EYE-FIX-DAPHNE-3-Mililitro-627662_a.jpg,www.exito.com verificada a ojo (EAN coincide pero es: delineador DAPHNE  (3  ml)),
0009879,CORRECTOR DAPHNEx8g BARRA MEDIUM CONTORNO,DAPHNE,7702234136120,https://exitocol.vteximg.com.br/arquivos/ids/26900589/MAGIC-CONTORNO-DUO-DAPHNE-8-Gramos-1516310_a.jpg,www.exito.com verificada a ojo (EAN coincide pero es: Pestañina DAPHNE  (8  gr)),
0010913,BASE DAPHNEx50g TROPICAL SUN,DAPHNE,7702234138032,https://exitocol.vteximg.com.br/arquivos/ids/26994222/BASE-FLUIDA-301197_a.jpg,www.exito.com verificada a ojo (EAN coincide pero es: Base DAPHNE  (50  gr)),
0010916,BASE DAPHNEx50g AURORA,DAPHNE,7702234138056,https://exitocol.vteximg.com.br/arquivos/ids/26994223/BASE-FLUIDA-301245_a.jpg,www.exito.com verificada a ojo (EAN coincide pero es: Base DAPHNE  (50  gr)),
0010918,BASE DAPHNEx50g MIEL,DAPHNE,7702234138070,https://exitocol.vteximg.com.br/arquivos/ids/26994228/BASE-FLUIDA-941517_a.jpg,www.exito.com verificada a ojo (EAN coincide pero es: Base DAPHNE  (50  gr)),
0010919,BASE DAPHNEx50g CANELA,DAPHNE,7702234138087,https://exitocol.vteximg.com.br/arquivos/ids/26994216/BASE-FLUIDA-184546_a.jpg,www.exito.com verificada a ojo (EAN coincide pero es: Base DAPHNE  (50  gr)),
0010921,BASE DAPHNEx50g OLIVE,DAPHNE,7702234138063,https://exitocol.vteximg.com.br/arquivos/ids/26994219/BASE-FLUIDA-301343_a.jpg,www.exito.com verificada a ojo (EAN coincide pero es: Base DAPHNE  (50  gr)),
0010922,BASE DAPHNEx50g CARAMELO,DAPHNE,7702234138094,https://exitocol.vteximg.com.br/arquivos/ids/26994227/BASE-FLUIDA-1516047_a.jpg,www.exito.com verificada a ojo (EAN coincide pero es: Base DAPHNE  (50  gr)),
0010924,BASE DAPHNEx50g COCOA,DAPHNE,7702234138117,https://exitocol.vteximg.com.br/arquivos/ids/26994221/BASE-FLUIDA-1516049_a.jpg,www.exito.com verificada a ojo (EAN coincide pero es: Base DAPHNE  (50  gr)),
0010929,CORRECTOR DAPHNEx8g BARRA LIGHT CONTORNO,DAPHNE,7702234136113,https://exitocol.vteximg.com.br/arquivos/ids/26900588/MAGIC-CONTORNO-DUO-DAPHNE-8-Gramos-1516309_a.jpg,www.exito.com verificada a ojo (EAN coincide pero es: Pestañina DAPHNE  (8  gr)),
0010930,CORRECTOR CATRICEx6g 010 PALETA ALLROUND,DAPHNE,7702234136137,,EAN de la hoja corresponde a otro producto,
0010931,CORRECTOR DAPHNEx8g BARRA LYRA CONTORNO,DAPHNE,7702234136229,https://exitocol.vteximg.com.br/arquivos/ids/26900591/MAGIC-STROBING-DUO-DAPHNE-8-Gramos-1516366_a.jpg,www.exito.com verificada a ojo (EAN coincide pero es: Pestañina DAPHNE  (8  gr)),
0010932,DELINEADOR DAPHNEx7g MARFIL A7P,DAPHNE,7702234127630,https://exitocol.vteximg.com.br/arquivos/ids/26903850/DELINEADOR-OJOS-DAPHNE-7-Gramo-206933_a.jpg,www.exito.com verificada a ojo (EAN coincide pero es: delineador DAPHNE  (7  gr)),
0010933,LABIAL DAPHNEx2.5g LARGA DURACION BERRY RED,DAPHNE,7702234142220,https://exitocol.vteximg.com.br/arquivos/ids/26903015/LABIAL-ALTA-DURACION-DAPHNE-2500-Gramos-1150377_a.jpg,www.exito.com verificada a ojo (EAN coincide pero es: labial DAPHNE  (2.5  gr)),
0010934,LABIAL DAPHNEx2.5g LARGA DURACION NUDE PINK,DAPHNE,7702234142244,https://exitocol.vteximg.com.br/arquivos/ids/26903019/LABIAL-ALTA-DURACION-DAPHNE-2500-Gramos-1150379_a.jpg,www.exito.com verificada a ojo (EAN coincide pero es: labial DAPHNE  (2.5  gr)),
0010935,LABIAL DAPHNEx2.5g LARGA DURACION NUDE PURPLE,DAPHNE,7702234142251,https://exitocol.vteximg.com.br/arquivos/ids/26903025/LABIAL-ALTA-DURACION-DAPHNE-2500-Gramos-1150380_a.jpg,www.exito.com verificada a ojo (EAN coincide pero es: labial DAPHNE  (2.5  gr)),
0010936,LABIAL DAPHNEx2.5g LARGA DURACION NUDE MOKA,DAPHNE,7702234142268,https://exitocol.vteximg.com.br/arquivos/ids/26903014/LABIAL-ALTA-DURACION-DAPHNE-2500-Gramos-1150381_a.jpg,www.exito.com verificada a ojo (EAN coincide pero es: labial DAPHNE  (2.5  gr)),
0010937,LABIAL DAPHNEx2.5g LARGA DURACION RED CARPET,DAPHNE,7702234142282,https://exitocol.vteximg.com.br/arquivos/ids/26903016/LABIAL-ALTA-DURACION-DAPHNE-2500-Gramos-1513546_a.jpg,www.exito.com verificada a ojo (EAN coincide pero es: labial DAPHNE  (2.5  gr)),
0010938,LAPIZ CEJAS DAPHNEx1.3g CAFE MAHOGANY,DAPHNE,7702234124127,https://exitocol.vteximg.com.br/arquivos/ids/32666955/LAPIZ-CEJAS-DAPHNE-13-gr-900819_a.jpg,www.exito.com,
0010939,LABIAL DAPHNEx2.5g LARGA DURACION PINK TOUCH,DAPHNE,7702234142336,https://exitocol.vteximg.com.br/arquivos/ids/26903017/LABIAL-ALTA-DURACION-DAPHNE-2500-Gramos-1513600_a.jpg,www.exito.com verificada a ojo (EAN coincide pero es: labial DAPHNE  (2.5  gr)),
0010941,LABIAL DAPHNEx2.5g LARGA DURACION NUDE CINAMON,DAPHNE,7702234142305,https://exitocol.vteximg.com.br/arquivos/ids/26903013/LABIAL-ALTA-DURACION-DAPHNE-2500-Gramos-1513548_a.jpg,www.exito.com verificada a ojo (EAN coincide pero es: labial DAPHNE  (2.5  gr)),
0010942,LABIAL DAPHNEx2.5g LARGA DURACION BURGUNDY,DAPHNE,7702234142350,https://exitocol.vteximg.com.br/arquivos/ids/26903021/LABIAL-ALTA-DURACION-DAPHNE-2500-Gramos-1513602_a.jpg,www.exito.com verificada a ojo (EAN coincide pero es: labial DAPHNE  (2.5  gr)),
0010944,LABIAL DAPHNEx2.5g LARGA DURACION PINK BLOSS,DAPHNE,7702234142312,https://exitocol.vteximg.com.br/arquivos/ids/26903011/LABIAL-ALTA-DURACION-DAPHNE-2500-Gramos-1513598_a.jpg,www.exito.com verificada a ojo (EAN coincide pero es: labial DAPHNE  (2.5  gr)),
0010947,LAPIZ LABIAL DAPHNEx1.3g FOXY,DAPHNE,7702234143050,https://exitocol.vteximg.com.br/arquivos/ids/32665037/LAPIZ-LABIOS-851717_a.jpg,www.exito.com,
0010955,LABIAL DAPHNEx4g ROMANTICA,DAPHNE,7702234149243,https://cdn.shopify.com/s/files/1/0819/6558/0523/files/labial_moisture_con_filtro_solar.webp?v=1777305401,busqueda web REVISAR (foto genérica de la línea/otra presentación),https://daphnecosmetics.com/products/labial-moisture-con-filtro-solar
0010959,LABIAL LIQUIDO DAPHNEx6ml WET DOLL PINK,DAPHNE,7702234146624,https://exitocol.vteximg.com.br/arquivos/ids/27367036/LABIAL-LIQUIDO-1654091_a.jpg,www.exito.com,
0010960,LABIAL LIQUIDO DAPHNEx6ml WET CRYSTAL PINK,DAPHNE,7702234146631,https://exitocol.vteximg.com.br/arquivos/ids/27367031/LABIAL-LIQUIDO-1654092_a.jpg,www.exito.com,
0010962,LABIAL LIQUIDO DAPHNEx6ml WET NATURELLE,DAPHNE,7702234146648,https://exitocol.vteximg.com.br/arquivos/ids/27367030/LABIAL-LIQUIDO-1654093_a.jpg,www.exito.com,
0010991,SOMBRA DAPHNEx3.5g KAKY,DAPHNE,7702234127050,https://exitocol.vteximg.com.br/arquivos/ids/26902074/SOMBRA-INDIVIDUAL-DAPHNE-35-gr-627566_a.jpg,www.exito.com verificada a ojo (EAN coincide pero es: SOMBRA DAPHNE  (3.5  gr)),
0010992,SOMBRA DAPHNEx3.5g BURN BEIGE,DAPHNE,7702234127128,https://exitocol.vteximg.com.br/arquivos/ids/26902073/SOMBRA-INDIVIDUAL-DAPHNE-35-gr-855046_a.jpg,www.exito.com verificada a ojo (EAN coincide pero es: SOMBRA DAPHNE  (3.5  gr)),
0010993,SOMBRA DAPHNEx3.5g NUDE,DAPHNE,7702234127005,https://exitocol.vteximg.com.br/arquivos/ids/26902072/SOMBRA-INDIVIDUAL-DAPHNE-35-gr-627527_a.jpg,www.exito.com verificada a ojo (EAN coincide pero es: SOMBRA DAPHNE  (3.5  gr)),
0011240,LABIAL DAPHNEx4g PASION FUSCIA,DAPHNE,7702234149915,https://exitocol.vteximg.com.br/arquivos/ids/26988386/LABIAL-FILTRO-SOLAR-330902_a.jpg,www.exito.com verificada a ojo (EAN coincide pero es: Labial DAPHNE  (5  ml)),
0011252,LABIAL DAPHNEx4g CHIC RED,DAPHNE,7702234149922,https://exitocol.vteximg.com.br/arquivos/ids/26988375/LABIAL-FILTRO-SOLAR-330986_a.jpg,www.exito.com verificada a ojo (EAN coincide pero es: Labial DAPHNE  (5  ml)),
0011253,LABIAL DAPHNEx4g EXTROVERTIDA,DAPHNE,7702234149229,https://cdn.shopify.com/s/files/1/0819/6558/0523/files/labial_moisture_con_filtro_solar.webp?v=1777305401,busqueda web REVISAR (foto genérica de la línea/otra presentación),https://daphnecosmetics.com/products/labial-moisture-con-filtro-solar
0011254,LABIAL DAPHNEx4g SEXY CORAL,DAPHNE,7702234149106,https://cdn.shopify.com/s/files/1/0819/6558/0523/files/labial_moisture_con_filtro_solar.webp?v=1777305401,busqueda web REVISAR (foto genérica de la línea/otra presentación),https://daphnecosmetics.com/products/labial-moisture-con-filtro-solar
0011259,LABIAL DAPHNEx4g GLAMUROSA,DAPHNE,7702234149236,https://cdn.shopify.com/s/files/1/0819/6558/0523/files/labial_moisture_con_filtro_solar.webp?v=1777305401,busqueda web REVISAR (foto genérica de la línea/otra presentación),https://daphnecosmetics.com/products/labial-moisture-con-filtro-solar
0011260,LABIAL DAPHNEx4g SEDUCTORA,DAPHNE,7702234149199,https://cdn.shopify.com/s/files/1/0819/6558/0523/files/labial_moisture_con_filtro_solar.webp?v=1777305401,busqueda web REVISAR (foto genérica de la línea/otra presentación),https://daphnecosmetics.com/products/labial-moisture-con-filtro-solar
0014270,LABIAL DAPHNEx4g MISTY ROSE,DAPHNE,7702234149434,https://exitocol.vteximg.com.br/arquivos/ids/26988380/LABIAL-FILTRO-SOLAR-200920_a.jpg,www.exito.com verificada a ojo (EAN coincide pero es: Labial DAPHNE  (5  ml)),
0008534,ACONDICIONADOR DERMANATx400ml BIOTINA Y KERATINA,DERMANAT,7707223201025,https://cdn.shopify.com/s/files/1/0767/4393/4245/files/Acondicionador_con_biotina_y_keratina.png?v=1738169094,busqueda web (exacta),https://labdermanat.com/products/acondicionador-con-biotina-y-keratina
0008799,MASCARILLA CAPILAR DERMANATx300ml BIOTINA KERATINA,DERMANAT,7707223200912,https://cdn.shopify.com/s/files/1/0767/4393/4245/files/Tratamiento_capilar_con_biotina_y_keratina.png?v=1738179977,busqueda web (exacta),https://labdermanat.com/products/tratamiento-capilar-con-biotina-y-keratina
0009065,BALSAMO CORPORAL DERMANATx60g CANNABIS UNGÜENTO,DERMANAT,7707223201445,https://cdn.shopify.com/s/files/1/0767/4393/4245/files/Balsamo_con_CBD.jpg?v=1738169585,busqueda web (exacta),https://labdermanat.com/products/balsamo-con-cbd
0009204,TONICO CAPILAR DERMANATx250ml CON ROMERO Y QUINUA,DERMANAT,7707223201155,https://cdn.shopify.com/s/files/1/0767/4393/4245/files/Locion_capilar_con_romero_y_quina.png?v=1738174637,busqueda web (exacta),https://labdermanat.com/products/locion-capilar-con-romero-y-quina
0009742,CREMA CORPORAL DERMANATx1000g COCO Y MANTECA DE KARITE,DERMANAT,7707223202961,https://cdn.shopify.com/s/files/1/0767/4393/4245/files/Crema_con_aceite_de_coco_y_manteca_de_karite.jpg?v=1738171315,busqueda web (exacta),https://labdermanat.com/products/crema-con-aceite-de-coco-y-manteca-de-karite
0010088,LIMPIADOR FACIAL DERMANATx120ml EXTRECTOS NATURALES,DERMANAT,760412930882,https://cdn.shopify.com/s/files/1/0767/4393/4245/files/NuevapresentacionGelLimpiador_1.png?v=1789664995,busqueda web (exacta),https://labdermanat.com/products/gel-limpiador-con-acido-hialuronico
0021216,CREMA FAC DERMANATx15ml VITAMINA C + PEPTIDOS GEL CONTORNO,DERMANAT,7709435362327,https://pasteurio.vteximg.com.br/arquivos/ids/204989/gel-contorno-de-ojos-dermanat-tubo-15-ml.jpg,www.farmaciaspasteur.com.co,
0021997,CREMA FACIAL DERMANATx50ml R/MOSQUET,DERMANAT,7709049700560,https://pasteurio.vteximg.com.br/arquivos/ids/204998/crema-con-aceite-de-rosa-mosqueta-dermanat-pote-50-ml.jpg,www.farmaciaspasteur.com.co,
0022752,MASCARILLA FACIAL DERMANATx50ml ARCI,DERMANAT,7709435362396,https://cdn.shopify.com/s/files/1/0767/4393/4245/files/Clay_mask.png?v=1738170581,busqueda web (exacta),https://labdermanat.com/products/clay-mask-mascarilla-de-arcilla-purificante-copy
0006777,CREMA FACIAL DHEMSx40ml HIDRATANTE SPF 30 DOBLE ACCION,DHEMS,7707208453364,https://exitocol.vteximg.com.br/arquivos/ids/35006399/Hidratante-Facial-Doble-Accion-X-40-ml-277061_a.jpg,www.exito.com,
0015146,ESMALTE DIANA NAILSx10ml SEMI,DIANA NAILS,SEMIDL374,https://www.diananailsymas.com/wp-content/uploads/2022/07/DL374-1.jpg,busqueda web (exacta),https://www.diananailsymas.com/unas/esmaltes/esmalte-diana-nails-10ml-374/
0015147,ESMALTE DIANA NAILSx10ml SEMI,DIANA NAILS,SEMIDL610,https://www.diananailsymas.com/wp-content/uploads/2022/08/DL610-2.jpg,busqueda web (exacta),https://www.diananailsymas.com/unas/esmaltes/esmalte-10ml-610/
0015149,ESMALTE DIANA NAILSx10ml SEMI,DIANA NAILS,SEMIDL464,,no encontrada,
0015150,ESMALTE DIANA NAILSx10ml SEMI,DIANA NAILS,SEMIDL494,https://www.diananailsymas.com/wp-content/uploads/2022/08/DL494.jpg,busqueda web (exacta),https://www.diananailsymas.com/unas/esmaltes/esmalte-10ml-494/
0015151,ESMALTE DIANA NAILSx10ml SEMI DL473,DIANA NAILS,SEMIDL473,https://www.diananailsymas.com/wp-content/uploads/2022/07/DL473-1.jpg,busqueda web (exacta),https://www.diananailsymas.com/unas/esmaltes/esmalte-10ml-473/
0015152,ESMALTE DIANA NAILSx10ml SEMI DL498,DIANA NAILS,SEMIDL498,https://www.diananailsymas.com/wp-content/uploads/2022/08/DL498.jpg,busqueda web (exacta),https://www.diananailsymas.com/unas/esmaltes/esmalte-10ml-498/
0015153,ESMALTE DIANA NAILSx10ml SEMI,DIANA NAILS,SEMIDL490,https://www.diananailsymas.com/wp-content/uploads/2022/08/DL490-2.jpg,busqueda web (exacta),https://www.diananailsymas.com/unas/esmaltes/esmalte-10ml-490/
0015154,ESMALTE DIANA NAILSx10ml SEMI DL457,DIANA NAILS,SEMIDL457,https://www.diananailsymas.com/wp-content/uploads/2022/07/DL457.jpg,busqueda web (exacta),https://www.diananailsymas.com/unas/esmaltes/esmalte-diana-nails-10ml-457/
0015156,ESMALTE DIANA NAILSx10ml SEMI,DIANA NAILS,SEMIDL885,https://www.diananailsymas.com/wp-content/uploads/2022/08/DL885-NUEVO-COLOR.jpg,busqueda web (exacta),https://www.diananailsymas.com/unas/esmaltes/esmalte-10ml-885/
0015157,ESMALTE DIANA NAILSx10ml SEMI,DIANA NAILS,SEMIDL577,https://www.diananailsymas.com/wp-content/uploads/2022/08/DL577.jpg,busqueda web (exacta),https://www.diananailsymas.com/unas/esmaltes/esmalte-10ml-577/
0015160,ESMALTE DIANA NAILSx10ml SEMI DL605,DIANA NAILS,SEMIDL655,https://www.diananailsymas.com/wp-content/uploads/2022/08/DL605-NUEVO-COLOR.jpg,busqueda web (exacta),https://www.diananailsymas.com/unas/esmaltes/esmalte-10ml-605/
0015161,ESMALTE DIANA NAILSx10ml SEMI,DIANA NAILS,SEMIDL886,https://www.diananailsymas.com/wp-content/uploads/2022/08/DL886-NUEVO-COLOR-1.jpg,busqueda web (exacta),https://www.diananailsymas.com/unas/esmaltes/esmalte-10ml-886/
0015165,ESMALTE DIANA NAILSx10ml SEMI DL887,DIANA NAILS,SEMIDL887,https://www.diananailsymas.com/wp-content/uploads/2022/08/DL887-2.jpg,busqueda web (exacta),https://www.diananailsymas.com/unas/esmaltes/esmalte-10ml-887/
0015166,ESMALTE DIANA NAILSx10ml SEMI DL888,DIANA NAILS,SEMIDL888,https://www.diananailsymas.com/wp-content/uploads/2022/08/DL888.jpg,busqueda web (exacta),https://www.diananailsymas.com/unas/esmaltes/esmalte-10ml-888/
0015167,ESMALTE DIANA NAILSx10ml SEMI,DIANA NAILS,SEMIDL889,https://www.diananailsymas.com/wp-content/uploads/2022/08/DL889.jpg,busqueda web (exacta),https://www.diananailsymas.com/unas/esmaltes/esmalte-10ml-889/
